<?xml version='1.0' encoding='utf-8'?>
<kml xmlns="http://www.opengis.net/kml/2.2">
<Document id="root_doc">
<Folder><name>Official_Planning_Suburbs</name>
  <Placemark id="Official_Planning_Suburbs.1">
	<name>HYDE PARK</name><description>5558424</description><styleUrl>#suburbStyle</styleUrl><Polygon><outerBoundaryIs><LinearRing><coordinates>18.585263,-34.030985 18.584345,-34.031102 18.583537,-34.031333 18.580644,-34.032588 18.581927,-34.03467 18.585066,-34.031688 18.585263,-34.030985</coordinates></LinearRing></outerBoundaryIs></Polygon>
  </Placemark>
  <Placemark id="Official_Planning_Suburbs.2">
	<name>SPRINGFIELD</name><description>5557843</description><styleUrl>#suburbStyle</styleUrl><Polygon><outerBoundaryIs><LinearRing><coordinates>18.605366,-33.839327 18.604879,-33.841969 18.602765,-33.850958 18.604818,-33.8505 18.607431,-33.851295 18.608356,-33.848893 18.606438,-33.847723 18.611109,-33.842226 18.612603,-33.842773 18.613463,-33.841423 18.608014,-33.840224 18.605366,-33.839327</coordinates></LinearRing></outerBoundaryIs></Polygon>
  </Placemark>
  <Placemark id="Official_Planning_Suburbs.3">
	<name>NIEUW MAASTRECHT-2</name><description>5557850</description><styleUrl>#suburbStyle</styleUrl><Polygon><outerBoundaryIs><LinearRing><coordinates>18.598448,-33.851892 18.602765,-33.850958 18.604422,-33.843877 18.595974,-33.844602 18.595891,-33.844823 18.594244,-33.845185 18.594085,-33.845619 18.597199,-33.850552 18.597414,-33.852121 18.598448,-33.851892</coordinates></LinearRing></outerBoundaryIs></Polygon>
  </Placemark>
  <Placemark id="Official_Planning_Suburbs.4">
	<name>CHARLESVILLE</name><description>5558090</description><styleUrl>#suburbStyle</styleUrl><Polygon><outerBoundaryIs><LinearRing><coordinates>18.566242,-33.956731 18.563311,-33.956498 18.562768,-33.961839 18.566514,-33.962977 18.568781,-33.963774 18.568942,-33.962398 18.568834,-33.961717 18.568639,-33.961301 18.566374,-33.957827 18.566243,-33.957241 18.566242,-33.956731</coordinates></LinearRing></outerBoundaryIs></Polygon>
  </Placemark>
  <Placemark id="Official_Planning_Suburbs.5">
	<name>WILDWOOD</name><description>5558425</description><styleUrl>#suburbStyle</styleUrl><Polygon><outerBoundaryIs><LinearRing><coordinates>18.580969,-34.03246 18.583247,-34.031438 18.583979,-34.031188 18.584686,-34.031044 18.585662,-34.030954 18.584906,-34.028884 18.578865,-34.030238 18.580644,-34.032588 18.580969,-34.03246</coordinates></LinearRing></outerBoundaryIs></Polygon>
  </Placemark>
  <Placemark id="Official_Planning_Suburbs.6">
	<name>MALIBU VILLAGE</name><description>5558137</description><styleUrl>#suburbStyle</styleUrl><Polygon><outerBoundaryIs><LinearRing><coordinates>18.691724,-34.007559 18.693958,-34.00458 18.69553,-34.001994 18.697217,-33.998545 18.697781,-33.99682 18.698379,-33.994511 18.696895,-33.993758 18.695693,-33.992493 18.693939,-33.989164 18.693533,-33.988645 18.692304,-33.987774 18.69177,-33.987516 18.690785,-33.987232 18.689827,-33.990811 18.688226,-33.99776 18.68816,-33.998494 18.688299,-33.999308 18.688672,-34.000229 18.691222,-34.005795 18.691724,-34.007559</coordinates></LinearRing></outerBoundaryIs></Polygon>
  </Placemark>
  <Placemark id="Official_Planning_Suburbs.7">
	<name>TUSCANY GLEN</name><description>5558136</description><styleUrl>#suburbStyle</styleUrl><Polygon><outerBoundaryIs><LinearRing><coordinates>18.70214,-34.00212 18.705424,-34.001469 18.70378,-33.99646 18.703838,-33.996374 18.703343,-33.995126 18.70106,-33.988164 18.700875,-33.986921 18.699458,-33.991618 18.698379,-33.994511 18.697781,-33.99682 18.697217,-33.998545 18.69553,-34.001994 18.697963,-34.002949 18.70115,-34.002317 18.701138,-34.002263 18.701785,-34.00213 18.701878,-34.002172 18.70214,-34.00212</coordinates></LinearRing></outerBoundaryIs></Polygon>
  </Placemark>
  <Placemark id="Official_Planning_Suburbs.8">
	<name>VICTORIA MXENGE</name><description>5558160</description><styleUrl>#suburbStyle</styleUrl><Polygon><outerBoundaryIs><LinearRing><coordinates>18.663561,-34.028112 18.661223,-34.021635 18.660624,-34.020198 18.659831,-34.019159 18.658947,-34.018424 18.657157,-34.017684 18.655535,-34.017398 18.655144,-34.017658 18.653107,-34.018662 18.65236,-34.019208 18.65185,-34.019932 18.651611,-34.020897 18.652836,-34.031198 18.653929,-34.031047 18.655026,-34.030342 18.655437,-34.030174 18.658596,-34.029376 18.661055,-34.029234 18.662604,-34.029568 18.663175,-34.029621 18.664064,-34.029474 18.663561,-34.028112</coordinates></LinearRing></outerBoundaryIs></Polygon>
  </Placemark>
  <Placemark id="Official_Planning_Suburbs.9">
	<name>ELECTRIC CITY</name><description>5558154</description><styleUrl>#suburbStyle</styleUrl><Polygon><outerBoundaryIs><LinearRing><coordinates>18.719532,-34.020375 18.713509,-34.011151 18.710113,-34.012688 18.710029,-34.01291 18.710258,-34.01326 18.710276,-34.013688 18.710039,-34.014273 18.710472,-34.01435 18.710446,-34.014992 18.710729,-34.015004 18.710722,-34.016954 18.708882,-34.016604 18.708903,-34.016544 18.708639,-34.016483 18.708138,-34.017929 18.706883,-34.017531 18.706437,-34.018393 18.707911,-34.018822 18.717699,-34.022309 18.717979,-34.02171 18.717832,-34.021488 18.719629,-34.020674 18.719503,-34.020483 18.719532,-34.020375</coordinates></LinearRing></outerBoundaryIs></Polygon>
  </Placemark>
  <Placemark id="Official_Planning_Suburbs.10">
	<name>KHAYELITSHA</name><description>5558421</description><styleUrl>#suburbStyle</styleUrl><Polygon><outerBoundaryIs><LinearRing><coordinates>18.653403,-34.061178 18.657809,-34.057668 18.655864,-34.055213 18.654294,-34.05302 18.647272,-34.045463 18.642077,-34.046593 18.641404,-34.047126 18.642574,-34.048069 18.643691,-34.049165 18.648925,-34.056349 18.651972,-34.060032 18.653144,-34.061318 18.653403,-34.061178</coordinates></LinearRing></outerBoundaryIs></Polygon>
  </Placemark>
  <Placemark id="Official_Planning_Suburbs.11">
	<name>CASTLE ROCK</name><description>5558242</description><styleUrl>#suburbStyle</styleUrl><Polygon><outerBoundaryIs><LinearRing><coordinates>18.476407,-34.238803 18.476265,-34.238593 18.475809,-34.23836 18.475475,-34.238021 18.475314,-34.237477 18.475431,-34.237042 18.475358,-34.23654 18.474963,-34.236148 18.47487,-34.235717 18.474952,-34.235423 18.470794,-34.237181 18.473743,-34.24885 18.476621,-34.248165 18.47661,-34.248008 18.476242,-34.24745 18.475956,-34.247409 18.475588,-34.247114 18.475756,-34.246757 18.47563,-34.246328 18.475303,-34.245985 18.474812,-34.245192 18.474912,-34.244761 18.475193,-34.24419 18.474797,-34.24262 18.47479,-34.24173 18.475283,-34.240934 18.475655,-34.240623 18.475957,-34.240567 18.476048,-34.240715 18.476393,-34.240833 18.476467,-34.240749 18.476441,-34.240532 18.476209,-34.240145 18.476244,-34.23984 18.476532,-34.239612 18.476504,-34.239527 18.476575,-34.239492 18.47698,-34.23973 18.477341,-34.23972 18.477472,-34.239559 18.477727,-34.239652 18.478095,-34.239632 18.47813,-34.239373 18.477735,-34.239087 18.477279,-34.238866 18.47714,-34.238873 18.47686,-34.239087 18.476626,-34.239092 18.476407,-34.238803</coordinates></LinearRing></outerBoundaryIs></Polygon>
  </Placemark>
  <Placemark id="Official_Planning_Suburbs.12">
	<name>MANSFIELD INDUSTRIA</name><description>5558363</description><styleUrl>#suburbStyle</styleUrl><Polygon><outerBoundaryIs><LinearRing><coordinates>18.887609,-34.151364 18.886321,-34.148955 18.883312,-34.150725 18.885526,-34.152483 18.887609,-34.151364</coordinates></LinearRing></outerBoundaryIs></Polygon>
  </Placemark>
  <Placemark id="Official_Planning_Suburbs.13">
	<name>SUN VALLEY</name><description>71201467</description><styleUrl>#suburbStyle</styleUrl><Polygon><outerBoundaryIs><LinearRing><coordinates>18.395586,-34.119795 18.39228,-34.118456 18.392292,-34.119305 18.391838,-34.121219 18.391873,-34.122562 18.392168,-34.123486 18.393655,-34.127101 18.394629,-34.128598 18.396974,-34.127244 18.398025,-34.126879 18.398883,-34.126712 18.400699,-34.126593 18.402128,-34.126399 18.402295,-34.126334 18.402213,-34.126221 18.40241,-34.126306 18.402154,-34.126016 18.401639,-34.11916 18.397332,-34.120091 18.396369,-34.119589 18.395659,-34.119825 18.395586,-34.119795</coordinates></LinearRing></outerBoundaryIs></Polygon>
  </Placemark>
  <Placemark id="Official_Planning_Suburbs.14">
	<name>DANARAND</name><description>5558049</description><styleUrl>#suburbStyle</styleUrl><Polygon><outerBoundaryIs><LinearRing><coordinates>18.678146,-33.935781 18.676684,-33.935683 18.676708,-33.937633 18.680451,-33.937549 18.679169,-33.935856 18.678146,-33.935781</coordinates></LinearRing></outerBoundaryIs></Polygon>
  </Placemark>
  <Placemark id="Official_Planning_Suburbs.15">
	<name>BENNO PARK</name><description>5558301</description><styleUrl>#suburbStyle</styleUrl><Polygon><outerBoundaryIs><LinearRing><coordinates>18.689692,-33.94231 18.692132,-33.9412 18.69219,-33.939749 18.688946,-33.941215 18.689692,-33.94231</coordinates></LinearRing></outerBoundaryIs></Polygon>
  </Placemark>
  <Placemark id="Official_Planning_Suburbs.16">
	<name>KLOOFZICHT</name><description>5558303</description><styleUrl>#suburbStyle</styleUrl><Polygon><outerBoundaryIs><LinearRing><coordinates>18.692643,-33.943585 18.694292,-33.943104 18.695027,-33.942753 18.69303,-33.941682 18.692529,-33.942331 18.691887,-33.94262 18.692534,-33.943614 18.692643,-33.943585</coordinates></LinearRing></outerBoundaryIs></Polygon>
  </Placemark>
  <Placemark id="Official_Planning_Suburbs.17">
	<name>EENSGEVONDEN</name><description>5558305</description><styleUrl>#suburbStyle</styleUrl><Polygon><outerBoundaryIs><LinearRing><coordinates>18.702299,-33.932969 18.701916,-33.931646 18.699438,-33.932962 18.698758,-33.932891 18.698509,-33.93476 18.698245,-33.934954 18.698909,-33.935141 18.702364,-33.933192 18.702299,-33.932969</coordinates></LinearRing></outerBoundaryIs></Polygon>
  </Placemark>
  <Placemark id="Official_Planning_Suburbs.18">
	<name>OAKDENE</name><description>5558455</description><styleUrl>#suburbStyle</styleUrl><Polygon><outerBoundaryIs><LinearRing><coordinates>18.676708,-33.937633 18.676688,-33.935722 18.676208,-33.934682 18.672819,-33.934031 18.672391,-33.934999 18.672353,-33.935414 18.672445,-33.935908 18.67278,-33.936805 18.672396,-33.939069 18.672543,-33.939418 18.672883,-33.939791 18.673213,-33.940436 18.673708,-33.942278 18.673661,-33.942722 18.675477,-33.942906 18.675487,-33.942756 18.676747,-33.942883 18.676708,-33.937633</coordinates></LinearRing></outerBoundaryIs></Polygon>
  </Placemark>
  <Placemark id="Official_Planning_Suburbs.19">
	<name>THORNTON</name><description>5558018</description><styleUrl>#suburbStyle</styleUrl><Polygon><outerBoundaryIs><LinearRing><coordinates>18.542017,-33.919627 18.54118,-33.916875 18.538862,-33.917638 18.535517,-33.918448 18.534304,-33.918656 18.528021,-33.919441 18.528102,-33.919839 18.528613,-33.919776 18.528948,-33.919992 18.518145,-33.923547 18.517963,-33.92363 18.517604,-33.924005 18.51806,-33.924302 18.51842,-33.924687 18.521061,-33.928139 18.521516,-33.929103 18.521851,-33.930111 18.523976,-33.929883 18.52835,-33.929113 18.53038,-33.928869 18.541175,-33.926971 18.543686,-33.926757 18.543514,-33.925634 18.542017,-33.919627</coordinates></LinearRing></outerBoundaryIs></Polygon>
  </Placemark>
  <Placemark id="Official_Planning_Suburbs.20">
	<name>BELHAR EXT 15</name><description>5558330</description><styleUrl>#suburbStyle</styleUrl><Polygon><outerBoundaryIs><LinearRing><coordinates>18.642746,-33.945514 18.642738,-33.944389 18.640431,-33.944735 18.640658,-33.945828 18.640807,-33.945807 18.640853,-33.946259 18.641351,-33.946308 18.641285,-33.947137 18.642724,-33.947198 18.642746,-33.945514</coordinates></LinearRing></outerBoundaryIs></Polygon>
  </Placemark>
  <Placemark id="Official_Planning_Suburbs.21">
	<name>MONTANA EXTENSION</name><description>5558093</description><styleUrl>#suburbStyle</styleUrl><Polygon><outerBoundaryIs><LinearRing><coordinates>18.580988,-33.957731 18.576115,-33.957411 18.575332,-33.958484 18.579851,-33.959474 18.581334,-33.958692 18.582741,-33.958093 18.582746,-33.957664 18.581797,-33.957754 18.580988,-33.957731</coordinates></LinearRing></outerBoundaryIs></Polygon>
  </Placemark>
  <Placemark id="Official_Planning_Suburbs.22">
	<name>HIGHVELD</name><description>5558406</description><styleUrl>#suburbStyle</styleUrl><Polygon><outerBoundaryIs><LinearRing><coordinates>18.847542,-34.061993 18.84747,-34.061947 18.846183,-34.062734 18.844489,-34.062867 18.845964,-34.065407 18.846336,-34.065252 18.847481,-34.064455 18.848162,-34.064077 18.847995,-34.063621 18.848747,-34.063017 18.847542,-34.061993</coordinates></LinearRing></outerBoundaryIs></Polygon>
  </Placemark>
  <Placemark id="Official_Planning_Suburbs.23">
	<name>HEEMSTEDE</name><description>5557954</description><styleUrl>#suburbStyle</styleUrl><Polygon><outerBoundaryIs><LinearRing><coordinates>18.67053,-33.89172 18.670493,-33.891624 18.670107,-33.891856 18.667565,-33.891744 18.66823,-33.893651 18.670577,-33.891903 18.67053,-33.89172</coordinates></LinearRing></outerBoundaryIs></Polygon>
  </Placemark>
  <Placemark id="Official_Planning_Suburbs.24">
	<name>SHIRLEY PARK</name><description>5557987</description><styleUrl>#suburbStyle</styleUrl><Polygon><outerBoundaryIs><LinearRing><coordinates>18.661814,-33.909065 18.665083,-33.906119 18.662541,-33.9051 18.661002,-33.906563 18.659896,-33.907862 18.661814,-33.909065</coordinates></LinearRing></outerBoundaryIs></Polygon>
  </Placemark>
  <Placemark id="Official_Planning_Suburbs.25">
	<name>BRACKENFELL COMMON</name><description>5558295</description><styleUrl>#suburbStyle</styleUrl><Polygon><outerBoundaryIs><LinearRing><coordinates>18.67664,-33.907992 18.674227,-33.907784 18.672373,-33.907452 18.670679,-33.910375 18.674729,-33.909082 18.67962,-33.90812 18.680284,-33.907852 18.679656,-33.907947 18.67664,-33.907992</coordinates></LinearRing></outerBoundaryIs></Polygon>
  </Placemark>
  <Placemark id="Official_Planning_Suburbs.26">
	<name>JOUBERTPARK</name><description>5557943</description><styleUrl>#suburbStyle</styleUrl><Polygon><outerBoundaryIs><LinearRing><coordinates>18.669398,-33.890876 18.672292,-33.89026 18.671462,-33.887869 18.669507,-33.88849 18.669891,-33.889483 18.668783,-33.889755 18.668973,-33.890966 18.669398,-33.890876</coordinates></LinearRing></outerBoundaryIs></Polygon>
  </Placemark>
  <Placemark id="Official_Planning_Suburbs.27">
	<name>GROENVALLEI</name><description>5557945</description><styleUrl>#suburbStyle</styleUrl><Polygon><outerBoundaryIs><LinearRing><coordinates>18.668959,-33.890888 18.668783,-33.889755 18.669891,-33.889483 18.669507,-33.88849 18.664987,-33.889869 18.666071,-33.897786 18.672909,-33.892605 18.672881,-33.892514 18.67255,-33.892763 18.672539,-33.892014 18.672292,-33.89026 18.668973,-33.890966 18.668959,-33.890888</coordinates></LinearRing></outerBoundaryIs><innerBoundaryIs><LinearRing><coordinates>18.6704,-33.89168 18.670493,-33.891624 18.670577,-33.891903 18.66823,-33.893651 18.667565,-33.891744 18.670107,-33.891856 18.6704,-33.89168</coordinates></LinearRing></innerBoundaryIs></Polygon>
  </Placemark>
  <Placemark id="Official_Planning_Suburbs.28">
	<name>SONKRING</name><description>5558283</description><styleUrl>#suburbStyle</styleUrl><Polygon><outerBoundaryIs><LinearRing><coordinates>18.692514,-33.9007 18.69258,-33.900605 18.695853,-33.900021 18.695442,-33.898356 18.690014,-33.891825 18.689293,-33.89075 18.686353,-33.892474 18.689204,-33.8959 18.688613,-33.900308 18.691999,-33.900598 18.69216,-33.900747 18.692328,-33.900787 18.692514,-33.9007</coordinates></LinearRing></outerBoundaryIs></Polygon>
  </Placemark>
  <Placemark id="Official_Planning_Suburbs.29">
	<name>SAXONWOOD</name><description>5557788</description><styleUrl>#suburbStyle</styleUrl><Polygon><outerBoundaryIs><LinearRing><coordinates>18.508569,-33.581099 18.515056,-33.579739 18.530561,-33.551937 18.51904,-33.555404 18.506301,-33.579381 18.506919,-33.581445 18.508569,-33.581099</coordinates></LinearRing></outerBoundaryIs></Polygon>
  </Placemark>
  <Placemark id="Official_Planning_Suburbs.30">
	<name>PROTEA PARK - WESFLEUR</name><description>71216656</description><styleUrl>#suburbStyle</styleUrl><Polygon><outerBoundaryIs><LinearRing><coordinates>18.503824,-33.579113 18.505305,-33.576326 18.505006,-33.575587 18.504504,-33.575196 18.502603,-33.574473 18.500711,-33.573652 18.499678,-33.572965 18.499153,-33.572435 18.498774,-33.571913 18.497535,-33.569391 18.496968,-33.568584 18.496098,-33.567784 18.494529,-33.566955 18.490753,-33.572187 18.488394,-33.576243 18.488322,-33.576426 18.488551,-33.576519 18.488315,-33.577153 18.490718,-33.577589 18.490514,-33.577968 18.491964,-33.578562 18.492148,-33.578715 18.495397,-33.5802 18.495537,-33.579937 18.502089,-33.582378 18.503824,-33.579113</coordinates></LinearRing></outerBoundaryIs></Polygon>
  </Placemark>
  <Placemark id="Official_Planning_Suburbs.31">
	<name>TRE DONNE</name><description>5558380</description><styleUrl>#suburbStyle</styleUrl><Polygon><outerBoundaryIs><LinearRing><coordinates>18.923638,-34.117923 18.926969,-34.11624 18.923597,-34.113841 18.914602,-34.117953 18.912935,-34.116605 18.912709,-34.117045 18.912966,-34.117068 18.91312,-34.117227 18.913045,-34.117792 18.912871,-34.117974 18.913768,-34.118268 18.916225,-34.119674 18.916732,-34.119827 18.918508,-34.120029 18.919591,-34.119969 18.923638,-34.117923</coordinates></LinearRing></outerBoundaryIs></Polygon>
  </Placemark>
  <Placemark id="Official_Planning_Suburbs.32">
	<name>DE OUDE SPRUIT</name><description>5557946</description><styleUrl>#suburbStyle</styleUrl><Polygon><outerBoundaryIs><LinearRing><coordinates>18.700067,-33.897158 18.692961,-33.888618 18.689293,-33.89075 18.690014,-33.891825 18.695464,-33.89837 18.695448,-33.898305 18.695667,-33.898296 18.69544,-33.897276 18.699935,-33.897209 18.700067,-33.897158</coordinates></LinearRing></outerBoundaryIs></Polygon>
  </Placemark>
  <Placemark id="Official_Planning_Suburbs.33">
	<name>PAROW GOLF COURSE</name><description>5557950</description><styleUrl>#suburbStyle</styleUrl><Polygon><outerBoundaryIs><LinearRing><coordinates>18.568331,-33.897982 18.568633,-33.897858 18.570521,-33.897554 18.57334,-33.897295 18.582872,-33.89566 18.583085,-33.895526 18.573071,-33.890736 18.570519,-33.889647 18.569253,-33.889303 18.567288,-33.889084 18.565779,-33.889162 18.564645,-33.889354 18.568229,-33.898034 18.568331,-33.897982</coordinates></LinearRing></outerBoundaryIs></Polygon>
  </Placemark>
  <Placemark id="Official_Planning_Suburbs.34">
	<name>WELCOME ESTATE</name><description>83594604</description><styleUrl>#suburbStyle</styleUrl><Polygon><outerBoundaryIs><LinearRing><coordinates>18.547627,-33.959971 18.547736,-33.957283 18.540972,-33.955202 18.540678,-33.957362 18.540531,-33.96003 18.541938,-33.960348 18.543859,-33.960394 18.543777,-33.962559 18.546935,-33.965934 18.54727,-33.966079 18.547627,-33.959971</coordinates></LinearRing></outerBoundaryIs></Polygon>
  </Placemark>
  <Placemark id="Official_Planning_Suburbs.35">
	<name>VANGUARD ESTATE</name><description>83627145</description><styleUrl>#suburbStyle</styleUrl><Polygon><outerBoundaryIs><LinearRing><coordinates>18.542341,-33.960356 18.541938,-33.960348 18.540531,-33.96003 18.540407,-33.961814 18.540211,-33.962914 18.538382,-33.968722 18.540278,-33.968938 18.541719,-33.969279 18.545323,-33.969737 18.54727,-33.966079 18.546935,-33.965934 18.543777,-33.962559 18.543859,-33.960394 18.542341,-33.960356</coordinates></LinearRing></outerBoundaryIs></Polygon>
  </Placemark>
  <Placemark id="Official_Planning_Suburbs.36">
	<name>SUNBIRD PARK</name><description>5558097</description><styleUrl>#suburbStyle</styleUrl><Polygon><outerBoundaryIs><LinearRing><coordinates>18.683187,-33.965359 18.684058,-33.962918 18.676319,-33.961023 18.674614,-33.965976 18.675249,-33.96571 18.682438,-33.967442 18.683187,-33.965359</coordinates></LinearRing></outerBoundaryIs></Polygon>
  </Placemark>
  <Placemark id="Official_Planning_Suburbs.37">
	<name>THE CONIFERS</name><description>5558126</description><styleUrl>#suburbStyle</styleUrl><Polygon><outerBoundaryIs><LinearRing><coordinates>18.698386,-33.994492 18.699458,-33.991618 18.700875,-33.986921 18.695296,-33.98144 18.694887,-33.981598 18.691845,-33.982261 18.690785,-33.987232 18.69177,-33.987516 18.692304,-33.987774 18.693533,-33.988645 18.693939,-33.989164 18.695693,-33.992493 18.696895,-33.993758 18.698386,-33.994492</coordinates></LinearRing></outerBoundaryIs></Polygon>
  </Placemark>
  <Placemark id="Official_Planning_Suburbs.38">
	<name>WINGFIELD</name><description>5557969</description><styleUrl>#suburbStyle</styleUrl><Polygon><outerBoundaryIs><LinearRing><coordinates>18.524177,-33.916469 18.540244,-33.913731 18.539401,-33.910286 18.539059,-33.909523 18.538239,-33.908312 18.534213,-33.902939 18.533847,-33.902264 18.533506,-33.901237 18.533417,-33.900678 18.533363,-33.899021 18.532046,-33.899562 18.522285,-33.901307 18.522361,-33.901564 18.523025,-33.914082 18.522964,-33.9141 18.523075,-33.916503 18.523156,-33.916489 18.523165,-33.91669 18.524177,-33.916469</coordinates></LinearRing></outerBoundaryIs></Polygon>
  </Placemark>
  <Placemark id="Official_Planning_Suburbs.39">
	<name>WINDERMERE</name><description>5557975</description><styleUrl>#suburbStyle</styleUrl><Polygon><outerBoundaryIs><LinearRing><coordinates>18.51604,-33.915379 18.517119,-33.915112 18.523025,-33.914082 18.522361,-33.901564 18.522264,-33.901413 18.520035,-33.901787 18.519722,-33.901942 18.512212,-33.903269 18.515174,-33.91544 18.515546,-33.915505 18.51604,-33.915379</coordinates></LinearRing></outerBoundaryIs></Polygon>
  </Placemark>
  <Placemark id="Official_Planning_Suburbs.40">
	<name>BO-KAAP</name><description>69810020</description><styleUrl>#suburbStyle</styleUrl><Polygon><outerBoundaryIs><LinearRing><coordinates>18.4129,-33.916111 18.412648,-33.914721 18.409378,-33.9145 18.40624,-33.917138 18.404276,-33.918285 18.407556,-33.923592 18.408039,-33.923446 18.408832,-33.92381 18.409336,-33.923946 18.409793,-33.924988 18.409715,-33.925345 18.411088,-33.926366 18.415698,-33.922096 18.415861,-33.921861 18.415024,-33.921304 18.41774,-33.918847 18.417107,-33.918371 18.417568,-33.917918 18.416542,-33.917147 18.415187,-33.917809 18.413459,-33.915712 18.4129,-33.916111</coordinates></LinearRing></outerBoundaryIs></Polygon>
  </Placemark>
  <Placemark id="Official_Planning_Suburbs.41">
	<name>HELDERBERG PARK</name><description>5558367</description><styleUrl>#suburbStyle</styleUrl><Polygon><outerBoundaryIs><LinearRing><coordinates>18.854295,-34.1264 18.854105,-34.126168 18.854008,-34.126154 18.853034,-34.126776 18.855467,-34.129741 18.857481,-34.128579 18.855537,-34.1262 18.855306,-34.126331 18.855169,-34.126244 18.854485,-34.126632 18.854295,-34.1264</coordinates></LinearRing></outerBoundaryIs></Polygon>
  </Placemark>
  <Placemark id="Official_Planning_Suburbs.42">
	<name>GREENFIELDS</name><description>5558122</description><styleUrl>#suburbStyle</styleUrl><Polygon><outerBoundaryIs><LinearRing><coordinates>18.703031,-33.977809 18.703113,-33.977534 18.702957,-33.977543 18.700675,-33.978484 18.700855,-33.978723 18.698509,-33.979716 18.695296,-33.98144 18.700875,-33.986921 18.703395,-33.978576 18.703478,-33.97787 18.703375,-33.977798 18.702987,-33.977959 18.703031,-33.977809</coordinates></LinearRing></outerBoundaryIs></Polygon>
  </Placemark>
  <Placemark id="Official_Planning_Suburbs.43">
	<name>SPRINGBOKPARK</name><description>5557916</description><styleUrl>#suburbStyle</styleUrl><Polygon><outerBoundaryIs><LinearRing><coordinates>18.683568,-33.87701 18.68253,-33.877494 18.680002,-33.877955 18.681423,-33.882808 18.685751,-33.880158 18.683568,-33.87701</coordinates></LinearRing></outerBoundaryIs></Polygon>
  </Placemark>
  <Placemark id="Official_Planning_Suburbs.44">
	<name>DELFT 3</name><description>5558263</description><styleUrl>#suburbStyle</styleUrl><Polygon><outerBoundaryIs><LinearRing><coordinates>18.624953,-33.965183 18.630709,-33.964558 18.63082,-33.96409 18.630868,-33.962073 18.630701,-33.96039 18.62795,-33.960174 18.627103,-33.959319 18.625352,-33.959182 18.625342,-33.959272 18.625492,-33.959422 18.625006,-33.962675 18.624775,-33.965202 18.624953,-33.965183</coordinates></LinearRing></outerBoundaryIs></Polygon>
  </Placemark>
  <Placemark id="Official_Planning_Suburbs.45">
	<name>SILVERTOWN - KHAYELITSHA</name><description>71355996</description><styleUrl>#suburbStyle</styleUrl><Polygon><outerBoundaryIs><LinearRing><coordinates>18.688691,-34.044322 18.689961,-34.043383 18.686392,-34.040661 18.68171,-34.036881 18.679841,-34.037799 18.680835,-34.039096 18.682349,-34.040016 18.682838,-34.040422 18.683185,-34.040873 18.683899,-34.04223 18.684581,-34.04298 18.685024,-34.043339 18.685894,-34.043799 18.686691,-34.044069 18.687457,-34.044212 18.688691,-34.044322</coordinates></LinearRing></outerBoundaryIs></Polygon>
  </Placemark>
  <Placemark id="Official_Planning_Suburbs.46">
	<name>EERSTERIVIER</name><description>5558144</description><styleUrl>#suburbStyle</styleUrl><Polygon><outerBoundaryIs><LinearRing><coordinates>18.720966,-34.019734 18.735929,-34.012965 18.730849,-34.005081 18.733174,-34.002592 18.72918,-34.000007 18.729208,-33.999839 18.726163,-33.996688 18.72463,-33.994704 18.724643,-33.994495 18.724302,-33.994632 18.724563,-33.995523 18.727273,-33.999656 18.710858,-34.007089 18.719532,-34.020375 18.720966,-34.019734</coordinates></LinearRing></outerBoundaryIs></Polygon>
  </Placemark>
  <Placemark id="Official_Planning_Suburbs.47">
	<name>GOOD HOPE</name><description>5558187</description><styleUrl>#suburbStyle</styleUrl><Polygon><outerBoundaryIs><LinearRing><coordinates>18.651437,-34.044671 18.650916,-34.044701 18.647272,-34.045463 18.654294,-34.05302 18.655864,-34.055213 18.657809,-34.057668 18.653324,-34.061241 18.653144,-34.061318 18.655031,-34.062979 18.656989,-34.061098 18.658133,-34.060439 18.659766,-34.059925 18.660261,-34.059692 18.660846,-34.05916 18.661192,-34.058549 18.659486,-34.057641 18.657956,-34.056474 18.656753,-34.055159 18.656082,-34.054091 18.655802,-34.05348 18.655399,-34.052216 18.655211,-34.0509 18.655272,-34.049349 18.655966,-34.046159 18.655902,-34.045601 18.655673,-34.045091 18.654859,-34.045327 18.654267,-34.045348 18.65239,-34.044782 18.651437,-34.044671</coordinates></LinearRing></outerBoundaryIs></Polygon>
  </Placemark>
  <Placemark id="Official_Planning_Suburbs.48">
	<name>ENDLOVINI</name><description>79123216</description><styleUrl>#suburbStyle</styleUrl><Polygon><outerBoundaryIs><LinearRing><coordinates>18.675965,-34.070614 18.676279,-34.070206 18.676781,-34.069883 18.679973,-34.068332 18.680274,-34.068038 18.680478,-34.067754 18.6806,-34.067344 18.680941,-34.065661 18.681336,-34.065131 18.677817,-34.062949 18.676487,-34.062416 18.66278,-34.059082 18.661192,-34.058549 18.660846,-34.05916 18.660261,-34.059692 18.659766,-34.059925 18.658133,-34.060439 18.656989,-34.061098 18.655031,-34.062979 18.65914,-34.066475 18.660305,-34.067321 18.662052,-34.068259 18.665266,-34.069361 18.66636,-34.069835 18.667378,-34.070415 18.668822,-34.071494 18.669714,-34.071226 18.670996,-34.071006 18.672333,-34.070917 18.674115,-34.071062 18.675639,-34.071372 18.675965,-34.070614</coordinates></LinearRing></outerBoundaryIs></Polygon>
  </Placemark>
  <Placemark id="Official_Planning_Suburbs.49">
	<name>ENKANINI</name><description>79123358</description><styleUrl>#suburbStyle</styleUrl><Polygon><outerBoundaryIs><LinearRing><coordinates>18.714952,-34.054625 18.713871,-34.054694 18.698889,-34.054816 18.698415,-34.055012 18.698403,-34.055147 18.695886,-34.055161 18.695948,-34.055706 18.696251,-34.056153 18.697146,-34.056977 18.69777,-34.057309 18.697109,-34.057999 18.692665,-34.061267 18.692417,-34.061539 18.692243,-34.062339 18.693065,-34.064802 18.696921,-34.063921 18.69766,-34.063862 18.698352,-34.063902 18.69928,-34.064103 18.700139,-34.064473 18.700804,-34.064927 18.701961,-34.065949 18.71278,-34.057178 18.714127,-34.055736 18.714952,-34.054625</coordinates></LinearRing></outerBoundaryIs></Polygon>
  </Placemark>
  <Placemark id="Official_Planning_Suburbs.50">
	<name>PHILIPPI PARK</name><description>5558442</description><styleUrl>#suburbStyle</styleUrl><Polygon><outerBoundaryIs><LinearRing><coordinates>18.596337,-34.003643 18.594388,-34.003636 18.593168,-34.003735 18.593517,-34.006727 18.59409,-34.006682 18.594195,-34.007579 18.596389,-34.007469 18.596507,-34.007551 18.599579,-34.007309 18.599491,-34.006561 18.59922,-34.00599 18.598943,-34.00574 18.598368,-34.005434 18.597934,-34.004918 18.597821,-34.003958 18.596387,-34.004074 18.596337,-34.003643</coordinates></LinearRing></outerBoundaryIs></Polygon>
  </Placemark>
  <Placemark id="Official_Planning_Suburbs.51">
	<name>KUILSRIVIER INDUSTRIA</name><description>5558048</description><styleUrl>#suburbStyle</styleUrl><Polygon><outerBoundaryIs><LinearRing><coordinates>18.686884,-33.938071 18.682929,-33.931931 18.677806,-33.934071 18.683009,-33.940888 18.682968,-33.940968 18.685622,-33.944226 18.692562,-33.953198 18.695647,-33.951633 18.693655,-33.948626 18.693533,-33.948121 18.693223,-33.947446 18.692502,-33.946376 18.692241,-33.946164 18.69164,-33.945353 18.686884,-33.938071</coordinates></LinearRing></outerBoundaryIs></Polygon>
  </Placemark>
  <Placemark id="Official_Planning_Suburbs.52">
	<name>FERNDALE</name><description>5557920</description><styleUrl>#suburbStyle</styleUrl><Polygon><outerBoundaryIs><LinearRing><coordinates>18.680175,-33.878548 18.680002,-33.877955 18.677566,-33.878419 18.675536,-33.878679 18.675522,-33.878614 18.672916,-33.879023 18.675275,-33.886572 18.681423,-33.882808 18.680175,-33.878548</coordinates></LinearRing></outerBoundaryIs></Polygon>
  </Placemark>
  <Placemark id="Official_Planning_Suburbs.53">
	<name>GOODRAIL</name><description>5558004</description><styleUrl>#suburbStyle</styleUrl><Polygon><outerBoundaryIs><LinearRing><coordinates>18.559564,-33.911181 18.55947,-33.910873 18.555322,-33.912003 18.5561,-33.913949 18.557588,-33.913485 18.55775,-33.913365 18.560077,-33.912672 18.55965,-33.91123 18.559564,-33.911181</coordinates></LinearRing></outerBoundaryIs></Polygon>
  </Placemark>
  <Placemark id="Official_Planning_Suburbs.54">
	<name>DE DUIN</name><description>5557933</description><styleUrl>#suburbStyle</styleUrl><Polygon><outerBoundaryIs><LinearRing><coordinates>18.567552,-33.887952 18.56866,-33.887856 18.573802,-33.886981 18.573688,-33.886501 18.573761,-33.886489 18.573286,-33.884543 18.574155,-33.884394 18.569451,-33.882385 18.569476,-33.882344 18.567914,-33.881651 18.56771,-33.881992 18.567117,-33.887989 18.567552,-33.887952</coordinates></LinearRing></outerBoundaryIs></Polygon>
  </Placemark>
  <Placemark id="Official_Planning_Suburbs.55">
	<name>ELSIES RIVER INDUSTRIA</name><description>5557997</description><styleUrl>#suburbStyle</styleUrl><Polygon><outerBoundaryIs><LinearRing><coordinates>18.576646,-33.908137 18.576639,-33.907729 18.576568,-33.907631 18.576751,-33.907594 18.57669,-33.907474 18.567207,-33.909134 18.567439,-33.90977 18.567528,-33.911193 18.567426,-33.91162 18.567074,-33.912345 18.56559,-33.916838 18.570324,-33.917885 18.570601,-33.917879 18.572701,-33.917131 18.579475,-33.914425 18.578224,-33.91207 18.577614,-33.910486 18.577206,-33.910509 18.576806,-33.909742 18.576646,-33.908137</coordinates></LinearRing></outerBoundaryIs></Polygon>
  </Placemark>
  <Placemark id="Official_Planning_Suburbs.56">
	<name>WESTGATE</name><description>5558427</description><styleUrl>#suburbStyle</styleUrl><Polygon><outerBoundaryIs><LinearRing><coordinates>18.590578,-34.055954 18.592737,-34.054704 18.594998,-34.053904 18.592274,-34.050072 18.591306,-34.04778 18.588271,-34.038826 18.58433,-34.040975 18.587008,-34.049173 18.587293,-34.05083 18.58736,-34.052915 18.587832,-34.0536 18.590456,-34.056033 18.590578,-34.055954</coordinates></LinearRing></outerBoundaryIs></Polygon>
  </Placemark>
  <Placemark id="Official_Planning_Suburbs.57">
	<name>KRAAIFONTEIN EAST</name><description>5557842</description><styleUrl>#suburbStyle</styleUrl><Polygon><outerBoundaryIs><LinearRing><coordinates>18.735665,-33.848411 18.739035,-33.846298 18.740716,-33.845533 18.743431,-33.844702 18.743365,-33.839158 18.738532,-33.840294 18.735607,-33.841212 18.735545,-33.841586 18.735665,-33.848411</coordinates></LinearRing></outerBoundaryIs></Polygon>
  </Placemark>
  <Placemark id="Official_Planning_Suburbs.58">
	<name>TURTLE CREEK</name><description>5558312</description><styleUrl>#suburbStyle</styleUrl><Polygon><outerBoundaryIs><LinearRing><coordinates>18.698063,-33.94438 18.697931,-33.944309 18.696234,-33.947438 18.700172,-33.948417 18.700826,-33.945859 18.698063,-33.94438</coordinates></LinearRing></outerBoundaryIs></Polygon>
  </Placemark>
  <Placemark id="Official_Planning_Suburbs.59">
	<name>ZEVENWACHT MALL</name><description>5558456</description><styleUrl>#suburbStyle</styleUrl><Polygon><outerBoundaryIs><LinearRing><coordinates>18.695877,-33.951532 18.699077,-33.949897 18.700691,-33.949478 18.702678,-33.949327 18.702729,-33.949131 18.702339,-33.948965 18.692763,-33.946521 18.692502,-33.946376 18.693223,-33.947446 18.693706,-33.948708 18.695657,-33.951649 18.695877,-33.951532</coordinates></LinearRing></outerBoundaryIs></Polygon>
  </Placemark>
  <Placemark id="Official_Planning_Suburbs.60">
	<name>KAAPSIG</name><description>5557965</description><styleUrl>#suburbStyle</styleUrl><Polygon><outerBoundaryIs><LinearRing><coordinates>18.699512,-33.898378 18.699246,-33.89722 18.69544,-33.897276 18.695667,-33.898296 18.695448,-33.898305 18.695442,-33.898356 18.695853,-33.900021 18.69972,-33.899286 18.699512,-33.898378</coordinates></LinearRing></outerBoundaryIs></Polygon>
  </Placemark>
  <Placemark id="Official_Planning_Suburbs.61">
	<name>LANGA</name><description>5558061</description><styleUrl>#suburbStyle</styleUrl><Polygon><outerBoundaryIs><LinearRing><coordinates>18.53057,-33.940034 18.527148,-33.938907 18.526242,-33.938398 18.525479,-33.938339 18.524618,-33.938374 18.523095,-33.938979 18.520282,-33.940996 18.519814,-33.941253 18.518227,-33.941758 18.516923,-33.942668 18.516689,-33.947667 18.518801,-33.947727 18.518713,-33.9501 18.525259,-33.950269 18.52686,-33.950508 18.540972,-33.955202 18.542614,-33.947204 18.542759,-33.941529 18.536957,-33.941294 18.533461,-33.940489 18.531009,-33.93975 18.531005,-33.94004 18.53057,-33.940034</coordinates></LinearRing></outerBoundaryIs></Polygon>
  </Placemark>
  <Placemark id="Official_Planning_Suburbs.62">
	<name>SUN CITY</name><description>5558378</description><styleUrl>#suburbStyle</styleUrl><Polygon><outerBoundaryIs><LinearRing><coordinates>18.909175,-34.124161 18.910796,-34.123755 18.911334,-34.123097 18.911577,-34.121348 18.911468,-34.120487 18.909531,-34.117992 18.909243,-34.117958 18.909268,-34.118296 18.909192,-34.118513 18.907023,-34.123165 18.907191,-34.123173 18.909175,-34.124161</coordinates></LinearRing></outerBoundaryIs></Polygon>
  </Placemark>
  <Placemark id="Official_Planning_Suburbs.63">
	<name>SOMERSET FOREST</name><description>5558376</description><styleUrl>#suburbStyle</styleUrl><Polygon><outerBoundaryIs><LinearRing><coordinates>18.9035,-34.122744 18.903399,-34.122488 18.901268,-34.122976 18.90093,-34.123113 18.901079,-34.123593 18.900477,-34.123758 18.900578,-34.124014 18.900373,-34.12407 18.90059,-34.124623 18.900178,-34.124735 18.900264,-34.124996 18.900899,-34.12506 18.902377,-34.125006 18.904898,-34.125136 18.904452,-34.124003 18.90404,-34.124115 18.9035,-34.122744</coordinates></LinearRing></outerBoundaryIs></Polygon>
  </Placemark>
  <Placemark id="Official_Planning_Suburbs.64">
	<name>HAPPY VALLEY</name><description>5558114</description><styleUrl>#suburbStyle</styleUrl><Polygon><outerBoundaryIs><LinearRing><coordinates>18.687306,-33.975889 18.688303,-33.971637 18.681293,-33.970884 18.681941,-33.975115 18.687306,-33.975889</coordinates></LinearRing></outerBoundaryIs></Polygon>
  </Placemark>
  <Placemark id="Official_Planning_Suburbs.65">
	<name>SILVEROAKS</name><description>5558050</description><styleUrl>#suburbStyle</styleUrl><Polygon><outerBoundaryIs><LinearRing><coordinates>18.692602,-33.933386 18.692616,-33.933329 18.690042,-33.932646 18.690031,-33.932845 18.689572,-33.932846 18.686504,-33.933422 18.686147,-33.933351 18.686268,-33.933922 18.684575,-33.933733 18.684173,-33.933894 18.68893,-33.941223 18.69219,-33.939749 18.692354,-33.934205 18.692602,-33.933386</coordinates></LinearRing></outerBoundaryIs></Polygon>
  </Placemark>
  <Placemark id="Official_Planning_Suburbs.66">
	<name>THE LINK</name><description>5558398</description><styleUrl>#suburbStyle</styleUrl><Polygon><outerBoundaryIs><LinearRing><coordinates>18.836125,-34.069374 18.835675,-34.069873 18.835185,-34.069564 18.832848,-34.072116 18.841646,-34.075152 18.841031,-34.074447 18.840895,-34.074591 18.840314,-34.073972 18.840396,-34.073845 18.839087,-34.072299 18.838352,-34.071793 18.836978,-34.070568 18.836125,-34.069374</coordinates></LinearRing></outerBoundaryIs></Polygon>
  </Placemark>
  <Placemark id="Official_Planning_Suburbs.67">
	<name>PETROSA TANK FARM</name><description>5558438</description><styleUrl>#suburbStyle</styleUrl><Polygon><outerBoundaryIs><LinearRing><coordinates>18.543625,-33.847702 18.541467,-33.846209 18.539895,-33.850458 18.542952,-33.851458 18.557283,-33.857515 18.557153,-33.857305 18.555353,-33.847217 18.543625,-33.847702</coordinates></LinearRing></outerBoundaryIs></Polygon>
  </Placemark>
  <Placemark id="Official_Planning_Suburbs.68">
	<name>ZEVENZICHT</name><description>5558055</description><styleUrl>#suburbStyle</styleUrl><Polygon><outerBoundaryIs><LinearRing><coordinates>18.708441,-33.940762 18.712315,-33.940237 18.708994,-33.935618 18.708173,-33.935643 18.708083,-33.94081 18.708441,-33.940762</coordinates></LinearRing></outerBoundaryIs></Polygon>
  </Placemark>
  <Placemark id="Official_Planning_Suburbs.69">
	<name>KUILS RIVER SPORTS GROUNDS</name><description>5558302</description><styleUrl>#suburbStyle</styleUrl><Polygon><outerBoundaryIs><LinearRing><coordinates>18.698298,-33.943606 18.701145,-33.938225 18.698207,-33.936959 18.697954,-33.938809 18.697644,-33.939929 18.696832,-33.94128 18.696268,-33.941883 18.695673,-33.942359 18.694292,-33.943104 18.692534,-33.943614 18.692399,-33.943404 18.690846,-33.94413 18.691529,-33.945182 18.696817,-33.943711 18.69793,-33.944308 18.698298,-33.943606</coordinates></LinearRing></outerBoundaryIs></Polygon>
  </Placemark>
  <Placemark id="Official_Planning_Suburbs.70">
	<name>WESTRIDGE - SOMERSET WEST</name><description>71249108</description><styleUrl>#suburbStyle</styleUrl><Polygon><outerBoundaryIs><LinearRing><coordinates>18.842502,-34.076236 18.842861,-34.075576 18.832907,-34.072137 18.827959,-34.07765 18.832478,-34.080483 18.8341,-34.081328 18.835532,-34.081902 18.836857,-34.078408 18.836961,-34.078379 18.837431,-34.077133 18.83857,-34.077436 18.838929,-34.076309 18.841903,-34.076844 18.842061,-34.076999 18.842502,-34.076236</coordinates></LinearRing></outerBoundaryIs></Polygon>
  </Placemark>
  <Placemark id="Official_Planning_Suburbs.71">
	<name>TYGERBERG HOSPITAL</name><description>5557991</description><styleUrl>#suburbStyle</styleUrl><Polygon><outerBoundaryIs><LinearRing><coordinates>18.610711,-33.906528 18.610573,-33.906301 18.609442,-33.906447 18.609108,-33.906937 18.608716,-33.907307 18.608424,-33.90752 18.607764,-33.907818 18.607945,-33.908328 18.609097,-33.91396 18.609073,-33.91466 18.608893,-33.915345 18.608943,-33.915611 18.609338,-33.915928 18.609822,-33.915956 18.615064,-33.915209 18.61693,-33.918832 18.61929,-33.913579 18.61867,-33.908039 18.616857,-33.9064 18.610933,-33.906895 18.610711,-33.906528</coordinates></LinearRing></outerBoundaryIs></Polygon>
  </Placemark>
  <Placemark id="Official_Planning_Suburbs.72">
	<name>STRANDVALE</name><description>5558374</description><styleUrl>#suburbStyle</styleUrl><Polygon><outerBoundaryIs><LinearRing><coordinates>18.83851,-34.094569 18.837804,-34.093063 18.837495,-34.093137 18.837293,-34.093273 18.83733,-34.093984 18.837021,-34.094625 18.836742,-34.094802 18.836315,-34.09466 18.836055,-34.094677 18.835646,-34.094836 18.835314,-34.095125 18.835127,-34.09517 18.834896,-34.095109 18.834286,-34.095228 18.832849,-34.09489 18.832282,-34.094903 18.840177,-34.10093 18.841431,-34.099729 18.839257,-34.095507 18.838633,-34.094831 18.83851,-34.094569</coordinates></LinearRing></outerBoundaryIs></Polygon>
  </Placemark>
  <Placemark id="Official_Planning_Suburbs.73">
	<name>BROADLANDS VILLAGE</name><description>5558368</description><styleUrl>#suburbStyle</styleUrl><Polygon><outerBoundaryIs><LinearRing><coordinates>18.855466,-34.121881 18.855405,-34.121808 18.85134,-34.124118 18.853328,-34.126541 18.854008,-34.126154 18.854105,-34.126168 18.854485,-34.126632 18.855169,-34.126244 18.855306,-34.126331 18.855537,-34.1262 18.855927,-34.126674 18.857614,-34.125728 18.859161,-34.127611 18.861201,-34.12643 18.857511,-34.121966 18.856169,-34.12274 18.855466,-34.121881</coordinates></LinearRing></outerBoundaryIs></Polygon>
  </Placemark>
  <Placemark id="Official_Planning_Suburbs.74">
	<name>GOLDEN HILL EXT 1</name><description>5558385</description><styleUrl>#suburbStyle</styleUrl><Polygon><outerBoundaryIs><LinearRing><coordinates>18.866934,-34.062049 18.865281,-34.062183 18.864565,-34.062163 18.864204,-34.062236 18.86302,-34.062201 18.862659,-34.070351 18.868041,-34.07115 18.866934,-34.062049</coordinates></LinearRing></outerBoundaryIs></Polygon>
  </Placemark>
  <Placemark id="Official_Planning_Suburbs.75">
	<name>DURMONTE</name><description>5558435</description><styleUrl>#suburbStyle</styleUrl><Polygon><outerBoundaryIs><LinearRing><coordinates>18.669322,-33.81014 18.66297,-33.803001 18.664208,-33.806014 18.664931,-33.807521 18.665526,-33.809257 18.666694,-33.812121 18.66766,-33.814177 18.668498,-33.81562 18.669154,-33.816318 18.669349,-33.81631 18.669547,-33.816552 18.671818,-33.812931 18.669322,-33.81014</coordinates></LinearRing></outerBoundaryIs></Polygon>
  </Placemark>
  <Placemark id="Official_Planning_Suburbs.76">
	<name>WELGEVONDEN</name><description>5558280</description><styleUrl>#suburbStyle</styleUrl><Polygon><outerBoundaryIs><LinearRing><coordinates>18.680081,-33.815925 18.679732,-33.81465 18.67777,-33.815867 18.677165,-33.815916 18.676818,-33.816131 18.676311,-33.815562 18.675693,-33.81556 18.675477,-33.815694 18.675798,-33.816056 18.67492,-33.816605 18.678177,-33.820266 18.678586,-33.820107 18.67862,-33.820172 18.681525,-33.819049 18.680376,-33.817002 18.680081,-33.815925</coordinates></LinearRing></outerBoundaryIs></Polygon>
  </Placemark>
  <Placemark id="Official_Planning_Suburbs.77">
	<name>FAIRVIEW GOLF ESTATE</name><description>5558355</description><styleUrl>#suburbStyle</styleUrl><Polygon><outerBoundaryIs><LinearRing><coordinates>18.874528,-34.142599 18.86809,-34.134757 18.867963,-34.134932 18.86139,-34.138662 18.865107,-34.143195 18.866173,-34.142923 18.871786,-34.143051 18.873381,-34.144401 18.875172,-34.143385 18.874528,-34.142599</coordinates></LinearRing></outerBoundaryIs></Polygon>
  </Placemark>
  <Placemark id="Official_Planning_Suburbs.78">
	<name>BELGRAVIA -BELLVILLE</name><description>5557966</description><styleUrl>#suburbStyle</styleUrl><Polygon><outerBoundaryIs><LinearRing><coordinates>18.647353,-33.901318 18.64714,-33.900191 18.647207,-33.90011 18.646709,-33.89757 18.640608,-33.901533 18.640314,-33.901618 18.639935,-33.901588 18.639836,-33.902385 18.644441,-33.902899 18.647689,-33.903743 18.647791,-33.903587 18.647353,-33.901318</coordinates></LinearRing></outerBoundaryIs></Polygon>
  </Placemark>
  <Placemark id="Official_Planning_Suburbs.79">
	<name>MOUILLE POINT</name><description>5557971</description><styleUrl>#suburbStyle</styleUrl><Polygon><outerBoundaryIs><LinearRing><coordinates>18.412498,-33.899011 18.412116,-33.898835 18.410473,-33.898869 18.41014,-33.899051 18.40916,-33.89926 18.407883,-33.899216 18.40721,-33.899334 18.406885,-33.899533 18.406578,-33.899608 18.405135,-33.899556 18.404328,-33.899818 18.404214,-33.899569 18.403858,-33.899415 18.403343,-33.899557 18.402742,-33.900125 18.400722,-33.900707 18.400407,-33.900698 18.399207,-33.900343 18.398771,-33.900403 18.398475,-33.900589 18.398265,-33.900874 18.398022,-33.903654 18.397531,-33.905011 18.397356,-33.905128 18.397366,-33.905568 18.398797,-33.905907 18.398709,-33.906164 18.399093,-33.906179 18.399071,-33.905937 18.398929,-33.90593 18.398939,-33.905876 18.400233,-33.902125 18.405505,-33.900587 18.411072,-33.900061 18.411132,-33.900201 18.411674,-33.90049 18.411943,-33.900521 18.412362,-33.90091 18.413716,-33.901714 18.414081,-33.901493 18.414548,-33.901807 18.414851,-33.901411 18.414499,-33.90125 18.415015,-33.900953 18.415148,-33.900799 18.415464,-33.900736 18.415802,-33.90078 18.41582,-33.90072 18.415476,-33.900614 18.41526,-33.900663 18.415075,-33.900118 18.414719,-33.899756 18.414911,-33.899956 18.414933,-33.900654 18.414417,-33.900851 18.41371,-33.900802 18.4136,-33.900717 18.413141,-33.900163 18.413583,-33.899871 18.413429,-33.899671 18.413398,-33.899971 18.413053,-33.900172 18.41281,-33.900017 18.412933,-33.900158 18.412812,-33.900217 18.4127,-33.900076 18.412458,-33.900212 18.412356,-33.900091 18.412749,-33.899861 18.412766,-33.899231 18.415127,-33.899242 18.415116,-33.899196 18.412721,-33.899199 18.412498,-33.899011</coordinates></LinearRing></outerBoundaryIs></Polygon>
  </Placemark>
  <Placemark id="Official_Planning_Suburbs.80">
	<name>SHERWOOD</name><description>5557787</description><styleUrl>#suburbStyle</styleUrl><Polygon><outerBoundaryIs><LinearRing><coordinates>18.497124,-33.546172 18.494787,-33.545038 18.494462,-33.545506 18.494683,-33.546064 18.494516,-33.546183 18.494313,-33.546098 18.494415,-33.546822 18.494376,-33.548382 18.493527,-33.552134 18.493413,-33.553364 18.493468,-33.554135 18.493656,-33.555033 18.49417,-33.556142 18.496147,-33.558814 18.496484,-33.560145 18.498788,-33.559807 18.500203,-33.559428 18.501053,-33.559007 18.502094,-33.558245 18.503198,-33.557192 18.503805,-33.556208 18.503686,-33.556156 18.504827,-33.554284 18.507248,-33.551082 18.497124,-33.546172</coordinates></LinearRing></outerBoundaryIs></Polygon>
  </Placemark>
  <Placemark id="Official_Planning_Suburbs.81">
	<name>BEACON HILL</name><description>5557789</description><styleUrl>#suburbStyle</styleUrl><Polygon><outerBoundaryIs><LinearRing><coordinates>18.512441,-33.563606 18.51638,-33.556192 18.516277,-33.555459 18.507248,-33.551082 18.504827,-33.554284 18.503686,-33.556156 18.503805,-33.556208 18.503198,-33.557192 18.502094,-33.558245 18.501053,-33.559007 18.500203,-33.559428 18.498788,-33.559807 18.496484,-33.560145 18.49677,-33.561492 18.496785,-33.562249 18.496703,-33.562842 18.496346,-33.563864 18.498299,-33.564363 18.498988,-33.56449 18.500342,-33.564504 18.504867,-33.563639 18.509421,-33.563718 18.510678,-33.563859 18.510664,-33.563964 18.512152,-33.564098 18.512441,-33.563606</coordinates></LinearRing></outerBoundaryIs></Polygon>
  </Placemark>
  <Placemark id="Official_Planning_Suburbs.82">
	<name>AVONDALE - WESFLEUR</name><description>71233234</description><styleUrl>#suburbStyle</styleUrl><Polygon><outerBoundaryIs><LinearRing><coordinates>18.490753,-33.561546 18.490159,-33.560849 18.489418,-33.560227 18.488264,-33.559446 18.486991,-33.558731 18.484633,-33.557736 18.483532,-33.557398 18.4821,-33.557106 18.482003,-33.557388 18.481776,-33.557518 18.481198,-33.56262 18.48097,-33.563624 18.48066,-33.564515 18.480268,-33.565321 18.480412,-33.565503 18.480729,-33.565592 18.47829,-33.569881 18.478305,-33.569981 18.478432,-33.569972 18.478794,-33.572381 18.482397,-33.573859 18.484653,-33.57399 18.485036,-33.574142 18.484989,-33.574225 18.485097,-33.574275 18.484616,-33.575081 18.486846,-33.575806 18.488322,-33.576426 18.490753,-33.572187 18.495248,-33.565953 18.496049,-33.564556 18.496905,-33.564798 18.497176,-33.564086 18.496346,-33.563864 18.496703,-33.562842 18.496785,-33.562249 18.49677,-33.561492 18.496484,-33.560145 18.493178,-33.560632 18.492507,-33.560814 18.490753,-33.561546</coordinates></LinearRing></outerBoundaryIs></Polygon>
  </Placemark>
  <Placemark id="Official_Planning_Suburbs.83">
	<name>ROBINVALE</name><description>5558448</description><styleUrl>#suburbStyle</styleUrl><Polygon><outerBoundaryIs><LinearRing><coordinates>18.51063,-33.564234 18.510678,-33.563859 18.509421,-33.563718 18.504867,-33.563639 18.500342,-33.564504 18.498988,-33.56449 18.497176,-33.564086 18.496905,-33.564798 18.496049,-33.564556 18.495652,-33.565317 18.494529,-33.566955 18.496098,-33.567784 18.496968,-33.568584 18.497535,-33.569391 18.498774,-33.571913 18.499153,-33.572435 18.499678,-33.572965 18.500296,-33.573418 18.500915,-33.57375 18.504665,-33.575282 18.505066,-33.575676 18.505305,-33.576326 18.505845,-33.575311 18.505744,-33.575278 18.507119,-33.572914 18.506999,-33.572873 18.508151,-33.570815 18.50823,-33.570822 18.510149,-33.567212 18.510305,-33.566767 18.51063,-33.564234</coordinates></LinearRing></outerBoundaryIs></Polygon>
  </Placemark>
  <Placemark id="Official_Planning_Suburbs.84">
	<name>BLOEKOMBOS</name><description>5557838</description><styleUrl>#suburbStyle</styleUrl><Polygon><outerBoundaryIs><LinearRing><coordinates>18.753109,-33.849162 18.752775,-33.834467 18.752714,-33.834835 18.750459,-33.835742 18.746766,-33.837946 18.744674,-33.838821 18.743365,-33.839158 18.743452,-33.844403 18.743189,-33.847096 18.742908,-33.848124 18.742983,-33.848317 18.742904,-33.849281 18.742637,-33.8501 18.753124,-33.849979 18.753109,-33.849162</coordinates></LinearRing></outerBoundaryIs></Polygon>
  </Placemark>
  <Placemark id="Official_Planning_Suburbs.85">
	<name>DUNROBIN</name><description>5557983</description><styleUrl>#suburbStyle</styleUrl><Polygon><outerBoundaryIs><LinearRing><coordinates>18.648282,-33.906056 18.649274,-33.905973 18.64994,-33.90434 18.649033,-33.9041 18.648282,-33.906056</coordinates></LinearRing></outerBoundaryIs></Polygon>
  </Placemark>
  <Placemark id="Official_Planning_Suburbs.86">
	<name>MONTANA</name><description>5558091</description><styleUrl>#suburbStyle</styleUrl><Polygon><outerBoundaryIs><LinearRing><coordinates>18.570314,-33.964509 18.57958,-33.959415 18.575332,-33.958484 18.576115,-33.957411 18.566242,-33.956731 18.566243,-33.957241 18.566374,-33.957827 18.568639,-33.961301 18.568834,-33.961717 18.568942,-33.962398 18.568781,-33.963774 18.570314,-33.964509</coordinates></LinearRing></outerBoundaryIs></Polygon>
  </Placemark>
  <Placemark id="Official_Planning_Suburbs.87">
	<name>MONTEVIDEO</name><description>5558099</description><styleUrl>#suburbStyle</styleUrl><Polygon><outerBoundaryIs><LinearRing><coordinates>18.577877,-33.967746 18.577978,-33.966718 18.576698,-33.966612 18.575856,-33.961971 18.575653,-33.961574 18.570281,-33.964526 18.571141,-33.96509 18.572135,-33.965878 18.572894,-33.966615 18.573749,-33.967604 18.577874,-33.967831 18.577877,-33.967746</coordinates></LinearRing></outerBoundaryIs></Polygon>
  </Placemark>
  <Placemark id="Official_Planning_Suburbs.88">
	<name>TAMBOERSKLOOF</name><description>5558030</description><styleUrl>#suburbStyle</styleUrl><Polygon><outerBoundaryIs><LinearRing><coordinates>18.405299,-33.924096 18.405293,-33.923817 18.405044,-33.92359 18.404565,-33.92265 18.403077,-33.924432 18.402305,-33.92398 18.402382,-33.9243 18.402351,-33.924697 18.401961,-33.925163 18.400611,-33.925597 18.400057,-33.925634 18.399742,-33.926005 18.399844,-33.926446 18.399624,-33.927146 18.398345,-33.92788 18.397868,-33.928398 18.396994,-33.930072 18.397197,-33.931266 18.397888,-33.932441 18.397909,-33.932913 18.397482,-33.933884 18.398093,-33.935253 18.399441,-33.935102 18.402286,-33.934317 18.402524,-33.934479 18.403316,-33.934167 18.407641,-33.930226 18.408054,-33.929809 18.40776,-33.929634 18.408147,-33.929092 18.410266,-33.926973 18.410687,-33.926733 18.411088,-33.926366 18.409715,-33.925345 18.409793,-33.924988 18.409336,-33.923946 18.408832,-33.92381 18.408039,-33.923446 18.406699,-33.923852 18.406265,-33.924639 18.40551,-33.924425 18.405299,-33.924096</coordinates></LinearRing></outerBoundaryIs></Polygon>
  </Placemark>
  <Placemark id="Official_Planning_Suburbs.89">
	<name>VREDELUST KUILS RIVER</name><description>61039909</description><styleUrl>#suburbStyle</styleUrl><Polygon><outerBoundaryIs><LinearRing><coordinates>18.696245,-33.947418 18.697931,-33.944309 18.696817,-33.943711 18.691529,-33.945182 18.692241,-33.946164 18.692763,-33.946521 18.696245,-33.947418</coordinates></LinearRing></outerBoundaryIs></Polygon>
  </Placemark>
  <Placemark id="Official_Planning_Suburbs.90">
	<name>SAXONSEA</name><description>5557786</description><styleUrl>#suburbStyle</styleUrl><Polygon><outerBoundaryIs><LinearRing><coordinates>18.490863,-33.561544 18.492507,-33.560814 18.493178,-33.560632 18.496484,-33.560145 18.496147,-33.558814 18.49417,-33.556142 18.493656,-33.555033 18.493468,-33.554135 18.493413,-33.553364 18.493527,-33.552134 18.494376,-33.548382 18.494415,-33.546822 18.494313,-33.546098 18.490841,-33.544644 18.486987,-33.54278 18.484831,-33.541463 18.481545,-33.539881 18.480285,-33.540074 18.480991,-33.543306 18.482471,-33.54726 18.483529,-33.550375 18.482722,-33.552093 18.482601,-33.552905 18.482437,-33.553147 18.482303,-33.553822 18.482386,-33.554292 18.48232,-33.554544 18.482426,-33.554851 18.482062,-33.554926 18.481943,-33.556003 18.4821,-33.557106 18.483532,-33.557398 18.484633,-33.557736 18.486991,-33.558731 18.488024,-33.559299 18.489193,-33.560063 18.490086,-33.560777 18.490777,-33.561582 18.490863,-33.561544</coordinates></LinearRing></outerBoundaryIs></Polygon>
  </Placemark>
  <Placemark id="Official_Planning_Suburbs.91">
	<name>KLIPHEUWEL HOUSING SCHEME</name><description>5558258</description><styleUrl>#suburbStyle</styleUrl><Polygon><outerBoundaryIs><LinearRing><coordinates>18.700242,-33.695964 18.699486,-33.694501 18.69845,-33.694869 18.698926,-33.696341 18.69912,-33.69672 18.69936,-33.696627 18.699611,-33.697114 18.699371,-33.6972 18.699414,-33.697285 18.69952,-33.697367 18.69965,-33.697321 18.699998,-33.697932 18.699948,-33.697963 18.701782,-33.700664 18.702089,-33.700623 18.70251,-33.700073 18.702756,-33.699939 18.703094,-33.69989 18.70348,-33.700036 18.704097,-33.700494 18.704103,-33.700583 18.704282,-33.700417 18.700242,-33.695964</coordinates></LinearRing></outerBoundaryIs></Polygon>
  </Placemark>
  <Placemark id="Official_Planning_Suburbs.92">
	<name>MIKPUNT</name><description>5558259</description><styleUrl>#suburbStyle</styleUrl><Polygon><outerBoundaryIs><LinearRing><coordinates>18.705183,-33.72938 18.709035,-33.726323 18.715566,-33.717188 18.712565,-33.71255 18.70822,-33.720654 18.699619,-33.723694 18.69943,-33.724144 18.699648,-33.724442 18.700128,-33.724508 18.700805,-33.724844 18.701592,-33.724951 18.702576,-33.724978 18.703249,-33.725594 18.704343,-33.726033 18.704479,-33.726429 18.704364,-33.72669 18.703109,-33.727112 18.704141,-33.727969 18.704211,-33.728109 18.704239,-33.728471 18.703615,-33.729005 18.703613,-33.729364 18.70512,-33.72943 18.705183,-33.72938</coordinates></LinearRing></outerBoundaryIs></Polygon>
  </Placemark>
  <Placemark id="Official_Planning_Suburbs.93">
	<name>MALMESBURY FARMS</name><description>5558286</description><styleUrl>#suburbStyle</styleUrl><MultiGeometry><Polygon><outerBoundaryIs><LinearRing><coordinates>18.81333,-33.640654 18.80117,-33.639046 18.787459,-33.637619 18.784434,-33.640606 18.778149,-33.649111 18.76322,-33.648924 18.759799,-33.665576 18.754154,-33.664901 18.751996,-33.676825 18.749266,-33.678175 18.736732,-33.687032 18.730373,-33.685582 18.711867,-33.675871 18.7069,-33.68134 18.69332,-33.681272 18.697306,-33.692726 18.699054,-33.694654 18.699486,-33.694501 18.700257,-33.695991 18.705785,-33.702083 18.715566,-33.717188 18.715899,-33.717689 18.716645,-33.718457 18.717648,-33.725612 18.710885,-33.73109 18.729423,-33.751105 18.749483,-33.740625 18.750477,-33.736529 18.751562,-33.730155 18.752167,-33.729827 18.752488,-33.729787 18.754636,-33.729981 18.755085,-33.729914 18.757789,-33.729215 18.758589,-33.728814 18.761798,-33.726572 18.762665,-33.726041 18.764385,-33.724501 18.764996,-33.723811 18.765591,-33.723284 18.765977,-33.723068 18.767134,-33.722148 18.76829,-33.721447 18.768673,-33.721134 18.769448,-33.720257 18.770225,-33.71993 18.770781,-33.719584 18.771695,-33.719285 18.772932,-33.718652 18.773317,-33.718382 18.774184,-33.717561 18.775565,-33.718869 18.771386,-33.721491 18.769232,-33.726838 18.770235,-33.729121 18.79193,-33.73252 18.799213,-33.729493 18.805783,-33.732848 18.81376,-33.729497 18.818197,-33.722315 18.821076,-33.716598 18.821993,-33.708298 18.818799,-33.706991 18.814319,-33.706401 18.813214,-33.706453 18.81061,-33.705953 18.808277,-33.705332 18.804364,-33.707043 18.803992,-33.705903 18.802512,-33.705143 18.801927,-33.705046 18.801361,-33.705295 18.800856,-33.70573 18.800142,-33.705999 18.79882,-33.707201 18.797941,-33.707778 18.797638,-33.707736 18.796522,-33.707256 18.795816,-33.707313 18.795174,-33.707247 18.794585,-33.706829 18.796144,-33.695274 18.79565,-33.690451 18.793705,-33.679432 18.802152,-33.673725 18.813868,-33.655954 18.821077,-33.643555 18.821904,-33.64179 18.81333,-33.640654</coordinates></LinearRing></outerBoundaryIs></Polygon><Polygon><outerBoundaryIs><LinearRing><coordinates>18.464045,-33.473438 18.45545,-33.471274 18.43988,-33.497925 18.426141,-33.511192 18.431597,-33.513104 18.454717,-33.520611 18.47382,-33.532661 18.486722,-33.528602 18.516539,-33.530671 18.524669,-33.528444 18.523087,-33.518816 18.524508,-33.503639 18.514001,-33.496191 18.509426,-33.489546 18.495748,-33.481131 18.484666,-33.477676 18.468657,-33.474178 18.468375,-33.474528 18.464045,-33.473438</coordinates></LinearRing></outerBoundaryIs><innerBoundaryIs><LinearRing><coordinates>18.473839,-33.508169 18.474215,-33.507564 18.47538,-33.508074 18.476388,-33.508399 18.477,-33.508736 18.477146,-33.50847 18.477325,-33.508527 18.477199,-33.508805 18.478229,-33.509132 18.478309,-33.508945 18.478708,-33.509071 18.478621,-33.509257 18.479128,-33.509418 18.479204,-33.509249 18.479357,-33.509297 18.479231,-33.509577 18.479483,-33.509656 18.479368,-33.509935 18.479737,-33.509774 18.480344,-33.509966 18.480803,-33.510482 18.48051,-33.510638 18.481189,-33.511818 18.48081,-33.513985 18.483866,-33.514351 18.484796,-33.520493 18.475615,-33.520553 18.475615,-33.519358 18.472878,-33.519181 18.472978,-33.518106 18.472328,-33.517221 18.472548,-33.517055 18.471766,-33.515988 18.471492,-33.515949 18.471517,-33.515679 18.469586,-33.515553 18.469565,-33.515778 18.469309,-33.515626 18.468907,-33.515652 18.468837,-33.515735 18.468405,-33.515478 18.466122,-33.515302 18.465358,-33.515278 18.465211,-33.51534 18.463334,-33.51522 18.463138,-33.515027 18.462744,-33.515305 18.462563,-33.515169 18.461598,-33.515106 18.461622,-33.514838 18.461269,-33.514573 18.461259,-33.514482 18.460924,-33.514458 18.461117,-33.512536 18.460463,-33.51249 18.46065,-33.510657 18.462614,-33.510535 18.463169,-33.510589 18.463238,-33.51024 18.463451,-33.510105 18.463232,-33.50976 18.464136,-33.509394 18.46411,-33.509167 18.465284,-33.508988 18.465216,-33.508704 18.465372,-33.508653 18.465441,-33.508972 18.465817,-33.508936 18.465899,-33.509264 18.466436,-33.509217 18.466442,-33.509127 18.468244,-33.508979 18.469017,-33.509221 18.469425,-33.509189 18.46986,-33.509011 18.470651,-33.50816 18.471166,-33.50829 18.470916,-33.508652 18.470312,-33.50908 18.470706,-33.509874 18.471617,-33.509682 18.471586,-33.509507 18.472906,-33.508591 18.472977,-33.508687 18.473453,-33.508656 18.473926,-33.508436 18.473991,-33.508331 18.473792,-33.508245 18.473839,-33.508169</coordinates></LinearRing></innerBoundaryIs></Polygon></MultiGeometry>
  </Placemark>
  <Placemark id="Official_Planning_Suburbs.94">
	<name>VIERLANDEN</name><description>5557797</description><styleUrl>#suburbStyle</styleUrl><Polygon><outerBoundaryIs><LinearRing><coordinates>18.660697,-33.800444 18.654792,-33.805683 18.651042,-33.809214 18.652971,-33.810713 18.653977,-33.809811 18.655072,-33.811021 18.654354,-33.81151 18.654059,-33.81192 18.652996,-33.814053 18.653939,-33.814378 18.653965,-33.814312 18.656452,-33.815239 18.655163,-33.81783 18.657948,-33.818796 18.659779,-33.817872 18.66103,-33.816607 18.661038,-33.815996 18.661202,-33.815431 18.661408,-33.814917 18.662104,-33.813702 18.663293,-33.812421 18.663834,-33.812136 18.664386,-33.811727 18.666909,-33.818137 18.666958,-33.815264 18.66665,-33.814017 18.665604,-33.811148 18.661691,-33.801563 18.660697,-33.800444</coordinates></LinearRing></outerBoundaryIs></Polygon>
  </Placemark>
  <Placemark id="Official_Planning_Suburbs.95">
	<name>RUITERSHOOGTE</name><description>5557804</description><styleUrl>#suburbStyle</styleUrl><Polygon><outerBoundaryIs><LinearRing><coordinates>18.652996,-33.814053 18.654059,-33.81192 18.654354,-33.81151 18.655072,-33.811021 18.653977,-33.809811 18.648003,-33.815281 18.655198,-33.81776 18.656452,-33.815239 18.653965,-33.814312 18.653939,-33.814378 18.652996,-33.814053</coordinates></LinearRing></outerBoundaryIs></Polygon>
  </Placemark>
  <Placemark id="Official_Planning_Suburbs.96">
	<name>NERINA</name><description>5557808</description><styleUrl>#suburbStyle</styleUrl><Polygon><outerBoundaryIs><LinearRing><coordinates>18.647472,-33.821092 18.645259,-33.815762 18.641579,-33.821623 18.643166,-33.823315 18.646355,-33.823437 18.646706,-33.822643 18.647602,-33.822845 18.647737,-33.821997 18.647472,-33.821092</coordinates></LinearRing></outerBoundaryIs></Polygon>
  </Placemark>
  <Placemark id="Official_Planning_Suburbs.97">
	<name>PROTEAVILLE</name><description>5557809</description><styleUrl>#suburbStyle</styleUrl><Polygon><outerBoundaryIs><LinearRing><coordinates>18.65455,-33.817556 18.653685,-33.817269 18.652229,-33.820807 18.653158,-33.821081 18.653229,-33.82119 18.654403,-33.821528 18.657948,-33.818796 18.655163,-33.81783 18.655198,-33.81776 18.65455,-33.817556</coordinates></LinearRing></outerBoundaryIs></Polygon>
  </Placemark>
  <Placemark id="Official_Planning_Suburbs.98">
	<name>WELLWAY PARK EAST</name><description>5557814</description><styleUrl>#suburbStyle</styleUrl><Polygon><outerBoundaryIs><LinearRing><coordinates>18.667664,-33.819989 18.667562,-33.819743 18.667032,-33.820567 18.666074,-33.821739 18.664656,-33.822641 18.662327,-33.823505 18.659109,-33.824375 18.656744,-33.825464 18.656899,-33.825606 18.66017,-33.826691 18.663171,-33.828367 18.66505,-33.825934 18.666493,-33.826685 18.669708,-33.826217 18.670758,-33.825953 18.670247,-33.823289 18.6696,-33.823536 18.668711,-33.820624 18.668517,-33.82034 18.667856,-33.820461 18.667664,-33.819989</coordinates></LinearRing></outerBoundaryIs></Polygon>
  </Placemark>
  <Placemark id="Official_Planning_Suburbs.99">
	<name>WAIROA</name><description>5557820</description><styleUrl>#suburbStyle</styleUrl><Polygon><outerBoundaryIs><LinearRing><coordinates>18.636897,-33.824137 18.636828,-33.823913 18.635109,-33.824419 18.633775,-33.82538 18.634902,-33.826951 18.636996,-33.825284 18.636897,-33.824137</coordinates></LinearRing></outerBoundaryIs></Polygon>
  </Placemark>
  <Placemark id="Official_Planning_Suburbs.100">
	<name>MORNINGSTAR</name><description>5557822</description><styleUrl>#suburbStyle</styleUrl><Polygon><outerBoundaryIs><LinearRing><coordinates>18.659479,-33.82645 18.656899,-33.825606 18.656744,-33.825464 18.654426,-33.826641 18.652678,-33.827435 18.65339,-33.828026 18.653949,-33.82882 18.654188,-33.828588 18.657543,-33.829192 18.657748,-33.829021 18.657886,-33.829135 18.658023,-33.829084 18.658471,-33.829339 18.659196,-33.828659 18.659858,-33.827889 18.660375,-33.827455 18.661182,-33.827857 18.6615,-33.827465 18.66017,-33.826691 18.659479,-33.82645</coordinates></LinearRing></outerBoundaryIs></Polygon>
  </Placemark>
  <Placemark id="Official_Planning_Suburbs.101">
	<name>D'URBANVALE</name><description>5558446</description><styleUrl>#suburbStyle</styleUrl><Polygon><outerBoundaryIs><LinearRing><coordinates>18.636856,-33.823897 18.641579,-33.821623 18.645259,-33.815762 18.644215,-33.813224 18.641711,-33.811276 18.63004,-33.812655 18.633174,-33.815346 18.633768,-33.816155 18.634227,-33.817051 18.636856,-33.823897</coordinates></LinearRing></outerBoundaryIs></Polygon>
  </Placemark>
  <Placemark id="Official_Planning_Suburbs.102">
	<name>BRENTWOOD PARK - DURBANVILLE</name><description>71196118</description><styleUrl>#suburbStyle</styleUrl><Polygon><outerBoundaryIs><LinearRing><coordinates>18.662259,-33.815033 18.663121,-33.814868 18.663544,-33.814689 18.663406,-33.814509 18.66514,-33.813586 18.664386,-33.811727 18.663834,-33.812136 18.663293,-33.812421 18.662104,-33.813702 18.661816,-33.814193 18.662165,-33.815045 18.662259,-33.815033</coordinates></LinearRing></outerBoundaryIs></Polygon>
  </Placemark>
  <Placemark id="Official_Planning_Suburbs.103">
	<name>THE CREST</name><description>5557806</description><styleUrl>#suburbStyle</styleUrl><Polygon><outerBoundaryIs><LinearRing><coordinates>18.670314,-33.823265 18.678177,-33.820266 18.671748,-33.813041 18.669547,-33.816552 18.669773,-33.816815 18.669788,-33.817059 18.670062,-33.817551 18.67029,-33.818478 18.669978,-33.820269 18.669969,-33.821173 18.670247,-33.823289 18.670314,-33.823265</coordinates></LinearRing></outerBoundaryIs></Polygon>
  </Placemark>
  <Placemark id="Official_Planning_Suburbs.104">
	<name>WELLWAY PARK</name><description>5557813</description><styleUrl>#suburbStyle</styleUrl><Polygon><outerBoundaryIs><LinearRing><coordinates>18.660723,-33.823938 18.662708,-33.82337 18.661287,-33.81993 18.658692,-33.821521 18.65941,-33.822672 18.659974,-33.824117 18.660723,-33.823938</coordinates></LinearRing></outerBoundaryIs></Polygon>
  </Placemark>
  <Placemark id="Official_Planning_Suburbs.105">
	<name>GOEDEMOED</name><description>5557815</description><styleUrl>#suburbStyle</styleUrl><Polygon><outerBoundaryIs><LinearRing><coordinates>18.677977,-33.828409 18.675829,-33.824659 18.677301,-33.824219 18.675603,-33.821249 18.670247,-33.823289 18.671608,-33.830414 18.671778,-33.830701 18.672285,-33.833261 18.675932,-33.831639 18.675672,-33.831328 18.67463,-33.829531 18.675569,-33.829216 18.675499,-33.829159 18.677389,-33.828527 18.677428,-33.828593 18.677977,-33.828409</coordinates></LinearRing></outerBoundaryIs></Polygon>
  </Placemark>
  <Placemark id="Official_Planning_Suburbs.106">
	<name>ROSEDALE - DURBANVILLE</name><description>71196829</description><styleUrl>#suburbStyle</styleUrl><Polygon><outerBoundaryIs><LinearRing><coordinates>18.677775,-33.824164 18.677713,-33.824101 18.675829,-33.824659 18.677977,-33.828409 18.679895,-33.827767 18.677833,-33.824149 18.677775,-33.824164</coordinates></LinearRing></outerBoundaryIs></Polygon>
  </Placemark>
  <Placemark id="Official_Planning_Suburbs.107">
	<name>BONNIE BRAE</name><description>5557823</description><styleUrl>#suburbStyle</styleUrl><Polygon><outerBoundaryIs><LinearRing><coordinates>18.705135,-33.829153 18.699268,-33.827948 18.699126,-33.829346 18.697482,-33.829212 18.697201,-33.832329 18.697384,-33.832287 18.698815,-33.832401 18.698709,-33.83339 18.706925,-33.837022 18.709582,-33.832898 18.707691,-33.832039 18.708999,-33.82998 18.705135,-33.829153</coordinates></LinearRing></outerBoundaryIs></Polygon>
  </Placemark>
  <Placemark id="Official_Planning_Suburbs.108">
	<name>GOLIATH ESTATE</name><description>5557825</description><styleUrl>#suburbStyle</styleUrl><Polygon><outerBoundaryIs><LinearRing><coordinates>18.711311,-33.833605 18.713016,-33.830967 18.711071,-33.830555 18.708999,-33.82998 18.707691,-33.832039 18.711311,-33.833605</coordinates></LinearRing></outerBoundaryIs></Polygon>
  </Placemark>
  <Placemark id="Official_Planning_Suburbs.109">
	<name>GRAANENDAL</name><description>5558279</description><styleUrl>#suburbStyle</styleUrl><Polygon><outerBoundaryIs><LinearRing><coordinates>18.678265,-33.815559 18.679732,-33.81465 18.679611,-33.814211 18.67962,-33.811796 18.680418,-33.809314 18.680426,-33.807189 18.678873,-33.805626 18.677481,-33.806621 18.676507,-33.807549 18.671748,-33.813041 18.67492,-33.816605 18.675798,-33.816056 18.675477,-33.815694 18.675693,-33.81556 18.676311,-33.815562 18.676818,-33.816131 18.677165,-33.815916 18.67777,-33.815867 18.678265,-33.815559</coordinates></LinearRing></outerBoundaryIs></Polygon>
  </Placemark>
  <Placemark id="Official_Planning_Suburbs.110">
	<name>VIKING VILLAGE</name><description>5558282</description><styleUrl>#suburbStyle</styleUrl><Polygon><outerBoundaryIs><LinearRing><coordinates>18.724267,-33.83344 18.724328,-33.833411 18.723247,-33.830035 18.715686,-33.82845 18.714799,-33.831362 18.72424,-33.833362 18.724267,-33.83344</coordinates></LinearRing></outerBoundaryIs></Polygon>
  </Placemark>
  <Placemark id="Official_Planning_Suburbs.111">
	<name>RICHMOND PARK</name><description>5557839</description><styleUrl>#suburbStyle</styleUrl><Polygon><outerBoundaryIs><LinearRing><coordinates>18.537869,-33.835685 18.537421,-33.835558 18.534353,-33.843344 18.533125,-33.846868 18.532731,-33.848255 18.539904,-33.850435 18.541401,-33.846377 18.544823,-33.837683 18.537869,-33.835685</coordinates></LinearRing></outerBoundaryIs></Polygon>
  </Placemark>
  <Placemark id="Official_Planning_Suburbs.112">
	<name>VAN RIEBEECKSHOF</name><description>5557866</description><styleUrl>#suburbStyle</styleUrl><Polygon><outerBoundaryIs><LinearRing><coordinates>18.617636,-33.857439 18.612728,-33.852204 18.607431,-33.851295 18.604818,-33.8505 18.60301,-33.8509 18.604131,-33.856784 18.604155,-33.857721 18.604421,-33.85763 18.605179,-33.857668 18.605313,-33.859404 18.60525,-33.859418 18.607112,-33.861372 18.607686,-33.861749 18.608217,-33.861897 18.608777,-33.861902 18.61109,-33.861343 18.613711,-33.861031 18.613593,-33.859839 18.61341,-33.859386 18.613451,-33.859319 18.613832,-33.859575 18.613829,-33.859271 18.616922,-33.858999 18.620226,-33.859377 18.617636,-33.857439</coordinates></LinearRing></outerBoundaryIs></Polygon>
  </Placemark>
  <Placemark id="Official_Planning_Suburbs.113">
	<name>EVERGLEN</name><description>5557872</description><styleUrl>#suburbStyle</styleUrl><Polygon><outerBoundaryIs><LinearRing><coordinates>18.652642,-33.855611 18.653195,-33.854178 18.652891,-33.854015 18.647477,-33.855687 18.645131,-33.855556 18.645153,-33.855953 18.644622,-33.856368 18.644558,-33.856504 18.644001,-33.856391 18.643639,-33.856136 18.643652,-33.856002 18.643293,-33.855987 18.6429,-33.857536 18.642402,-33.858891 18.642904,-33.859064 18.643839,-33.859111 18.643979,-33.859195 18.64665,-33.859235 18.646769,-33.859178 18.647124,-33.857512 18.647277,-33.857397 18.648986,-33.857747 18.651694,-33.858041 18.652642,-33.855611</coordinates></LinearRing></outerBoundaryIs></Polygon>
  </Placemark>
  <Placemark id="Official_Planning_Suburbs.114">
	<name>BETHANIE</name><description>5557875</description><styleUrl>#suburbStyle</styleUrl><Polygon><outerBoundaryIs><LinearRing><coordinates>18.655697,-33.860764 18.659904,-33.860667 18.661095,-33.859172 18.660136,-33.856666 18.656494,-33.855711 18.655773,-33.858627 18.655459,-33.860769 18.655697,-33.860764</coordinates></LinearRing></outerBoundaryIs></Polygon>
  </Placemark>
  <Placemark id="Official_Planning_Suburbs.115">
	<name>KLEINBOSCH</name><description>5557882</description><styleUrl>#suburbStyle</styleUrl><Polygon><outerBoundaryIs><LinearRing><coordinates>18.565384,-33.861595 18.562356,-33.85985 18.560209,-33.858796 18.557283,-33.857515 18.558915,-33.865001 18.565384,-33.861595</coordinates></LinearRing></outerBoundaryIs></Polygon>
  </Placemark>
  <Placemark id="Official_Planning_Suburbs.116">
	<name>CHANTECLER</name><description>5557885</description><styleUrl>#suburbStyle</styleUrl><Polygon><outerBoundaryIs><LinearRing><coordinates>18.661909,-33.860995 18.661779,-33.860314 18.661095,-33.859172 18.659904,-33.860667 18.655459,-33.860769 18.655086,-33.863306 18.655778,-33.862905 18.656803,-33.864695 18.662216,-33.862639 18.661909,-33.860995</coordinates></LinearRing></outerBoundaryIs></Polygon>
  </Placemark>
  <Placemark id="Official_Planning_Suburbs.117">
	<name>DOOR DE KRAAL</name><description>5557886</description><styleUrl>#suburbStyle</styleUrl><Polygon><outerBoundaryIs><LinearRing><coordinates>18.627183,-33.859362 18.620226,-33.859377 18.620697,-33.865603 18.620666,-33.866572 18.626228,-33.870436 18.626905,-33.872235 18.627961,-33.871959 18.628992,-33.867897 18.628772,-33.867103 18.628327,-33.866368 18.630069,-33.865248 18.632951,-33.864773 18.632769,-33.862834 18.632002,-33.862811 18.631243,-33.862503 18.630904,-33.862184 18.630295,-33.86124 18.629664,-33.86067 18.629282,-33.860434 18.628734,-33.860304 18.627166,-33.860419 18.627183,-33.859362</coordinates></LinearRing></outerBoundaryIs></Polygon>
  </Placemark>
  <Placemark id="Official_Planning_Suburbs.118">
	<name>TYGERVALLEY WATERFRONT</name><description>5557895</description><styleUrl>#suburbStyle</styleUrl><Polygon><outerBoundaryIs><LinearRing><coordinates>18.633355,-33.868714 18.632951,-33.864773 18.630069,-33.865248 18.628327,-33.866368 18.628772,-33.867103 18.628992,-33.867897 18.627961,-33.871959 18.626905,-33.872235 18.627518,-33.873864 18.627413,-33.875198 18.627461,-33.875631 18.627817,-33.876683 18.627711,-33.87679 18.628734,-33.878114 18.630019,-33.878821 18.630468,-33.88116 18.63096,-33.880985 18.631405,-33.88166 18.631813,-33.879833 18.631806,-33.879437 18.631597,-33.878833 18.630749,-33.877537 18.630683,-33.876861 18.630867,-33.876307 18.631699,-33.874956 18.633154,-33.871467 18.633329,-33.870555 18.633242,-33.868855 18.63337,-33.868863 18.633355,-33.868714</coordinates></LinearRing></outerBoundaryIs></Polygon>
  </Placemark>
  <Placemark id="Official_Planning_Suburbs.119">
	<name>MONTE VISTA</name><description>5557899</description><styleUrl>#suburbStyle</styleUrl><Polygon><outerBoundaryIs><LinearRing><coordinates>18.554234,-33.889443 18.562097,-33.879242 18.560036,-33.870448 18.559298,-33.866761 18.557071,-33.869675 18.557103,-33.869735 18.547598,-33.882035 18.551042,-33.887407 18.551208,-33.887647 18.551408,-33.887763 18.551321,-33.888046 18.551616,-33.888162 18.552574,-33.889673 18.552742,-33.889722 18.552876,-33.889624 18.553188,-33.889689 18.553245,-33.889915 18.553348,-33.889913 18.55333,-33.889848 18.553487,-33.889792 18.553905,-33.889807 18.554234,-33.889443</coordinates></LinearRing></outerBoundaryIs></Polygon>
  </Placemark>
  <Placemark id="Official_Planning_Suburbs.120">
	<name>KAAPZICHT</name><description>5557928</description><styleUrl>#suburbStyle</styleUrl><Polygon><outerBoundaryIs><LinearRing><coordinates>18.563626,-33.879921 18.562322,-33.879305 18.563702,-33.886103 18.564292,-33.888612 18.567105,-33.888134 18.56771,-33.881992 18.567883,-33.881715 18.566349,-33.881003 18.566318,-33.881055 18.565301,-33.880628 18.565333,-33.880575 18.563923,-33.879966 18.563658,-33.88015 18.563626,-33.879921</coordinates></LinearRing></outerBoundaryIs></Polygon>
  </Placemark>
  <Placemark id="Official_Planning_Suburbs.121">
	<name>SONNENDAL</name><description>5557929</description><styleUrl>#suburbStyle</styleUrl><Polygon><outerBoundaryIs><LinearRing><coordinates>18.583593,-33.883977 18.584654,-33.883919 18.584409,-33.882771 18.58376,-33.881412 18.582423,-33.87974 18.577509,-33.880985 18.57902,-33.884047 18.581576,-33.88403 18.581587,-33.884079 18.583593,-33.883977</coordinates></LinearRing></outerBoundaryIs></Polygon>
  </Placemark>
  <Placemark id="Official_Planning_Suburbs.122">
	<name>NORTHGATE</name><description>5557937</description><styleUrl>#suburbStyle</styleUrl><Polygon><outerBoundaryIs><LinearRing><coordinates>18.584654,-33.883919 18.581587,-33.884079 18.581576,-33.88403 18.578277,-33.884062 18.574755,-33.884316 18.573286,-33.884543 18.573761,-33.886489 18.573688,-33.886501 18.573807,-33.886999 18.584874,-33.885092 18.584654,-33.883919</coordinates></LinearRing></outerBoundaryIs></Polygon>
  </Placemark>
  <Placemark id="Official_Planning_Suburbs.123">
	<name>PAROW NORTH</name><description>5557938</description><styleUrl>#suburbStyle</styleUrl><Polygon><outerBoundaryIs><LinearRing><coordinates>18.590868,-33.88698 18.593036,-33.885051 18.591853,-33.884725 18.590877,-33.884555 18.589632,-33.884429 18.588601,-33.884437 18.56866,-33.887856 18.567117,-33.887989 18.567105,-33.888134 18.564292,-33.888612 18.564645,-33.889354 18.565779,-33.889162 18.567288,-33.889084 18.569253,-33.889303 18.571024,-33.889829 18.573071,-33.890736 18.583085,-33.895526 18.582998,-33.895636 18.585317,-33.895215 18.58666,-33.894855 18.586831,-33.89494 18.587281,-33.894825 18.587969,-33.894961 18.588495,-33.893249 18.590747,-33.893694 18.591695,-33.891707 18.591324,-33.891672 18.59006,-33.891343 18.589968,-33.887789 18.590868,-33.88698</coordinates></LinearRing></outerBoundaryIs></Polygon>
  </Placemark>
  <Placemark id="Official_Planning_Suburbs.124">
	<name>BELVEDERE TYGERBERG</name><description>5557944</description><styleUrl>#suburbStyle</styleUrl><Polygon><outerBoundaryIs><LinearRing><coordinates>18.601004,-33.889839 18.600958,-33.889189 18.598879,-33.888291 18.598088,-33.889188 18.597529,-33.889425 18.59752,-33.890071 18.599892,-33.890079 18.599889,-33.890363 18.600076,-33.890363 18.600069,-33.890078 18.601021,-33.890083 18.601004,-33.889839</coordinates></LinearRing></outerBoundaryIs></Polygon>
  </Placemark>
  <Placemark id="Official_Planning_Suburbs.125">
	<name>BELLAIR</name><description>5558346</description><styleUrl>#suburbStyle</styleUrl><Polygon><outerBoundaryIs><LinearRing><coordinates>18.663538,-33.882301 18.662829,-33.881481 18.66079,-33.882263 18.660551,-33.882299 18.654793,-33.882612 18.65335,-33.882815 18.65332,-33.882741 18.653175,-33.882736 18.651418,-33.882833 18.652068,-33.88491 18.652555,-33.88605 18.655743,-33.885887 18.655744,-33.885937 18.661304,-33.885603 18.661222,-33.884753 18.663067,-33.884655 18.663071,-33.88472 18.665545,-33.884562 18.664827,-33.883654 18.664745,-33.883661 18.663538,-33.882301</coordinates></LinearRing></outerBoundaryIs></Polygon>
  </Placemark>
  <Placemark id="Official_Planning_Suburbs.126">
	<name>EDGEMEAD</name><description>5558432</description><styleUrl>#suburbStyle</styleUrl><Polygon><outerBoundaryIs><LinearRing><coordinates>18.537612,-33.884792 18.547504,-33.882486 18.547598,-33.882035 18.557103,-33.869735 18.557071,-33.869675 18.559286,-33.866778 18.557283,-33.857515 18.55721,-33.857716 18.551241,-33.862067 18.551445,-33.862277 18.541972,-33.869184 18.541228,-33.869637 18.540002,-33.870269 18.531941,-33.873093 18.53001,-33.873999 18.531221,-33.885165 18.532991,-33.885229 18.534173,-33.885398 18.535102,-33.885376 18.537612,-33.884792</coordinates></LinearRing></outerBoundaryIs></Polygon>
  </Placemark>
  <Placemark id="Official_Planning_Suburbs.127">
	<name>DOOR DE KRAAL FARM</name><description>5558472</description><styleUrl>#suburbStyle</styleUrl><Polygon><outerBoundaryIs><LinearRing><coordinates>18.625281,-33.859364 18.627183,-33.859362 18.627236,-33.85613 18.627565,-33.855872 18.628063,-33.852471 18.628693,-33.850633 18.627912,-33.851378 18.617582,-33.857394 18.620226,-33.859377 18.625281,-33.859364</coordinates></LinearRing></outerBoundaryIs></Polygon>
  </Placemark>
  <Placemark id="Official_Planning_Suburbs.128">
	<name>PEERLESS PARK NORTH</name><description>5557833</description><styleUrl>#suburbStyle</styleUrl><Polygon><outerBoundaryIs><LinearRing><coordinates>18.724248,-33.833389 18.72159,-33.832802 18.714299,-33.844144 18.71412,-33.844558 18.715245,-33.845244 18.724177,-33.839553 18.725866,-33.838649 18.725722,-33.838178 18.725926,-33.838039 18.724473,-33.833352 18.724299,-33.833316 18.724328,-33.833411 18.724264,-33.833441 18.724248,-33.833389</coordinates></LinearRing></outerBoundaryIs></Polygon>
  </Placemark>
  <Placemark id="Official_Planning_Suburbs.129">
	<name>PEERLESS PARK EAST</name><description>5557841</description><styleUrl>#suburbStyle</styleUrl><Polygon><outerBoundaryIs><LinearRing><coordinates>18.726707,-33.84136 18.725866,-33.838649 18.724177,-33.839553 18.715245,-33.845244 18.715958,-33.845762 18.716467,-33.846241 18.720222,-33.850221 18.725576,-33.845957 18.726155,-33.845578 18.726585,-33.845168 18.726963,-33.842829 18.726979,-33.842009 18.726906,-33.842 18.726707,-33.84136</coordinates></LinearRing></outerBoundaryIs></Polygon>
  </Placemark>
  <Placemark id="Official_Planning_Suburbs.130">
	<name>PEERLESS PARK WEST</name><description>5557853</description><styleUrl>#suburbStyle</styleUrl><Polygon><outerBoundaryIs><LinearRing><coordinates>18.716684,-33.852956 18.720222,-33.850221 18.716467,-33.846241 18.715958,-33.845762 18.715245,-33.845244 18.712359,-33.847107 18.711361,-33.848728 18.715861,-33.853589 18.716684,-33.852956</coordinates></LinearRing></outerBoundaryIs></Polygon>
  </Placemark>
  <Placemark id="Official_Planning_Suburbs.131">
	<name>SCOTTSVILLE</name><description>5557857</description><styleUrl>#suburbStyle</styleUrl><Polygon><outerBoundaryIs><LinearRing><coordinates>18.708996,-33.859139 18.715861,-33.853589 18.711361,-33.848728 18.712359,-33.847107 18.698443,-33.856141 18.698575,-33.856527 18.698755,-33.859269 18.704452,-33.85949 18.704492,-33.859569 18.70563,-33.859617 18.705647,-33.859559 18.707766,-33.859651 18.707845,-33.859711 18.708288,-33.859731 18.708996,-33.859139</coordinates></LinearRing></outerBoundaryIs></Polygon>
  </Placemark>
  <Placemark id="Official_Planning_Suburbs.132">
	<name>KLEINBEGIN</name><description>5557864</description><styleUrl>#suburbStyle</styleUrl><Polygon><outerBoundaryIs><LinearRing><coordinates>18.736019,-33.850345 18.736016,-33.850171 18.735759,-33.850173 18.735758,-33.850243 18.735376,-33.850313 18.730281,-33.853364 18.732298,-33.854222 18.733878,-33.853271 18.734074,-33.853512 18.734258,-33.853385 18.734129,-33.853235 18.734716,-33.852886 18.735686,-33.853471 18.735024,-33.854554 18.735506,-33.854759 18.736336,-33.8538 18.734688,-33.852797 18.736113,-33.851967 18.736113,-33.8518 18.734767,-33.851094 18.735682,-33.850602 18.735898,-33.850855 18.736027,-33.850853 18.736019,-33.850345</coordinates></LinearRing></outerBoundaryIs></Polygon>
  </Placemark>
  <Placemark id="Official_Planning_Suburbs.133">
	<name>EIKENDAL</name><description>5557865</description><styleUrl>#suburbStyle</styleUrl><Polygon><outerBoundaryIs><LinearRing><coordinates>18.719646,-33.859706 18.725687,-33.856093 18.720231,-33.850214 18.714368,-33.854754 18.708288,-33.859731 18.718961,-33.860115 18.719646,-33.859706</coordinates></LinearRing></outerBoundaryIs></Polygon>
  </Placemark>
  <Placemark id="Official_Planning_Suburbs.134">
	<name>VREDEKLOOF HEIGHTS</name><description>5557871</description><styleUrl>#suburbStyle</styleUrl><Polygon><outerBoundaryIs><LinearRing><coordinates>18.688792,-33.855992 18.689119,-33.854721 18.682812,-33.85355 18.683059,-33.856417 18.688388,-33.856908 18.688628,-33.856009 18.688792,-33.855992</coordinates></LinearRing></outerBoundaryIs></Polygon>
  </Placemark>
  <Placemark id="Official_Planning_Suburbs.135">
	<name>VREDEKLOOF EAST</name><description>5557874</description><styleUrl>#suburbStyle</styleUrl><Polygon><outerBoundaryIs><LinearRing><coordinates>18.691278,-33.855334 18.691344,-33.855133 18.689119,-33.854721 18.688792,-33.855992 18.688628,-33.856009 18.688388,-33.856908 18.683059,-33.856417 18.683216,-33.858587 18.683285,-33.85859 18.683027,-33.866169 18.695793,-33.857867 18.694744,-33.855658 18.694483,-33.854812 18.694113,-33.854836 18.691713,-33.855339 18.691262,-33.855496 18.691278,-33.855334</coordinates></LinearRing></outerBoundaryIs></Polygon>
  </Placemark>
  <Placemark id="Official_Planning_Suburbs.136">
	<name>OKAVANGO PARK</name><description>5557876</description><styleUrl>#suburbStyle</styleUrl><Polygon><outerBoundaryIs><LinearRing><coordinates>18.705585,-33.859615 18.704492,-33.859569 18.704452,-33.85949 18.698755,-33.859269 18.698575,-33.856527 18.698443,-33.856141 18.695793,-33.857867 18.697473,-33.861189 18.698208,-33.862365 18.699291,-33.863217 18.702222,-33.865132 18.70319,-33.86389 18.704354,-33.862736 18.708008,-33.859719 18.707766,-33.859651 18.705647,-33.859559 18.705585,-33.859615</coordinates></LinearRing></outerBoundaryIs></Polygon>
  </Placemark>
  <Placemark id="Official_Planning_Suburbs.137">
	<name>SUMMERVILLE</name><description>5557877</description><styleUrl>#suburbStyle</styleUrl><Polygon><outerBoundaryIs><LinearRing><coordinates>18.725833,-33.859122 18.726276,-33.858822 18.726094,-33.858145 18.72626,-33.857294 18.72607,-33.856601 18.725687,-33.856093 18.723522,-33.85739 18.723814,-33.857755 18.724947,-33.859648 18.725833,-33.859122</coordinates></LinearRing></outerBoundaryIs></Polygon>
  </Placemark>
  <Placemark id="Official_Planning_Suburbs.138">
	<name>MORGENSTER</name><description>5557893</description><styleUrl>#suburbStyle</styleUrl><Polygon><outerBoundaryIs><LinearRing><coordinates>18.699085,-33.869185 18.702222,-33.865132 18.699148,-33.863115 18.695736,-33.866461 18.692878,-33.869095 18.690845,-33.870535 18.692974,-33.875606 18.694807,-33.874474 18.694647,-33.87428 18.694965,-33.874085 18.695125,-33.87427 18.695654,-33.873463 18.698826,-33.869407 18.698866,-33.869465 18.699085,-33.869185</coordinates></LinearRing></outerBoundaryIs></Polygon>
  </Placemark>
  <Placemark id="Official_Planning_Suburbs.139">
	<name>EDENPARK</name><description>5557897</description><styleUrl>#suburbStyle</styleUrl><Polygon><outerBoundaryIs><LinearRing><coordinates>18.682834,-33.869856 18.683027,-33.866169 18.680883,-33.867543 18.676508,-33.869675 18.673957,-33.871447 18.674148,-33.871667 18.674219,-33.871977 18.6743,-33.872003 18.680642,-33.872747 18.681717,-33.872713 18.681833,-33.872632 18.682738,-33.872584 18.682834,-33.869856</coordinates></LinearRing></outerBoundaryIs></Polygon>
  </Placemark>
  <Placemark id="Official_Planning_Suburbs.140">
	<name>ARAUNA</name><description>5557900</description><styleUrl>#suburbStyle</styleUrl><Polygon><outerBoundaryIs><LinearRing><coordinates>18.68253,-33.877494 18.686817,-33.875384 18.687045,-33.875242 18.687662,-33.874606 18.683613,-33.868507 18.683286,-33.868434 18.682954,-33.868429 18.682834,-33.869856 18.682617,-33.875594 18.68247,-33.877486 18.68253,-33.877494</coordinates></LinearRing></outerBoundaryIs></Polygon>
  </Placemark>
  <Placemark id="Official_Planning_Suburbs.141">
	<name>ST MICHAELS</name><description>5557905</description><styleUrl>#suburbStyle</styleUrl><Polygon><outerBoundaryIs><LinearRing><coordinates>18.689625,-33.877672 18.692988,-33.875638 18.690851,-33.870548 18.688958,-33.871896 18.688717,-33.872136 18.688503,-33.872476 18.688105,-33.873823 18.687662,-33.874606 18.689625,-33.877672</coordinates></LinearRing></outerBoundaryIs></Polygon>
  </Placemark>
  <Placemark id="Official_Planning_Suburbs.142">
	<name>BRACKEN HEIGHTS</name><description>5557908</description><styleUrl>#suburbStyle</styleUrl><Polygon><outerBoundaryIs><LinearRing><coordinates>18.674454,-33.871991 18.6743,-33.872003 18.674156,-33.872194 18.675536,-33.878679 18.677566,-33.878419 18.682488,-33.877482 18.682738,-33.872584 18.681833,-33.872632 18.681717,-33.872713 18.680642,-33.872747 18.674454,-33.871991</coordinates></LinearRing></outerBoundaryIs></Polygon>
  </Placemark>
  <Placemark id="Official_Planning_Suburbs.143">
	<name>BRACKENFELL CENTRAL</name><description>5557912</description><styleUrl>#suburbStyle</styleUrl><Polygon><outerBoundaryIs><LinearRing><coordinates>18.689598,-33.877665 18.687662,-33.874606 18.687045,-33.875242 18.686817,-33.875384 18.683568,-33.87701 18.685751,-33.880158 18.675275,-33.886572 18.676313,-33.890225 18.684487,-33.884072 18.684529,-33.884128 18.684824,-33.884088 18.685764,-33.883655 18.68763,-33.882281 18.687719,-33.882305 18.690259,-33.880396 18.690252,-33.88031 18.690514,-33.880112 18.691332,-33.878737 18.692036,-33.878147 18.692614,-33.877497 18.694413,-33.875179 18.694352,-33.874755 18.689598,-33.877665</coordinates></LinearRing></outerBoundaryIs></Polygon>
  </Placemark>
  <Placemark id="Official_Planning_Suburbs.144">
	<name>PROTEA VILLAGE</name><description>5557925</description><styleUrl>#suburbStyle</styleUrl><Polygon><outerBoundaryIs><LinearRing><coordinates>18.717185,-33.886178 18.721006,-33.884041 18.719591,-33.880539 18.71954,-33.878904 18.714139,-33.881928 18.714051,-33.88204 18.71366,-33.882143 18.712136,-33.882973 18.714677,-33.886069 18.717185,-33.886178</coordinates></LinearRing></outerBoundaryIs></Polygon>
  </Placemark>
  <Placemark id="Official_Planning_Suburbs.145">
	<name>NORMANDIE ESTATE</name><description>5557939</description><styleUrl>#suburbStyle</styleUrl><Polygon><outerBoundaryIs><LinearRing><coordinates>18.719549,-33.886185 18.719096,-33.885109 18.717169,-33.886187 18.715105,-33.886089 18.715401,-33.887103 18.715504,-33.888837 18.720789,-33.889137 18.719549,-33.886185</coordinates></LinearRing></outerBoundaryIs></Polygon>
  </Placemark>
  <Placemark id="Official_Planning_Suburbs.146">
	<name>FRESNAYE</name><description>5558027</description><styleUrl>#suburbStyle</styleUrl><Polygon><outerBoundaryIs><LinearRing><coordinates>18.391444,-33.920618 18.391618,-33.920353 18.390137,-33.91952 18.38889,-33.921274 18.386378,-33.920045 18.382773,-33.925161 18.381662,-33.926364 18.381139,-33.926743 18.381362,-33.927397 18.381473,-33.927467 18.381675,-33.928162 18.381756,-33.928136 18.381913,-33.928513 18.38245,-33.930611 18.382573,-33.930526 18.383051,-33.930502 18.38445,-33.929905 18.385202,-33.929354 18.385839,-33.929427 18.38762,-33.928724 18.389256,-33.928455 18.389442,-33.928534 18.392838,-33.92467 18.392882,-33.924195 18.391536,-33.923533 18.391653,-33.923346 18.390074,-33.922579 18.391444,-33.920618</coordinates></LinearRing></outerBoundaryIs></Polygon>
  </Placemark>
  <Placemark id="Official_Planning_Suburbs.147">
	<name>DE TIJGER</name><description>5557940</description><styleUrl>#suburbStyle</styleUrl><Polygon><outerBoundaryIs><LinearRing><coordinates>18.596547,-33.894313 18.596559,-33.891795 18.596418,-33.891703 18.597499,-33.891704 18.597529,-33.889425 18.598088,-33.889188 18.599033,-33.888125 18.594567,-33.885717 18.593036,-33.885051 18.589968,-33.887789 18.59006,-33.891343 18.591324,-33.891672 18.591695,-33.891707 18.590771,-33.893645 18.592619,-33.8943 18.596547,-33.894313</coordinates></LinearRing></outerBoundaryIs></Polygon>
  </Placemark>
  <Placemark id="Official_Planning_Suburbs.148">
	<name>CLAMHALL</name><description>5557956</description><styleUrl>#suburbStyle</styleUrl><Polygon><outerBoundaryIs><LinearRing><coordinates>18.590648,-33.893698 18.588495,-33.893249 18.587969,-33.894961 18.587281,-33.894825 18.586831,-33.89494 18.58666,-33.894855 18.586714,-33.895137 18.586186,-33.898365 18.586328,-33.899152 18.586745,-33.899951 18.590816,-33.89923 18.591328,-33.897302 18.59231,-33.894193 18.590771,-33.893645 18.590648,-33.893698</coordinates></LinearRing></outerBoundaryIs></Polygon>
  </Placemark>
  <Placemark id="Official_Planning_Suburbs.149">
	<name>GLENWOOD</name><description>5557957</description><styleUrl>#suburbStyle</styleUrl><Polygon><outerBoundaryIs><LinearRing><coordinates>18.537445,-33.893576 18.537362,-33.893246 18.533825,-33.893864 18.533802,-33.894141 18.53332,-33.894294 18.533162,-33.894253 18.533158,-33.89582 18.533313,-33.897225 18.533386,-33.899294 18.538623,-33.898426 18.537445,-33.893576</coordinates></LinearRing></outerBoundaryIs></Polygon>
  </Placemark>
  <Placemark id="Official_Planning_Suburbs.150">
	<name>FAIRFIELD ESTATE</name><description>5557959</description><styleUrl>#suburbStyle</styleUrl><Polygon><outerBoundaryIs><LinearRing><coordinates>18.592562,-33.89428 18.59231,-33.894193 18.588981,-33.905354 18.596779,-33.903983 18.596704,-33.90334 18.597148,-33.898872 18.597466,-33.894316 18.592562,-33.89428</coordinates></LinearRing></outerBoundaryIs></Polygon>
  </Placemark>
  <Placemark id="Official_Planning_Suburbs.151">
	<name>CHURCHILL ESTATE</name><description>5557962</description><styleUrl>#suburbStyle</styleUrl><Polygon><outerBoundaryIs><LinearRing><coordinates>18.57053,-33.902784 18.586745,-33.899951 18.586328,-33.899152 18.586186,-33.898365 18.586714,-33.895137 18.58666,-33.894855 18.585317,-33.895215 18.57334,-33.897295 18.570521,-33.897554 18.568633,-33.897858 18.568345,-33.897974 18.570462,-33.902797 18.57053,-33.902784</coordinates></LinearRing></outerBoundaryIs></Polygon>
  </Placemark>
  <Placemark id="Official_Planning_Suburbs.152">
	<name>GOODWOOD  EXT 1</name><description>5557968</description><styleUrl>#suburbStyle</styleUrl><Polygon><outerBoundaryIs><LinearRing><coordinates>18.550353,-33.898643 18.539171,-33.900546 18.540236,-33.904845 18.547443,-33.903631 18.547677,-33.904603 18.550866,-33.904056 18.550865,-33.903759 18.551593,-33.903633 18.550353,-33.898643</coordinates></LinearRing></outerBoundaryIs></Polygon>
  </Placemark>
  <Placemark id="Official_Planning_Suburbs.153">
	<name>GLENLILY</name><description>5557970</description><styleUrl>#suburbStyle</styleUrl><Polygon><outerBoundaryIs><LinearRing><coordinates>18.576838,-33.907434 18.588981,-33.905354 18.590816,-33.89923 18.570612,-33.902768 18.571011,-33.903835 18.571448,-33.904339 18.575905,-33.906591 18.576403,-33.907011 18.57669,-33.907474 18.576838,-33.907434</coordinates></LinearRing></outerBoundaryIs></Polygon>
  </Placemark>
  <Placemark id="Official_Planning_Suburbs.154">
	<name>RICHMOND</name><description>5557986</description><styleUrl>#suburbStyle</styleUrl><Polygon><outerBoundaryIs><LinearRing><coordinates>18.571965,-33.908315 18.57669,-33.907474 18.576403,-33.907011 18.575905,-33.906591 18.571669,-33.904482 18.571209,-33.904115 18.570952,-33.904168 18.571965,-33.908315</coordinates></LinearRing></outerBoundaryIs></Polygon>
  </Placemark>
  <Placemark id="Official_Planning_Suburbs.155">
	<name>KLIPKOP</name><description>5557990</description><styleUrl>#suburbStyle</styleUrl><Polygon><outerBoundaryIs><LinearRing><coordinates>18.608919,-33.91568 18.608987,-33.91567 18.608891,-33.915363 18.609073,-33.91466 18.609097,-33.91396 18.607945,-33.908328 18.607764,-33.907818 18.608424,-33.90752 18.608716,-33.907307 18.609108,-33.906937 18.609442,-33.906447 18.597864,-33.907928 18.598253,-33.910571 18.599484,-33.91635 18.604179,-33.915668 18.604378,-33.916606 18.607352,-33.916176 18.608919,-33.91568</coordinates></LinearRing></outerBoundaryIs></Polygon>
  </Placemark>
  <Placemark id="Official_Planning_Suburbs.156">
	<name>PAROW VALLEY</name><description>5557998</description><styleUrl>#suburbStyle</styleUrl><Polygon><outerBoundaryIs><LinearRing><coordinates>18.598971,-33.914003 18.598253,-33.910571 18.597864,-33.907928 18.586152,-33.909587 18.587915,-33.918012 18.589068,-33.917854 18.589184,-33.9184 18.589323,-33.918441 18.589933,-33.918357 18.590049,-33.918914 18.593809,-33.918375 18.593693,-33.917815 18.595101,-33.917613 18.594981,-33.916999 18.59825,-33.916465 18.599228,-33.916326 18.599484,-33.91635 18.598971,-33.914003</coordinates></LinearRing></outerBoundaryIs></Polygon>
  </Placemark>
  <Placemark id="Official_Planning_Suburbs.157">
	<name>WP SHOWGROUNDS</name><description>5558012</description><styleUrl>#suburbStyle</styleUrl><Polygon><outerBoundaryIs><LinearRing><coordinates>18.550025,-33.914905 18.549918,-33.913686 18.545318,-33.915129 18.545232,-33.915061 18.541121,-33.916697 18.541787,-33.918715 18.542884,-33.923087 18.550723,-33.922501 18.550025,-33.914905</coordinates></LinearRing></outerBoundaryIs></Polygon>
  </Placemark>
  <Placemark id="Official_Planning_Suburbs.158">
	<name>WP PARK</name><description>5558029</description><styleUrl>#suburbStyle</styleUrl><Polygon><outerBoundaryIs><LinearRing><coordinates>18.550723,-33.922507 18.542884,-33.923087 18.543514,-33.925634 18.543686,-33.926757 18.550994,-33.92694 18.550843,-33.925085 18.550937,-33.925084 18.550723,-33.922507</coordinates></LinearRing></outerBoundaryIs></Polygon>
  </Placemark>
  <Placemark id="Official_Planning_Suburbs.159">
	<name>CONNAUGHT</name><description>5558249</description><styleUrl>#suburbStyle</styleUrl><Polygon><outerBoundaryIs><LinearRing><coordinates>18.589908,-33.927788 18.588104,-33.928023 18.585225,-33.928067 18.587031,-33.935774 18.594949,-33.934471 18.594266,-33.931364 18.594003,-33.930851 18.590711,-33.929183 18.590161,-33.92864 18.589908,-33.927788</coordinates></LinearRing></outerBoundaryIs></Polygon>
  </Placemark>
  <Placemark id="Official_Planning_Suburbs.160">
	<name>BALVENIE</name><description>5558251</description><styleUrl>#suburbStyle</styleUrl><Polygon><outerBoundaryIs><LinearRing><coordinates>18.584007,-33.928056 18.583167,-33.928098 18.579728,-33.928864 18.578966,-33.929434 18.57734,-33.930869 18.580696,-33.933499 18.583636,-33.935677 18.5838,-33.935908 18.583831,-33.936178 18.587031,-33.935774 18.585225,-33.928067 18.584007,-33.928056</coordinates></LinearRing></outerBoundaryIs></Polygon>
  </Placemark>
  <Placemark id="Official_Planning_Suburbs.161">
	<name>HAZENDAL</name><description>5558073</description><styleUrl>#suburbStyle</styleUrl><Polygon><outerBoundaryIs><LinearRing><coordinates>18.508033,-33.961274 18.508603,-33.959904 18.508805,-33.959053 18.508448,-33.956108 18.508776,-33.949785 18.504769,-33.949704 18.502779,-33.949836 18.502345,-33.950348 18.502072,-33.951188 18.501184,-33.951437 18.501861,-33.952205 18.50277,-33.954249 18.502788,-33.954754 18.501653,-33.959489 18.501689,-33.960262 18.503925,-33.960275 18.504529,-33.960341 18.508033,-33.961274</coordinates></LinearRing></outerBoundaryIs></Polygon>
  </Placemark>
  <Placemark id="Official_Planning_Suburbs.162">
	<name>SYBRAND PARK</name><description>5558080</description><styleUrl>#suburbStyle</styleUrl><Polygon><outerBoundaryIs><LinearRing><coordinates>18.501184,-33.951437 18.500873,-33.951461 18.500234,-33.952108 18.499879,-33.952308 18.499098,-33.952457 18.498973,-33.952612 18.498932,-33.953874 18.497372,-33.954862 18.497652,-33.957424 18.497477,-33.957912 18.496827,-33.957562 18.496236,-33.957447 18.49559,-33.957557 18.494461,-33.957907 18.495178,-33.960753 18.49577,-33.960687 18.495998,-33.960766 18.496303,-33.960738 18.496579,-33.960568 18.496868,-33.960218 18.501689,-33.960262 18.501653,-33.959489 18.502788,-33.954754 18.50277,-33.954249 18.501861,-33.952205 18.501184,-33.951437</coordinates></LinearRing></outerBoundaryIs></Polygon>
  </Placemark>
  <Placemark id="Official_Planning_Suburbs.163">
	<name>KALKSTEENFONTEIN</name><description>5558069</description><styleUrl>#suburbStyle</styleUrl><Polygon><outerBoundaryIs><LinearRing><coordinates>18.566351,-33.946657 18.566397,-33.943009 18.55907,-33.942507 18.560449,-33.943152 18.560998,-33.943512 18.56192,-33.944471 18.562225,-33.945107 18.562885,-33.947022 18.563053,-33.947019 18.563493,-33.948055 18.563522,-33.948455 18.563828,-33.948895 18.563756,-33.94899 18.564131,-33.950095 18.564334,-33.951254 18.564012,-33.954424 18.563754,-33.954969 18.563555,-33.95505 18.563432,-33.955299 18.563311,-33.956498 18.566242,-33.956731 18.566351,-33.946657</coordinates></LinearRing></outerBoundaryIs></Polygon>
  </Placemark>
  <Placemark id="Official_Planning_Suburbs.164">
	<name>EUREKA ESTATE</name><description>5558250</description><styleUrl>#suburbStyle</styleUrl><Polygon><outerBoundaryIs><LinearRing><coordinates>18.593248,-33.94281 18.59672,-33.942008 18.594942,-33.934472 18.587031,-33.935774 18.587475,-33.937433 18.587847,-33.938141 18.588333,-33.938803 18.589306,-33.939661 18.591777,-33.941371 18.592489,-33.942056 18.593052,-33.942851 18.593248,-33.94281</coordinates></LinearRing></outerBoundaryIs></Polygon>
  </Placemark>
  <Placemark id="Official_Planning_Suburbs.165">
	<name>VALHALLA PARK</name><description>5558074</description><styleUrl>#suburbStyle</styleUrl><Polygon><outerBoundaryIs><LinearRing><coordinates>18.56633,-33.949055 18.566242,-33.956731 18.576115,-33.957411 18.578239,-33.954604 18.578348,-33.954661 18.579187,-33.95355 18.576499,-33.952194 18.576544,-33.952078 18.572863,-33.950208 18.572892,-33.949123 18.56633,-33.949055</coordinates></LinearRing></outerBoundaryIs></Polygon>
  </Placemark>
  <Placemark id="Official_Planning_Suburbs.166">
	<name>NOOITGEDACHT</name><description>23511828</description><styleUrl>#suburbStyle</styleUrl><Polygon><outerBoundaryIs><LinearRing><coordinates>18.585528,-33.95386 18.580166,-33.953563 18.579344,-33.953342 18.578348,-33.954661 18.578239,-33.954604 18.576115,-33.957411 18.581387,-33.957753 18.582405,-33.957722 18.583135,-33.957596 18.584886,-33.956928 18.587383,-33.955763 18.588128,-33.955321 18.589775,-33.95411 18.589507,-33.954097 18.589413,-33.954166 18.588346,-33.954068 18.587888,-33.954374 18.587279,-33.953761 18.586638,-33.954209 18.586186,-33.953757 18.585528,-33.95386</coordinates></LinearRing></outerBoundaryIs></Polygon>
  </Placemark>
  <Placemark id="Official_Planning_Suburbs.167">
	<name>SANLAMHOF</name><description>5557979</description><styleUrl>#suburbStyle</styleUrl><Polygon><outerBoundaryIs><LinearRing><coordinates>18.647689,-33.903743 18.644729,-33.902954 18.642683,-33.902694 18.642473,-33.904274 18.642544,-33.90524 18.643097,-33.905212 18.643197,-33.906501 18.648278,-33.906056 18.649033,-33.9041 18.647689,-33.903743</coordinates></LinearRing></outerBoundaryIs></Polygon>
  </Placemark>
  <Placemark id="Official_Planning_Suburbs.168">
	<name>LOUMAR</name><description>5557980</description><styleUrl>#suburbStyle</styleUrl><Polygon><outerBoundaryIs><LinearRing><coordinates>18.658263,-33.903637 18.657938,-33.90318 18.656705,-33.904061 18.655539,-33.904655 18.654482,-33.905037 18.65496,-33.905595 18.654848,-33.905666 18.65747,-33.906439 18.659443,-33.905587 18.661615,-33.903456 18.660175,-33.903516 18.660143,-33.903565 18.658593,-33.903583 18.65836,-33.903761 18.658263,-33.903637</coordinates></LinearRing></outerBoundaryIs></Polygon>
  </Placemark>
  <Placemark id="Official_Planning_Suburbs.169">
	<name>MEYERHOF</name><description>5557984</description><styleUrl>#suburbStyle</styleUrl><Polygon><outerBoundaryIs><LinearRing><coordinates>18.659956,-33.907796 18.661002,-33.906563 18.662541,-33.9051 18.660691,-33.904358 18.659443,-33.905587 18.65747,-33.906439 18.659896,-33.907862 18.659956,-33.907796</coordinates></LinearRing></outerBoundaryIs></Polygon>
  </Placemark>
  <Placemark id="Official_Planning_Suburbs.170">
	<name>TRIANGLE FARM</name><description>5557989</description><styleUrl>#suburbStyle</styleUrl><Polygon><outerBoundaryIs><LinearRing><coordinates>18.655859,-33.905933 18.654848,-33.905666 18.653323,-33.90596 18.649335,-33.906305 18.649096,-33.90646 18.648875,-33.906401 18.647754,-33.906478 18.647771,-33.906583 18.646336,-33.906717 18.64632,-33.906601 18.643224,-33.906889 18.643233,-33.906992 18.64296,-33.907016 18.641904,-33.907072 18.641874,-33.906939 18.634375,-33.907614 18.635676,-33.907951 18.635658,-33.907821 18.642696,-33.909734 18.653277,-33.912476 18.656498,-33.907513 18.656997,-33.906272 18.655859,-33.905933</coordinates></LinearRing></outerBoundaryIs></Polygon>
  </Placemark>
  <Placemark id="Official_Planning_Suburbs.171">
	<name>GLENHAVEN</name><description>5558009</description><styleUrl>#suburbStyle</styleUrl><Polygon><outerBoundaryIs><LinearRing><coordinates>18.66076,-33.921422 18.660552,-33.917529 18.660404,-33.916654 18.660274,-33.916566 18.659689,-33.91548 18.659054,-33.914886 18.658209,-33.914392 18.657385,-33.91402 18.655712,-33.913673 18.655765,-33.913546 18.653021,-33.912801 18.651336,-33.915188 18.65104,-33.916112 18.654794,-33.916499 18.654904,-33.916652 18.654704,-33.918486 18.655429,-33.921164 18.655913,-33.921482 18.655963,-33.921544 18.655895,-33.921679 18.656023,-33.921652 18.660844,-33.922891 18.66076,-33.921422</coordinates></LinearRing></outerBoundaryIs></Polygon>
  </Placemark>
  <Placemark id="Official_Planning_Suburbs.172">
	<name>VOGELVLEI</name><description>5558010</description><styleUrl>#suburbStyle</styleUrl><Polygon><outerBoundaryIs><LinearRing><coordinates>18.658492,-33.913831 18.655861,-33.913159 18.655712,-33.913673 18.657385,-33.91402 18.658209,-33.914392 18.659054,-33.914886 18.659689,-33.91548 18.660274,-33.916566 18.660404,-33.916654 18.660552,-33.917529 18.660972,-33.925141 18.66084,-33.925517 18.660946,-33.925914 18.661008,-33.927431 18.662617,-33.927413 18.663123,-33.9248 18.664138,-33.92135 18.66583,-33.918613 18.66544,-33.918273 18.665512,-33.918135 18.664191,-33.917016 18.661128,-33.914709 18.660457,-33.914426 18.660497,-33.914188 18.659513,-33.913852 18.658492,-33.913831</coordinates></LinearRing></outerBoundaryIs></Polygon>
  </Placemark>
  <Placemark id="Official_Planning_Suburbs.173">
	<name>BELLVILLE SOUTH INDUSTRIA</name><description>5558016</description><styleUrl>#suburbStyle</styleUrl><Polygon><outerBoundaryIs><LinearRing><coordinates>18.655903,-33.921681 18.655913,-33.921482 18.655429,-33.921164 18.654704,-33.918486 18.654904,-33.916652 18.654794,-33.916499 18.65104,-33.916112 18.651099,-33.917363 18.652298,-33.921795 18.647232,-33.921582 18.646926,-33.920445 18.646926,-33.919966 18.646768,-33.919896 18.64672,-33.919717 18.641362,-33.91949 18.642565,-33.923931 18.642659,-33.923987 18.64276,-33.924366 18.643079,-33.9243 18.654911,-33.924795 18.656959,-33.924982 18.657618,-33.925112 18.659878,-33.925163 18.660497,-33.925356 18.660854,-33.92571 18.660972,-33.925141 18.660844,-33.922891 18.656023,-33.921652 18.655903,-33.921681</coordinates></LinearRing></outerBoundaryIs></Polygon>
  </Placemark>
  <Placemark id="Official_Planning_Suburbs.174">
	<name>VOELVLEI</name><description>5558021</description><styleUrl>#suburbStyle</styleUrl><Polygon><outerBoundaryIs><LinearRing><coordinates>18.669903,-33.923419 18.66765,-33.92037 18.66687,-33.91939 18.665943,-33.918429 18.664138,-33.92135 18.663113,-33.924851 18.666475,-33.92483 18.666707,-33.924916 18.667356,-33.924927 18.667386,-33.925112 18.66834,-33.924999 18.66841,-33.925132 18.66966,-33.923565 18.669816,-33.92345 18.669859,-33.923513 18.669948,-33.92348 18.669903,-33.923419</coordinates></LinearRing></outerBoundaryIs></Polygon>
  </Placemark>
  <Placemark id="Official_Planning_Suburbs.175">
	<name>BOSONIA</name><description>5558032</description><styleUrl>#suburbStyle</styleUrl><Polygon><outerBoundaryIs><LinearRing><coordinates>18.681892,-33.924746 18.681741,-33.924638 18.681523,-33.924611 18.678992,-33.925466 18.678904,-33.925426 18.678701,-33.925486 18.681708,-33.929993 18.68208,-33.929837 18.682119,-33.929896 18.685948,-33.927514 18.68202,-33.924734 18.681958,-33.924812 18.681892,-33.924746</coordinates></LinearRing></outerBoundaryIs></Polygon>
  </Placemark>
  <Placemark id="Official_Planning_Suburbs.176">
	<name>KLEIN ZEVENWACHT</name><description>5558035</description><styleUrl>#suburbStyle</styleUrl><Polygon><outerBoundaryIs><LinearRing><coordinates>18.714036,-33.930886 18.713659,-33.930593 18.713443,-33.930168 18.713351,-33.929347 18.713391,-33.928159 18.713175,-33.926398 18.708563,-33.926048 18.708357,-33.927573 18.708289,-33.928864 18.708173,-33.935643 18.708994,-33.935618 18.708542,-33.932479 18.713944,-33.930892 18.714128,-33.930959 18.714036,-33.930886</coordinates></LinearRing></outerBoundaryIs></Polygon>
  </Placemark>
  <Placemark id="Official_Planning_Suburbs.177">
	<name>CPUT</name><description>5558041</description><styleUrl>#suburbStyle</styleUrl><Polygon><outerBoundaryIs><LinearRing><coordinates>18.640024,-33.929159 18.635983,-33.928648 18.636008,-33.92925 18.637398,-33.933384 18.638047,-33.935888 18.655835,-33.933575 18.657101,-33.933316 18.658427,-33.932717 18.658815,-33.932467 18.659892,-33.931613 18.660441,-33.930874 18.660295,-33.930632 18.659959,-33.930868 18.659276,-33.930981 18.653216,-33.93072 18.642254,-33.929346 18.642291,-33.929573 18.641839,-33.930164 18.640024,-33.929159</coordinates></LinearRing></outerBoundaryIs></Polygon>
  </Placemark>
  <Placemark id="Official_Planning_Suburbs.178">
	<name>MIKRO PARK</name><description>5558042</description><styleUrl>#suburbStyle</styleUrl><Polygon><outerBoundaryIs><LinearRing><coordinates>18.695959,-33.930371 18.695219,-33.929455 18.693566,-33.930378 18.693424,-33.930385 18.6934,-33.930292 18.69308,-33.930282 18.693075,-33.931385 18.69153,-33.931363 18.689086,-33.929675 18.688029,-33.932067 18.694875,-33.934016 18.694518,-33.933823 18.694899,-33.93228 18.697033,-33.932784 18.697177,-33.932174 18.696629,-33.932047 18.696654,-33.931982 18.694426,-33.931443 18.694481,-33.931314 18.695959,-33.930371</coordinates></LinearRing></outerBoundaryIs></Polygon>
  </Placemark>
  <Placemark id="Official_Planning_Suburbs.179">
	<name>LETRU</name><description>5558299</description><styleUrl>#suburbStyle</styleUrl><Polygon><outerBoundaryIs><LinearRing><coordinates>18.670987,-33.923129 18.673855,-33.922082 18.673698,-33.921378 18.671977,-33.921024 18.671147,-33.922581 18.670692,-33.923067 18.670987,-33.923129</coordinates></LinearRing></outerBoundaryIs></Polygon>
  </Placemark>
  <Placemark id="Official_Planning_Suburbs.180">
	<name>KLIPDAM</name><description>5558300</description><styleUrl>#suburbStyle</styleUrl><Polygon><outerBoundaryIs><LinearRing><coordinates>18.686276,-33.927776 18.685948,-33.927514 18.682119,-33.929896 18.68208,-33.929837 18.681696,-33.929977 18.684173,-33.933894 18.684575,-33.933733 18.686268,-33.933922 18.686147,-33.933351 18.686504,-33.933422 18.689572,-33.932846 18.690031,-33.932845 18.690042,-33.932646 18.688029,-33.932067 18.689086,-33.929675 18.686574,-33.927945 18.686372,-33.928004 18.686276,-33.927776</coordinates></LinearRing></outerBoundaryIs></Polygon>
  </Placemark>
  <Placemark id="Official_Planning_Suburbs.181">
	<name>ZEVENWACHT RETIREMENT VILLAGE</name><description>5558307</description><styleUrl>#suburbStyle</styleUrl><Polygon><outerBoundaryIs><LinearRing><coordinates>18.714444,-33.936249 18.716684,-33.93549 18.717809,-33.935268 18.716745,-33.931865 18.714415,-33.930853 18.71415,-33.931017 18.714103,-33.931316 18.713597,-33.932546 18.713514,-33.933055 18.713604,-33.934719 18.714444,-33.936249</coordinates></LinearRing></outerBoundaryIs></Polygon>
  </Placemark>
  <Placemark id="Official_Planning_Suburbs.182">
	<name>DES HAMPDEN</name><description>5558314</description><styleUrl>#suburbStyle</styleUrl><Polygon><outerBoundaryIs><LinearRing><coordinates>18.669853,-33.923505 18.669816,-33.92345 18.66966,-33.923565 18.66841,-33.925132 18.669316,-33.931017 18.670931,-33.931073 18.675386,-33.932282 18.676195,-33.93257 18.676213,-33.932501 18.676709,-33.932638 18.67529,-33.93086 18.675172,-33.93085 18.672111,-33.926808 18.672565,-33.926843 18.669948,-33.92348 18.669853,-33.923505</coordinates></LinearRing></outerBoundaryIs></Polygon>
  </Placemark>
  <Placemark id="Official_Planning_Suburbs.183">
	<name>BELLVILLE LANDFILL</name><description>5558320</description><styleUrl>#suburbStyle</styleUrl><Polygon><outerBoundaryIs><LinearRing><coordinates>18.648332,-33.941202 18.66049,-33.938012 18.662617,-33.927413 18.661008,-33.927431 18.661037,-33.928069 18.660519,-33.93029 18.660295,-33.930632 18.660441,-33.930874 18.659892,-33.931613 18.658427,-33.932717 18.657101,-33.933316 18.655835,-33.933575 18.647446,-33.934646 18.64752,-33.940873 18.648332,-33.941202</coordinates></LinearRing></outerBoundaryIs></Polygon>
  </Placemark>
  <Placemark id="Official_Planning_Suburbs.184">
	<name>BOTTELARY SMALLHOLDINGS 1</name><description>5558453</description><styleUrl>#suburbStyle</styleUrl><Polygon><outerBoundaryIs><LinearRing><coordinates>18.724685,-33.897816 18.723465,-33.89543 18.718894,-33.897466 18.716588,-33.898865 18.716649,-33.900065 18.713185,-33.900478 18.713002,-33.896421 18.712901,-33.896404 18.713074,-33.900939 18.71266,-33.900988 18.712929,-33.901101 18.721027,-33.909683 18.726498,-33.916737 18.729783,-33.908308 18.725478,-33.904832 18.728106,-33.901808 18.726164,-33.900707 18.724685,-33.897816</coordinates></LinearRing></outerBoundaryIs></Polygon>
  </Placemark>
  <Placemark id="Official_Planning_Suburbs.185">
	<name>SIRROCCO'S</name><description>5558461</description><styleUrl>#suburbStyle</styleUrl><Polygon><outerBoundaryIs><LinearRing><coordinates>18.665719,-33.911899 18.664694,-33.911116 18.66247,-33.915718 18.663607,-33.916581 18.664183,-33.915396 18.664579,-33.914129 18.665091,-33.913666 18.665719,-33.911899</coordinates></LinearRing></outerBoundaryIs></Polygon>
  </Placemark>
  <Placemark id="Official_Planning_Suburbs.186">
	<name>BELHAR EXT 17</name><description>25857193</description><styleUrl>#suburbStyle</styleUrl><Polygon><outerBoundaryIs><LinearRing><coordinates>18.625969,-33.939171 18.625676,-33.937439 18.611571,-33.939129 18.610128,-33.940202 18.609243,-33.940946 18.608892,-33.941336 18.609065,-33.941456 18.609277,-33.941838 18.609261,-33.94292 18.610301,-33.942952 18.611088,-33.943276 18.612475,-33.943453 18.614171,-33.943343 18.618028,-33.942929 18.621279,-33.942322 18.622641,-33.941945 18.623065,-33.94301 18.624655,-33.942654 18.626764,-33.942401 18.626313,-33.940383 18.626174,-33.94029 18.625969,-33.939171</coordinates></LinearRing></outerBoundaryIs></Polygon>
  </Placemark>
  <Placemark id="Official_Planning_Suburbs.187">
	<name>BELHAR EXT 20</name><description>5558323</description><styleUrl>#suburbStyle</styleUrl><Polygon><outerBoundaryIs><LinearRing><coordinates>18.653811,-33.946105 18.653441,-33.946081 18.65128,-33.944858 18.64767,-33.944879 18.647707,-33.947221 18.649605,-33.947312 18.652236,-33.948796 18.654304,-33.948914 18.655812,-33.947077 18.655611,-33.946184 18.653811,-33.946105</coordinates></LinearRing></outerBoundaryIs></Polygon>
  </Placemark>
  <Placemark id="Official_Planning_Suburbs.188">
	<name>BELHAR EXT 19</name><description>5558325</description><styleUrl>#suburbStyle</styleUrl><Polygon><outerBoundaryIs><LinearRing><coordinates>18.655291,-33.950068 18.655315,-33.94997 18.654304,-33.948914 18.652236,-33.948796 18.649605,-33.947312 18.647707,-33.947221 18.647656,-33.94899 18.647491,-33.950854 18.649352,-33.950969 18.651385,-33.952097 18.653763,-33.952242 18.654966,-33.951467 18.655291,-33.950068</coordinates></LinearRing></outerBoundaryIs></Polygon>
  </Placemark>
  <Placemark id="Official_Planning_Suburbs.189">
	<name>BELHAR EXT 13</name><description>5558326</description><styleUrl>#suburbStyle</styleUrl><Polygon><outerBoundaryIs><LinearRing><coordinates>18.642529,-33.949971 18.635908,-33.949605 18.635737,-33.95052 18.635154,-33.950488 18.635185,-33.950039 18.632394,-33.949902 18.630137,-33.952401 18.638994,-33.953099 18.639018,-33.952531 18.642298,-33.952711 18.642529,-33.949971</coordinates></LinearRing></outerBoundaryIs></Polygon>
  </Placemark>
  <Placemark id="Official_Planning_Suburbs.190">
	<name>BELHAR EXT 10</name><description>5558327</description><styleUrl>#suburbStyle</styleUrl><Polygon><outerBoundaryIs><LinearRing><coordinates>18.647589,-33.94145 18.647171,-33.94145 18.64098,-33.942342 18.639999,-33.942398 18.638969,-33.942349 18.638674,-33.942875 18.639316,-33.942935 18.639164,-33.944323 18.640249,-33.944384 18.640228,-33.944758 18.642738,-33.944389 18.645219,-33.944369 18.645224,-33.944699 18.645655,-33.944696 18.645768,-33.94455 18.645847,-33.944624 18.647835,-33.94462 18.647798,-33.941753 18.647683,-33.941453 18.647589,-33.94145</coordinates></LinearRing></outerBoundaryIs></Polygon>
  </Placemark>
  <Placemark id="Official_Planning_Suburbs.191">
	<name>BELHAR EXT 11</name><description>5558328</description><styleUrl>#suburbStyle</styleUrl><Polygon><outerBoundaryIs><LinearRing><coordinates>18.64533,-33.945645 18.645236,-33.945564 18.645219,-33.944369 18.642738,-33.944389 18.642726,-33.94716 18.64616,-33.947176 18.646136,-33.945738 18.646011,-33.945645 18.64533,-33.945645</coordinates></LinearRing></outerBoundaryIs></Polygon>
  </Placemark>
  <Placemark id="Official_Planning_Suburbs.192">
	<name>BELHAR EXT 9</name><description>5558329</description><styleUrl>#suburbStyle</styleUrl><Polygon><outerBoundaryIs><LinearRing><coordinates>18.639167,-33.944291 18.638925,-33.944278 18.638939,-33.944098 18.638641,-33.944082 18.638627,-33.944293 18.63803,-33.944262 18.637844,-33.94586 18.638104,-33.945874 18.638047,-33.946037 18.637892,-33.946029 18.637848,-33.946592 18.638119,-33.946607 18.638088,-33.946968 18.639445,-33.947039 18.639417,-33.947373 18.639784,-33.947393 18.639788,-33.947339 18.64114,-33.947458 18.641149,-33.947348 18.641337,-33.947358 18.641354,-33.947139 18.641285,-33.947137 18.641351,-33.946308 18.640853,-33.946259 18.640807,-33.945807 18.640658,-33.945828 18.640431,-33.944735 18.640228,-33.944758 18.640249,-33.944384 18.639167,-33.944291</coordinates></LinearRing></outerBoundaryIs></Polygon>
  </Placemark>
  <Placemark id="Official_Planning_Suburbs.193">
	<name>BELHAR EXT 14</name><description>5558331</description><styleUrl>#suburbStyle</styleUrl><Polygon><outerBoundaryIs><LinearRing><coordinates>18.639188,-33.943966 18.639316,-33.942935 18.638674,-33.942875 18.632394,-33.949902 18.635185,-33.950039 18.635154,-33.950488 18.635737,-33.95052 18.635773,-33.950067 18.635871,-33.950071 18.63608,-33.947431 18.639397,-33.947616 18.639445,-33.947039 18.638088,-33.946968 18.638119,-33.946607 18.637848,-33.946592 18.637892,-33.946029 18.638047,-33.946037 18.638104,-33.945874 18.637844,-33.94586 18.63803,-33.944262 18.638627,-33.944293 18.638641,-33.944082 18.638939,-33.944098 18.638925,-33.944278 18.639167,-33.944291 18.639188,-33.943966</coordinates></LinearRing></outerBoundaryIs></Polygon>
  </Placemark>
  <Placemark id="Official_Planning_Suburbs.194">
	<name>BELHAR EXT 16</name><description>5558332</description><styleUrl>#suburbStyle</styleUrl><Polygon><outerBoundaryIs><LinearRing><coordinates>18.645847,-33.944624 18.645768,-33.94455 18.645655,-33.944696 18.645224,-33.944699 18.645236,-33.945564 18.64533,-33.945645 18.646011,-33.945645 18.646128,-33.945724 18.64616,-33.947176 18.642726,-33.94716 18.642666,-33.948694 18.642298,-33.952711 18.639018,-33.952531 18.638994,-33.953099 18.64718,-33.953715 18.647656,-33.94899 18.64767,-33.944879 18.647838,-33.94488 18.647835,-33.94462 18.645847,-33.944624</coordinates></LinearRing></outerBoundaryIs></Polygon>
  </Placemark>
  <Placemark id="Official_Planning_Suburbs.195">
	<name>BELHAR EXT 12</name><description>5558333</description><styleUrl>#suburbStyle</styleUrl><Polygon><outerBoundaryIs><LinearRing><coordinates>18.642724,-33.947198 18.641354,-33.947139 18.641337,-33.947358 18.641149,-33.947348 18.64114,-33.947458 18.639788,-33.947339 18.639784,-33.947393 18.639417,-33.947373 18.639397,-33.947616 18.63608,-33.947431 18.635908,-33.949605 18.642529,-33.949971 18.642724,-33.947198</coordinates></LinearRing></outerBoundaryIs></Polygon>
  </Placemark>
  <Placemark id="Official_Planning_Suburbs.196">
	<name>BELHAR EXT 23</name><description>5558334</description><styleUrl>#suburbStyle</styleUrl><Polygon><outerBoundaryIs><LinearRing><coordinates>18.647447,-33.934653 18.638124,-33.935878 18.639261,-33.94053 18.639248,-33.941459 18.639137,-33.941994 18.638969,-33.942349 18.639999,-33.942398 18.64098,-33.942342 18.647171,-33.94145 18.647683,-33.941453 18.647667,-33.941173 18.647524,-33.941194 18.647447,-33.934653</coordinates></LinearRing></outerBoundaryIs></Polygon>
  </Placemark>
  <Placemark id="Official_Planning_Suburbs.197">
	<name>BELHAR EXT 8</name><description>5558335</description><styleUrl>#suburbStyle</styleUrl><Polygon><outerBoundaryIs><LinearRing><coordinates>18.639248,-33.941459 18.639296,-33.940855 18.639199,-33.940168 18.638124,-33.935878 18.625676,-33.937439 18.626174,-33.94029 18.626313,-33.940383 18.626764,-33.942401 18.632114,-33.941766 18.638969,-33.942349 18.639137,-33.941994 18.639248,-33.941459</coordinates></LinearRing></outerBoundaryIs></Polygon>
  </Placemark>
  <Placemark id="Official_Planning_Suburbs.198">
	<name>BELHAR EXT 7</name><description>23036994</description><styleUrl>#suburbStyle</styleUrl><Polygon><outerBoundaryIs><LinearRing><coordinates>18.635418,-33.942028 18.635317,-33.942017 18.634627,-33.94377 18.634221,-33.944366 18.633757,-33.944864 18.627789,-33.948945 18.627243,-33.949475 18.626929,-33.949918 18.626637,-33.950641 18.626511,-33.95211 18.630137,-33.952401 18.638335,-33.943319 18.638969,-33.942349 18.635418,-33.942028</coordinates></LinearRing></outerBoundaryIs></Polygon>
  </Placemark>
  <Placemark id="Official_Planning_Suburbs.199">
	<name>BELHAR EXT 6</name><description>5558337</description><styleUrl>#suburbStyle</styleUrl><Polygon><outerBoundaryIs><LinearRing><coordinates>18.626516,-33.952055 18.626637,-33.950641 18.626929,-33.949918 18.627243,-33.949475 18.627789,-33.948945 18.633321,-33.945214 18.633801,-33.944824 18.634269,-33.944305 18.634682,-33.943672 18.635317,-33.942017 18.632788,-33.941791 18.631912,-33.941775 18.626535,-33.942426 18.625961,-33.946212 18.62585,-33.949974 18.625137,-33.952002 18.626511,-33.95211 18.626516,-33.952055</coordinates></LinearRing></outerBoundaryIs></Polygon>
  </Placemark>
  <Placemark id="Official_Planning_Suburbs.200">
	<name>BELHAR EXT 2</name><description>5558338</description><styleUrl>#suburbStyle</styleUrl><Polygon><outerBoundaryIs><LinearRing><coordinates>18.608529,-33.948368 18.6073,-33.948332 18.606706,-33.948224 18.605691,-33.947851 18.605089,-33.947502 18.604725,-33.947099 18.604437,-33.946526 18.604213,-33.945412 18.604209,-33.944896 18.600652,-33.946415 18.59928,-33.94719 18.598382,-33.947872 18.605751,-33.9501 18.606887,-33.950368 18.607876,-33.950547 18.615506,-33.951223 18.615621,-33.948649 18.611919,-33.948497 18.612099,-33.946739 18.612381,-33.946121 18.611288,-33.945721 18.6091,-33.946162 18.608988,-33.94838 18.608529,-33.948368</coordinates></LinearRing></outerBoundaryIs></Polygon>
  </Placemark>
  <Placemark id="Official_Planning_Suburbs.201">
	<name>BELHAR EXT 3</name><description>5558339</description><styleUrl>#suburbStyle</styleUrl><Polygon><outerBoundaryIs><LinearRing><coordinates>18.62595,-33.946588 18.626535,-33.942426 18.624655,-33.942654 18.623065,-33.94301 18.62444,-33.94646 18.624495,-33.948351 18.619412,-33.948784 18.615621,-33.948649 18.615506,-33.951223 18.625137,-33.952002 18.62585,-33.949974 18.62595,-33.946588</coordinates></LinearRing></outerBoundaryIs></Polygon>
  </Placemark>
  <Placemark id="Official_Planning_Suburbs.202">
	<name>BELHAR EXT 4</name><description>5558340</description><styleUrl>#suburbStyle</styleUrl><Polygon><outerBoundaryIs><LinearRing><coordinates>18.624264,-33.946018 18.623065,-33.94301 18.618711,-33.944189 18.61408,-33.945137 18.61331,-33.945371 18.612605,-33.94586 18.612177,-33.946496 18.612019,-33.947294 18.611919,-33.948497 18.619412,-33.948784 18.624495,-33.948351 18.62444,-33.94646 18.624264,-33.946018</coordinates></LinearRing></outerBoundaryIs></Polygon>
  </Placemark>
  <Placemark id="Official_Planning_Suburbs.203">
	<name>BELHAR EXT 5</name><description>5558341</description><styleUrl>#suburbStyle</styleUrl><Polygon><outerBoundaryIs><LinearRing><coordinates>18.623065,-33.94301 18.622641,-33.941945 18.621279,-33.942322 18.618028,-33.942929 18.614171,-33.943343 18.612475,-33.943453 18.61214,-33.94341 18.612163,-33.944322 18.611288,-33.945721 18.612387,-33.946123 18.612853,-33.945642 18.613469,-33.945304 18.618711,-33.944189 18.623065,-33.94301</coordinates></LinearRing></outerBoundaryIs></Polygon>
  </Placemark>
  <Placemark id="Official_Planning_Suburbs.204">
	<name>BELHAR EXT 1</name><description>5558342</description><styleUrl>#suburbStyle</styleUrl><Polygon><outerBoundaryIs><LinearRing><coordinates>18.609028,-33.94758 18.6091,-33.946162 18.611288,-33.945721 18.612163,-33.944322 18.612205,-33.944086 18.61214,-33.94341 18.611088,-33.943276 18.610301,-33.942952 18.609261,-33.94292 18.609277,-33.941838 18.609065,-33.941456 18.608892,-33.941336 18.607931,-33.94235 18.606483,-33.943666 18.605317,-33.944372 18.604209,-33.944896 18.604213,-33.945412 18.604388,-33.946355 18.604649,-33.946982 18.605033,-33.947457 18.605691,-33.947851 18.606534,-33.948176 18.60717,-33.948315 18.608988,-33.94838 18.609028,-33.94758</coordinates></LinearRing></outerBoundaryIs></Polygon>
  </Placemark>
  <Placemark id="Official_Planning_Suburbs.205">
	<name>UITSIG</name><description>5558466</description><styleUrl>#suburbStyle</styleUrl><Polygon><outerBoundaryIs><LinearRing><coordinates>18.598557,-33.929171 18.598011,-33.928827 18.594584,-33.930492 18.593999,-33.930841 18.594266,-33.931364 18.596476,-33.941199 18.596799,-33.942146 18.603699,-33.9406 18.602585,-33.931668 18.598557,-33.929171</coordinates></LinearRing></outerBoundaryIs></Polygon>
  </Placemark>
  <Placemark id="Official_Planning_Suburbs.206">
	<name>ZEVENWACHT FARM VILLAGE</name><description>5558045</description><styleUrl>#suburbStyle</styleUrl><Polygon><outerBoundaryIs><LinearRing><coordinates>18.714016,-33.935475 18.713589,-33.934662 18.713514,-33.933055 18.713597,-33.932546 18.714148,-33.931172 18.714128,-33.930959 18.713944,-33.930892 18.708542,-33.932479 18.708994,-33.935618 18.710275,-33.935689 18.712004,-33.936117 18.712984,-33.936135 18.713471,-33.935944 18.713865,-33.936313 18.714115,-33.936365 18.714441,-33.936256 18.714016,-33.935475</coordinates></LinearRing></outerBoundaryIs></Polygon>
  </Placemark>
  <Placemark id="Official_Planning_Suburbs.207">
	<name>LOUCHARMANTE</name><description>5558047</description><styleUrl>#suburbStyle</styleUrl><Polygon><outerBoundaryIs><LinearRing><coordinates>18.698778,-33.932684 18.698816,-33.931378 18.697481,-33.931311 18.697023,-33.932609 18.697033,-33.932784 18.694899,-33.93228 18.694518,-33.933823 18.694961,-33.934043 18.698245,-33.934954 18.698509,-33.93476 18.698778,-33.932684</coordinates></LinearRing></outerBoundaryIs></Polygon>
  </Placemark>
  <Placemark id="Official_Planning_Suburbs.208">
	<name>EIKENBOSCH KUILS RIVER</name><description>5558056</description><styleUrl>#suburbStyle</styleUrl><Polygon><outerBoundaryIs><LinearRing><coordinates>18.700647,-33.935619 18.698857,-33.93517 18.699861,-33.935626 18.69883,-33.935583 18.698617,-33.937136 18.701145,-33.938225 18.706169,-33.941422 18.706993,-33.941346 18.708083,-33.94081 18.708173,-33.935643 18.702782,-33.935786 18.700647,-33.935619</coordinates></LinearRing></outerBoundaryIs></Polygon>
  </Placemark>
  <Placemark id="Official_Planning_Suburbs.209">
	<name>JAGTERSHOF</name><description>5558057</description><styleUrl>#suburbStyle</styleUrl><Polygon><outerBoundaryIs><LinearRing><coordinates>18.705433,-33.942035 18.706169,-33.941422 18.701145,-33.938225 18.698843,-33.942575 18.699126,-33.942654 18.700014,-33.942548 18.700254,-33.942052 18.701904,-33.942686 18.702211,-33.942692 18.702172,-33.942789 18.70266,-33.94319 18.70294,-33.943099 18.703249,-33.943542 18.703571,-33.943464 18.703606,-33.94352 18.705433,-33.942035</coordinates></LinearRing></outerBoundaryIs></Polygon>
  </Placemark>
  <Placemark id="Official_Planning_Suburbs.210">
	<name>BELLVILLE TEACHERS COLLEGE</name><description>5558059</description><styleUrl>#suburbStyle</styleUrl><Polygon><outerBoundaryIs><LinearRing><coordinates>18.680584,-33.937725 18.680451,-33.937549 18.676708,-33.937633 18.676747,-33.942883 18.678706,-33.943183 18.682968,-33.940968 18.683009,-33.940888 18.680584,-33.937725</coordinates></LinearRing></outerBoundaryIs></Polygon>
  </Placemark>
  <Placemark id="Official_Planning_Suburbs.211">
	<name>LILLYDALE</name><description>5558313</description><styleUrl>#suburbStyle</styleUrl><Polygon><outerBoundaryIs><LinearRing><coordinates>18.701607,-33.945818 18.701459,-33.945333 18.700826,-33.945859 18.700472,-33.947248 18.701373,-33.947407 18.70205,-33.947263 18.701607,-33.945818</coordinates></LinearRing></outerBoundaryIs></Polygon>
  </Placemark>
  <Placemark id="Official_Planning_Suburbs.212">
	<name>WEMBLEY PARK</name><description>5558086</description><styleUrl>#suburbStyle</styleUrl><Polygon><outerBoundaryIs><LinearRing><coordinates>18.6718,-33.955609 18.668412,-33.955358 18.668367,-33.957025 18.672364,-33.957107 18.6718,-33.955609</coordinates></LinearRing></outerBoundaryIs></Polygon>
  </Placemark>
  <Placemark id="Official_Planning_Suburbs.213">
	<name>KING DAVID COUNTRY CLUB</name><description>5558095</description><styleUrl>#suburbStyle</styleUrl><Polygon><outerBoundaryIs><LinearRing><coordinates>18.582703,-33.958974 18.582741,-33.958093 18.581334,-33.958692 18.579992,-33.959421 18.579851,-33.959474 18.57958,-33.959415 18.575653,-33.961574 18.575856,-33.961971 18.576698,-33.966612 18.577978,-33.966718 18.577869,-33.967942 18.580243,-33.96811 18.580603,-33.966909 18.588863,-33.965673 18.588559,-33.962043 18.588065,-33.961395 18.587645,-33.961058 18.586619,-33.960606 18.586634,-33.9604 18.582656,-33.960083 18.582703,-33.958974</coordinates></LinearRing></outerBoundaryIs></Polygon>
  </Placemark>
  <Placemark id="Official_Planning_Suburbs.214">
	<name>DELFT 1 &amp; 2</name><description>5558262</description><styleUrl>#suburbStyle</styleUrl><Polygon><outerBoundaryIs><LinearRing><coordinates>18.629151,-33.952323 18.626511,-33.95211 18.626495,-33.95232 18.626212,-33.95298 18.625969,-33.95426 18.625925,-33.955526 18.625539,-33.958969 18.625363,-33.959091 18.625355,-33.959182 18.627103,-33.959319 18.62795,-33.960174 18.630651,-33.960387 18.630494,-33.958805 18.633966,-33.959078 18.63408,-33.960217 18.634166,-33.960212 18.63403,-33.958846 18.636105,-33.958701 18.635813,-33.955785 18.635404,-33.955628 18.635394,-33.954826 18.635728,-33.954684 18.635583,-33.954407 18.635533,-33.953958 18.635664,-33.952839 18.629151,-33.952323</coordinates></LinearRing></outerBoundaryIs></Polygon>
  </Placemark>
  <Placemark id="Official_Planning_Suburbs.215">
	<name>DELFT 4</name><description>5558264</description><styleUrl>#suburbStyle</styleUrl><Polygon><outerBoundaryIs><LinearRing><coordinates>18.630494,-33.958805 18.630868,-33.962073 18.63082,-33.96409 18.630709,-33.964558 18.633199,-33.964287 18.633191,-33.964385 18.637268,-33.963955 18.637027,-33.963797 18.636947,-33.963261 18.636818,-33.963274 18.636728,-33.962511 18.636572,-33.962436 18.636539,-33.962213 18.636421,-33.962225 18.636303,-33.961692 18.63692,-33.961628 18.637806,-33.961217 18.637934,-33.961416 18.638095,-33.961376 18.637883,-33.961193 18.637685,-33.960832 18.637572,-33.959975 18.63408,-33.960217 18.633966,-33.959078 18.630494,-33.958805</coordinates></LinearRing></outerBoundaryIs></Polygon>
  </Placemark>
  <Placemark id="Official_Planning_Suburbs.216">
	<name>DELFT 5</name><description>5558265</description><styleUrl>#suburbStyle</styleUrl><Polygon><outerBoundaryIs><LinearRing><coordinates>18.632952,-33.965088 18.632877,-33.965034 18.633052,-33.964303 18.624775,-33.965202 18.62542,-33.967787 18.626078,-33.968985 18.627256,-33.968492 18.628232,-33.968386 18.631996,-33.968974 18.632389,-33.967086 18.632499,-33.966989 18.632425,-33.966935 18.632837,-33.965202 18.632952,-33.965088</coordinates></LinearRing></outerBoundaryIs></Polygon>
  </Placemark>
  <Placemark id="Official_Planning_Suburbs.217">
	<name>THE HAGUE</name><description>5558268</description><styleUrl>#suburbStyle</styleUrl><Polygon><outerBoundaryIs><LinearRing><coordinates>18.646865,-33.95982 18.646699,-33.957435 18.64718,-33.953715 18.635664,-33.952839 18.635533,-33.953958 18.635583,-33.954407 18.635728,-33.954684 18.635394,-33.954826 18.635404,-33.955628 18.635813,-33.955785 18.636105,-33.958701 18.63403,-33.958846 18.634166,-33.960212 18.637572,-33.959975 18.637636,-33.960052 18.637599,-33.960579 18.637685,-33.960832 18.637883,-33.961193 18.638095,-33.961376 18.637934,-33.961416 18.637806,-33.961217 18.63692,-33.961628 18.636303,-33.961692 18.636421,-33.962225 18.636539,-33.962213 18.636572,-33.962436 18.636728,-33.962511 18.636818,-33.963274 18.636947,-33.963261 18.637085,-33.963835 18.640131,-33.96353 18.640808,-33.963553 18.644245,-33.964723 18.645201,-33.964924 18.646098,-33.965215 18.646576,-33.964205 18.646799,-33.963272 18.64698,-33.96145 18.646865,-33.95982</coordinates></LinearRing></outerBoundaryIs></Polygon>
  </Placemark>
  <Placemark id="Official_Planning_Suburbs.218">
	<name>OUDEKRAAL</name><description>5558105</description><styleUrl>#suburbStyle</styleUrl><Polygon><outerBoundaryIs><LinearRing><coordinates>18.386839,-33.979249 18.388525,-33.976457 18.391839,-33.973832 18.391955,-33.973822 18.372975,-33.965619 18.373088,-33.966564 18.372928,-33.966947 18.372745,-33.967117 18.372344,-33.967267 18.371856,-33.967648 18.371004,-33.968098 18.370552,-33.968621 18.370559,-33.969308 18.370895,-33.969799 18.370821,-33.970006 18.370875,-33.970814 18.37129,-33.972069 18.371024,-33.973898 18.370729,-33.974157 18.369647,-33.974656 18.368927,-33.975269 18.368525,-33.975479 18.367729,-33.976535 18.367326,-33.976988 18.366997,-33.977228 18.366825,-33.97751 18.365447,-33.978675 18.36468,-33.979065 18.363793,-33.979353 18.363707,-33.979444 18.363674,-33.980397 18.363577,-33.980635 18.363114,-33.980905 18.36286,-33.980873 18.362713,-33.981125 18.362202,-33.981264 18.362223,-33.981701 18.361763,-33.981676 18.361699,-33.982059 18.361553,-33.982139 18.361323,-33.982168 18.36119,-33.982046 18.360475,-33.982012 18.360261,-33.981792 18.360102,-33.981775 18.35986,-33.981585 18.359253,-33.981733 18.359106,-33.981854 18.359249,-33.982147 18.359212,-33.982248 18.357979,-33.983363 18.357184,-33.984318 18.356599,-33.984689 18.355858,-33.984495 18.355324,-33.98447 18.354971,-33.984685 18.354852,-33.984913 18.355007,-33.985054 18.354993,-33.98519 18.354796,-33.985417 18.354247,-33.985761 18.354099,-33.986324 18.353757,-33.986767 18.353717,-33.986952 18.353454,-33.987167 18.352893,-33.987305 18.352451,-33.987281 18.351824,-33.98756 18.351302,-33.987666 18.351137,-33.987631 18.351049,-33.987522 18.351054,-33.98736 18.351232,-33.987078 18.351094,-33.986856 18.350934,-33.986822 18.350491,-33.987219 18.350191,-33.987267 18.35001,-33.9874 18.34961,-33.987447 18.34911,-33.987345 18.34883,-33.987427 18.348608,-33.987642 18.348546,-33.988008 18.348626,-33.988146 18.348539,-33.988395 18.348373,-33.988667 18.348063,-33.988952 18.347437,-33.989142 18.347346,-33.989248 18.346887,-33.989429 18.346758,-33.989571 18.345459,-33.990086 18.345271,-33.990571 18.344885,-33.990699 18.344199,-33.991128 18.34414,-33.991317 18.343823,-33.991644 18.34368,-33.992014 18.343888,-33.992744 18.343529,-33.993098 18.343698,-33.993384 18.343511,-33.993655 18.343735,-33.994083 18.343761,-33.994403 18.343945,-33.994564 18.344169,-33.994957 18.344068,-33.995158 18.344123,-33.995455 18.344021,-33.995715 18.344047,-33.996023 18.344385,-33.996541 18.344039,-33.997143 18.344276,-33.997761 18.344146,-33.998021 18.343903,-33.998192 18.343261,-33.99839 18.342832,-33.998648 18.342546,-33.99873 18.342231,-33.999072 18.34223,-33.999167 18.341958,-33.999355 18.342108,-34.000144 18.341919,-34.000653 18.341719,-34.000877 18.341732,-34.001031 18.3415,-34.001575 18.34175,-34.00227 18.341735,-34.002472 18.341998,-34.002886 18.349492,-34.001476 18.354163,-34.002623 18.360871,-33.999037 18.373219,-34.004299 18.373152,-34.004088 18.374282,-34.002492 18.377848,-33.998652 18.383907,-34.002617 18.38454,-33.98953 18.389084,-33.982973 18.3855,-33.981466 18.386839,-33.979249</coordinates></LinearRing></outerBoundaryIs></Polygon>
  </Placemark>
  <Placemark id="Official_Planning_Suburbs.219">
	<name>PENLYN ESTATE</name><description>5558118</description><styleUrl>#suburbStyle</styleUrl><Polygon><outerBoundaryIs><LinearRing><coordinates>18.522918,-33.974933 18.520169,-33.97421 18.519112,-33.978711 18.519566,-33.978862 18.519368,-33.979294 18.519856,-33.979386 18.520495,-33.979691 18.520381,-33.980756 18.520285,-33.980805 18.520242,-33.981147 18.520217,-33.982921 18.51957,-33.986184 18.519744,-33.987719 18.520861,-33.987983 18.522171,-33.988464 18.525792,-33.980966 18.521213,-33.97942 18.522918,-33.974933</coordinates></LinearRing></outerBoundaryIs></Polygon>
  </Placemark>
  <Placemark id="Official_Planning_Suburbs.220">
	<name>HATTON</name><description>5558123</description><styleUrl>#suburbStyle</styleUrl><Polygon><outerBoundaryIs><LinearRing><coordinates>18.537878,-33.978302 18.531345,-33.978456 18.531013,-33.981128 18.53107,-33.981678 18.531196,-33.981715 18.531171,-33.982429 18.53137,-33.98259 18.531171,-33.982792 18.532259,-33.982167 18.533265,-33.981842 18.538075,-33.981596 18.537878,-33.978302</coordinates></LinearRing></outerBoundaryIs></Polygon>
  </Placemark>
  <Placemark id="Official_Planning_Suburbs.221">
	<name>MOUNTVIEW</name><description>5558127</description><styleUrl>#suburbStyle</styleUrl><Polygon><outerBoundaryIs><LinearRing><coordinates>18.529752,-33.982285 18.525792,-33.980966 18.522171,-33.988464 18.522,-33.989579 18.522134,-33.990159 18.522426,-33.990671 18.522657,-33.990918 18.523513,-33.991449 18.525283,-33.992328 18.527635,-33.98901 18.527969,-33.988764 18.527643,-33.988451 18.527528,-33.988498 18.526405,-33.98766 18.526394,-33.987536 18.528188,-33.985086 18.528796,-33.984426 18.529484,-33.983833 18.531171,-33.982792 18.53137,-33.98259 18.530659,-33.98252 18.530376,-33.982426 18.530244,-33.982457 18.529752,-33.982285</coordinates></LinearRing></outerBoundaryIs></Polygon>
  </Placemark>
  <Placemark id="Official_Planning_Suburbs.222">
	<name>NEWFIELDS</name><description>5558130</description><styleUrl>#suburbStyle</styleUrl><Polygon><outerBoundaryIs><LinearRing><coordinates>18.548805,-33.987746 18.548695,-33.98485 18.54902,-33.98378 18.548918,-33.983647 18.548329,-33.983521 18.548998,-33.980866 18.542368,-33.979467 18.542448,-33.981396 18.533699,-33.981785 18.533044,-33.981884 18.532259,-33.982167 18.530087,-33.983423 18.528964,-33.984266 18.528188,-33.985086 18.526394,-33.987536 18.526405,-33.98766 18.527528,-33.988498 18.527643,-33.988451 18.527969,-33.988764 18.530303,-33.988534 18.538368,-33.988303 18.538379,-33.988692 18.542702,-33.988569 18.542687,-33.988222 18.548805,-33.987746</coordinates></LinearRing></outerBoundaryIs></Polygon>
  </Placemark>
  <Placemark id="Official_Planning_Suburbs.223">
	<name>PINATI ESTATE</name><description>83940530</description><styleUrl>#suburbStyle</styleUrl><Polygon><outerBoundaryIs><LinearRing><coordinates>18.52103,-33.993644 18.52451,-33.993377 18.525283,-33.992328 18.523513,-33.991449 18.522657,-33.990918 18.522426,-33.990671 18.522134,-33.990159 18.522,-33.989579 18.522171,-33.988464 18.520248,-33.987798 18.519338,-33.987718 18.517397,-33.988123 18.516562,-33.98821 18.512146,-33.989125 18.512591,-33.992053 18.512731,-33.99249 18.513066,-33.993048 18.516228,-33.996178 18.517053,-33.996812 18.518556,-33.99768 18.520383,-33.997608 18.52103,-33.993644</coordinates></LinearRing></outerBoundaryIs></Polygon>
  </Placemark>
  <Placemark id="Official_Planning_Suburbs.224">
	<name>BOQUINAR INDUSTRIAL AREA</name><description>5558088</description><styleUrl>#suburbStyle</styleUrl><Polygon><outerBoundaryIs><LinearRing><coordinates>18.591087,-33.967375 18.59188,-33.962819 18.591859,-33.961917 18.591722,-33.961211 18.591319,-33.960306 18.58895,-33.956496 18.587933,-33.955431 18.586528,-33.956206 18.584886,-33.956928 18.583935,-33.957324 18.582746,-33.957664 18.582656,-33.960083 18.586634,-33.9604 18.586619,-33.960606 18.587452,-33.96096 18.587949,-33.961279 18.588559,-33.962043 18.588863,-33.965673 18.580603,-33.966909 18.580243,-33.96811 18.577869,-33.967942 18.577874,-33.967831 18.57373,-33.967603 18.584533,-33.979648 18.585426,-33.980432 18.587634,-33.981971 18.589237,-33.976865 18.590141,-33.973637 18.591087,-33.967375</coordinates></LinearRing></outerBoundaryIs></Polygon>
  </Placemark>
  <Placemark id="Official_Planning_Suburbs.225">
	<name>AIRPORT CITY</name><description>5558344</description><styleUrl>#suburbStyle</styleUrl><Polygon><outerBoundaryIs><LinearRing><coordinates>18.597791,-33.98728 18.601866,-33.986304 18.600136,-33.982208 18.594634,-33.981829 18.59283,-33.977704 18.593368,-33.975842 18.592943,-33.973493 18.5902,-33.973373 18.589237,-33.976865 18.587634,-33.981971 18.591105,-33.984365 18.592002,-33.984904 18.593167,-33.985478 18.597791,-33.98728</coordinates></LinearRing></outerBoundaryIs></Polygon>
  </Placemark>
  <Placemark id="Official_Planning_Suburbs.226">
	<name>WESBANK</name><description>5558083</description><styleUrl>#suburbStyle</styleUrl><Polygon><outerBoundaryIs><LinearRing><coordinates>18.661049,-33.969198 18.66039,-33.967262 18.659768,-33.966248 18.659411,-33.966247 18.659414,-33.9653 18.659719,-33.965301 18.659755,-33.964892 18.659752,-33.962031 18.660053,-33.960153 18.661449,-33.956878 18.661845,-33.956616 18.662322,-33.95606 18.662462,-33.955698 18.662542,-33.954919 18.657124,-33.954509 18.654926,-33.96607 18.652415,-33.978421 18.657606,-33.979437 18.657967,-33.978287 18.657911,-33.977764 18.658009,-33.977667 18.658404,-33.976483 18.658455,-33.974716 18.658673,-33.97463 18.660081,-33.974634 18.65977,-33.97373 18.660395,-33.973429 18.660598,-33.973733 18.663839,-33.973742 18.663767,-33.97284 18.663118,-33.969999 18.66245,-33.969681 18.661256,-33.969678 18.661049,-33.969198</coordinates></LinearRing></outerBoundaryIs></Polygon>
  </Placemark>
  <Placemark id="Official_Planning_Suburbs.227">
	<name>DELFT 6</name><description>5558266</description><styleUrl>#suburbStyle</styleUrl><Polygon><outerBoundaryIs><LinearRing><coordinates>18.631786,-33.970223 18.63208,-33.968988 18.628232,-33.968386 18.627256,-33.968492 18.626078,-33.968985 18.627515,-33.971353 18.627446,-33.971534 18.627564,-33.971687 18.627782,-33.971746 18.631134,-33.977151 18.631585,-33.97689 18.631806,-33.976954 18.63376,-33.976193 18.631373,-33.971962 18.631786,-33.970223</coordinates></LinearRing></outerBoundaryIs></Polygon>
  </Placemark>
  <Placemark id="Official_Planning_Suburbs.228">
	<name>VOORBRUG</name><description>5558270</description><styleUrl>#suburbStyle</styleUrl><Polygon><outerBoundaryIs><LinearRing><coordinates>18.652506,-33.977954 18.654563,-33.967881 18.651923,-33.966868 18.646114,-33.965191 18.644701,-33.967371 18.642525,-33.971275 18.642359,-33.972354 18.642367,-33.973318 18.643039,-33.976427 18.643293,-33.976698 18.643515,-33.976789 18.649154,-33.977767 18.652415,-33.978421 18.652506,-33.977954</coordinates></LinearRing></outerBoundaryIs></Polygon>
  </Placemark>
  <Placemark id="Official_Planning_Suburbs.229">
	<name>DELFT 8</name><description>5558271</description><styleUrl>#suburbStyle</styleUrl><Polygon><outerBoundaryIs><LinearRing><coordinates>18.642447,-33.976733 18.642497,-33.97651 18.639145,-33.976013 18.63878,-33.977254 18.638775,-33.978549 18.638609,-33.978946 18.638502,-33.980383 18.638232,-33.980868 18.637402,-33.981929 18.638828,-33.982751 18.639511,-33.98297 18.640774,-33.983162 18.641159,-33.983318 18.641568,-33.9836 18.642202,-33.983086 18.64272,-33.982379 18.643187,-33.981106 18.643889,-33.981285 18.64396,-33.980761 18.643694,-33.979498 18.643554,-33.979493 18.643503,-33.979329 18.643449,-33.979407 18.642875,-33.97954 18.641809,-33.979663 18.640824,-33.97966 18.640828,-33.978761 18.641938,-33.978633 18.641625,-33.976746 18.642417,-33.976864 18.642447,-33.976733</coordinates></LinearRing></outerBoundaryIs></Polygon>
  </Placemark>
  <Placemark id="Official_Planning_Suburbs.230">
	<name>EINDHOVEN</name><description>5558272</description><styleUrl>#suburbStyle</styleUrl><Polygon><outerBoundaryIs><LinearRing><coordinates>18.652387,-33.978415 18.649154,-33.977767 18.646147,-33.977288 18.643293,-33.976698 18.643172,-33.977098 18.643382,-33.978625 18.64367,-33.979464 18.644313,-33.979304 18.645993,-33.984876 18.645993,-33.987557 18.646577,-33.987972 18.649782,-33.98479 18.6507,-33.983646 18.651289,-33.98243 18.652387,-33.978415</coordinates></LinearRing></outerBoundaryIs></Polygon>
  </Placemark>
  <Placemark id="Official_Planning_Suburbs.231">
	<name>DELFT 7</name><description>5558275</description><styleUrl>#suburbStyle</styleUrl><Polygon><outerBoundaryIs><LinearRing><coordinates>18.638894,-33.976942 18.639145,-33.976013 18.638054,-33.975851 18.635343,-33.975718 18.633757,-33.976193 18.631806,-33.976954 18.631585,-33.97689 18.631134,-33.977151 18.632045,-33.978636 18.632471,-33.979514 18.632692,-33.980395 18.632731,-33.980979 18.634404,-33.980928 18.635462,-33.981074 18.636177,-33.981273 18.637402,-33.981929 18.638232,-33.980868 18.638502,-33.980383 18.638609,-33.978946 18.638775,-33.978549 18.63878,-33.977254 18.638894,-33.976942</coordinates></LinearRing></outerBoundaryIs></Polygon>
  </Placemark>
  <Placemark id="Official_Planning_Suburbs.232">
	<name>DELFT 9</name><description>5558276</description><styleUrl>#suburbStyle</styleUrl><Polygon><outerBoundaryIs><LinearRing><coordinates>18.639529,-33.98539 18.639694,-33.985118 18.641568,-33.9836 18.641159,-33.983318 18.640774,-33.983162 18.639511,-33.98297 18.638828,-33.982751 18.636539,-33.981438 18.635877,-33.981164 18.634404,-33.980928 18.632731,-33.980979 18.632574,-33.982187 18.63215,-33.983209 18.631939,-33.983271 18.631849,-33.983435 18.631902,-33.983609 18.63208,-33.983686 18.631685,-33.984205 18.630844,-33.984984 18.630148,-33.985412 18.627203,-33.986792 18.627346,-33.987019 18.627742,-33.987231 18.632631,-33.987179 18.637472,-33.986678 18.638116,-33.986949 18.639055,-33.985434 18.639413,-33.985583 18.639529,-33.98539</coordinates></LinearRing></outerBoundaryIs></Polygon>
  </Placemark>
  <Placemark id="Official_Planning_Suburbs.233">
	<name>AIRPORT</name><description>5558343</description><styleUrl>#suburbStyle</styleUrl><Polygon><outerBoundaryIs><LinearRing><coordinates>18.624365,-33.998067 18.620422,-33.996519 18.621644,-33.999332 18.622092,-33.999666 18.627362,-33.999243 18.624365,-33.998067</coordinates></LinearRing></outerBoundaryIs></Polygon>
  </Placemark>
  <Placemark id="Official_Planning_Suburbs.234">
	<name>PARKWOOD</name><description>5558168</description><styleUrl>#suburbStyle</styleUrl><Polygon><outerBoundaryIs><LinearRing><coordinates>18.487473,-34.045683 18.48877,-34.044728 18.501229,-34.036366 18.502014,-34.036133 18.501831,-34.036015 18.49574,-34.025855 18.490617,-34.028808 18.489867,-34.029074 18.49024,-34.031953 18.490829,-34.034665 18.490996,-34.036169 18.490945,-34.036883 18.491776,-34.03692 18.491641,-34.037418 18.490002,-34.041026 18.487473,-34.045683</coordinates></LinearRing></outerBoundaryIs></Polygon>
  </Placemark>
  <Placemark id="Official_Planning_Suburbs.235">
	<name>LAVENDER HILL</name><description>5558198</description><styleUrl>#suburbStyle</styleUrl><Polygon><outerBoundaryIs><LinearRing><coordinates>18.495657,-34.074487 18.495088,-34.072958 18.49255,-34.068606 18.491962,-34.067724 18.492404,-34.067521 18.489453,-34.063082 18.489184,-34.06107 18.488894,-34.061 18.48874,-34.061364 18.487884,-34.062657 18.487321,-34.063451 18.486379,-34.064552 18.480071,-34.073673 18.479707,-34.074454 18.479496,-34.07515 18.493228,-34.074658 18.495742,-34.074714 18.495657,-34.074487</coordinates></LinearRing></outerBoundaryIs></Polygon>
  </Placemark>
  <Placemark id="Official_Planning_Suburbs.236">
	<name>BEACON VALLEY</name><description>5558173</description><styleUrl>#suburbStyle</styleUrl><Polygon><outerBoundaryIs><LinearRing><coordinates>18.624982,-34.04806 18.625744,-34.047428 18.626094,-34.047247 18.629675,-34.046455 18.630169,-34.046247 18.630557,-34.046007 18.634833,-34.042538 18.635661,-34.042142 18.635179,-34.041333 18.634721,-34.039864 18.633826,-34.032372 18.633529,-34.032502 18.630144,-34.032792 18.62879,-34.03302 18.627162,-34.033495 18.617299,-34.03681 18.620487,-34.043359 18.621152,-34.044521 18.621605,-34.045121 18.622504,-34.046061 18.624912,-34.048121 18.624982,-34.04806</coordinates></LinearRing></outerBoundaryIs></Polygon>
  </Placemark>
  <Placemark id="Official_Planning_Suburbs.237">
	<name>PORTLAND</name><description>5558179</description><styleUrl>#suburbStyle</styleUrl><Polygon><outerBoundaryIs><LinearRing><coordinates>18.616596,-34.044503 18.613444,-34.038105 18.604345,-34.041159 18.606196,-34.044929 18.606538,-34.045773 18.606706,-34.046555 18.606796,-34.04841 18.607095,-34.049491 18.612667,-34.062073 18.623225,-34.058536 18.622913,-34.057278 18.621351,-34.054043 18.620436,-34.051525 18.619283,-34.049157 18.617642,-34.046632 18.617232,-34.045696 18.617195,-34.045419 18.617075,-34.045556 18.616596,-34.044503</coordinates></LinearRing></outerBoundaryIs></Polygon>
  </Placemark>
  <Placemark id="Official_Planning_Suburbs.238">
	<name>WESTRIDGE - MITCHELLS PLAIN</name><description>71252360</description><styleUrl>#suburbStyle</styleUrl><Polygon><outerBoundaryIs><LinearRing><coordinates>18.604345,-34.041159 18.598859,-34.043 18.597756,-34.043285 18.597045,-34.043389 18.595292,-34.043399 18.591598,-34.042801 18.590485,-34.042804 18.589649,-34.042899 18.591306,-34.04778 18.592274,-34.050072 18.597422,-34.057313 18.600413,-34.060522 18.60113,-34.059952 18.601493,-34.059773 18.610325,-34.056793 18.607018,-34.049285 18.606771,-34.048205 18.606689,-34.046415 18.606435,-34.045472 18.604345,-34.041159</coordinates></LinearRing></outerBoundaryIs></Polygon>
  </Placemark>
  <Placemark id="Official_Planning_Suburbs.239">
	<name>MITCHELLS PLAIN CBD</name><description>5558191</description><styleUrl>#suburbStyle</styleUrl><Polygon><outerBoundaryIs><LinearRing><coordinates>18.621605,-34.045121 18.621152,-34.044521 18.620487,-34.043359 18.617299,-34.03681 18.613444,-34.038105 18.617075,-34.045556 18.617195,-34.045419 18.617232,-34.045696 18.617642,-34.046632 18.619283,-34.049157 18.620436,-34.051525 18.620884,-34.052754 18.6248,-34.051421 18.624238,-34.050245 18.624045,-34.048778 18.624912,-34.048121 18.622504,-34.046061 18.621605,-34.045121</coordinates></LinearRing></outerBoundaryIs></Polygon>
  </Placemark>
  <Placemark id="Official_Planning_Suburbs.240">
	<name>NEW WOODLANDS</name><description>5558422</description><styleUrl>#suburbStyle</styleUrl><Polygon><outerBoundaryIs><LinearRing><coordinates>18.60299,-34.019114 18.594877,-34.020582 18.595269,-34.021837 18.598419,-34.028541 18.608103,-34.027591 18.607525,-34.026498 18.60299,-34.019114</coordinates></LinearRing></outerBoundaryIs></Polygon>
  </Placemark>
  <Placemark id="Official_Planning_Suburbs.241">
	<name>HIGHLANDS VILLAGE</name><description>5558423</description><styleUrl>#suburbStyle</styleUrl><Polygon><outerBoundaryIs><LinearRing><coordinates>18.588888,-34.03682 18.589015,-34.03643 18.589042,-34.035954 18.588716,-34.03471 18.588686,-34.034104 18.588939,-34.033536 18.589474,-34.032818 18.589385,-34.032776 18.589679,-34.032046 18.589682,-34.031415 18.58944,-34.030679 18.588386,-34.030827 18.585662,-34.030954 18.588888,-34.03682</coordinates></LinearRing></outerBoundaryIs></Polygon>
  </Placemark>
  <Placemark id="Official_Planning_Suburbs.242">
	<name>RONDEVLEI PARK</name><description>5558426</description><styleUrl>#suburbStyle</styleUrl><Polygon><outerBoundaryIs><LinearRing><coordinates>18.585716,-34.031053 18.585662,-34.030954 18.585263,-34.030985 18.585066,-34.031688 18.581927,-34.03467 18.583071,-34.03728 18.58433,-34.040975 18.589571,-34.038118 18.589803,-34.037832 18.5885,-34.037226 18.588814,-34.036739 18.585716,-34.031053</coordinates></LinearRing></outerBoundaryIs></Polygon>
  </Placemark>
  <Placemark id="Official_Planning_Suburbs.243">
	<name>COLORADO PARK</name><description>5558428</description><styleUrl>#suburbStyle</styleUrl><Polygon><outerBoundaryIs><LinearRing><coordinates>18.596928,-34.025381 18.595269,-34.021837 18.594877,-34.020582 18.580727,-34.02317 18.574289,-34.024252 18.576587,-34.027307 18.583809,-34.025665 18.585662,-34.030954 18.589068,-34.030761 18.590128,-34.030499 18.594172,-34.028964 18.598419,-34.028541 18.596928,-34.025381</coordinates></LinearRing></outerBoundaryIs></Polygon>
  </Placemark>
  <Placemark id="Official_Planning_Suburbs.244">
	<name>WESTLAKE</name><description>5558489</description><styleUrl>#suburbStyle</styleUrl><Polygon><outerBoundaryIs><LinearRing><coordinates>18.433564,-34.072821 18.432846,-34.072731 18.432593,-34.072042 18.431511,-34.071091 18.431465,-34.072059 18.431249,-34.072891 18.430807,-34.073731 18.429678,-34.075151 18.429384,-34.07593 18.429389,-34.076746 18.430189,-34.078828 18.430776,-34.079551 18.431632,-34.080101 18.431874,-34.080354 18.432035,-34.080656 18.432055,-34.080908 18.431949,-34.081264 18.431756,-34.081472 18.431126,-34.081812 18.428558,-34.082902 18.427573,-34.083178 18.42674,-34.083245 18.437253,-34.088909 18.439521,-34.088938 18.439876,-34.089302 18.441792,-34.089319 18.441694,-34.088966 18.446932,-34.089032 18.450049,-34.087082 18.450234,-34.087068 18.453831,-34.084762 18.449225,-34.079474 18.445404,-34.080284 18.444996,-34.079562 18.444925,-34.078886 18.445641,-34.076825 18.446694,-34.072932 18.443834,-34.073296 18.440285,-34.072944 18.43501,-34.073002 18.433564,-34.072821</coordinates></LinearRing></outerBoundaryIs></Polygon>
  </Placemark>
  <Placemark id="Official_Planning_Suburbs.245">
	<name>WOLFGAT NATURE RESERVE</name><description>5558200</description><styleUrl>#suburbStyle</styleUrl><Polygon><outerBoundaryIs><LinearRing><coordinates>18.656394,-34.0658 18.654011,-34.065334 18.641359,-34.065825 18.640762,-34.065799 18.640703,-34.066073 18.638121,-34.066264 18.635992,-34.066767 18.635069,-34.067105 18.633379,-34.067945 18.629358,-34.070299 18.627789,-34.070964 18.628624,-34.073596 18.62994,-34.07341 18.6302,-34.07345 18.63079,-34.07329 18.63143,-34.07337 18.6318,-34.07332 18.63195,-34.07337 18.6328,-34.07331 18.6331,-34.07335 18.63401,-34.07319 18.63471,-34.07324 18.63611,-34.07317 18.6364,-34.07329 18.63668,-34.07322 18.63804,-34.0732 18.63826,-34.07329 18.63972,-34.073 18.64158,-34.07294 18.64248,-34.07303 18.64291,-34.07293 18.64331,-34.07307 18.643925,-34.072975 18.64609,-34.07299 18.646536,-34.072804 18.64686,-34.07279 18.647326,-34.072953 18.647945,-34.072781 18.648682,-34.072914 18.648976,-34.072825 18.649483,-34.072847 18.649994,-34.072972 18.650494,-34.072813 18.650894,-34.07279 18.65169,-34.073006 18.65257,-34.072889 18.653278,-34.073058 18.653664,-34.072946 18.654187,-34.072986 18.65443,-34.072897 18.65512,-34.073 18.655727,-34.072779 18.656878,-34.073032 18.65715,-34.072735 18.657541,-34.072802 18.658934,-34.072738 18.659195,-34.072639 18.65972,-34.072711 18.662184,-34.072659 18.663782,-34.072826 18.664849,-34.07286 18.665097,-34.072897 18.665477,-34.073132 18.666325,-34.073035 18.666622,-34.073126 18.667562,-34.073133 18.667594,-34.070575 18.667378,-34.070415 18.66636,-34.069835 18.665266,-34.069361 18.662052,-34.068259 18.660305,-34.067321 18.659015,-34.066369 18.658127,-34.066252 18.656394,-34.0658</coordinates></LinearRing></outerBoundaryIs></Polygon>
  </Placemark>
  <Placemark id="Official_Planning_Suburbs.246">
	<name>VRYGROND</name><description>5558230</description><styleUrl>#suburbStyle</styleUrl><Polygon><outerBoundaryIs><LinearRing><coordinates>18.489233,-34.086964 18.492214,-34.086861 18.492052,-34.081911 18.48672,-34.081073 18.482935,-34.080674 18.48325,-34.087059 18.48342,-34.087053 18.483426,-34.087167 18.489233,-34.086964</coordinates></LinearRing></outerBoundaryIs></Polygon>
  </Placemark>
  <Placemark id="Official_Planning_Suburbs.247">
	<name>ROTTERDAM</name><description>5558103</description><styleUrl>#suburbStyle</styleUrl><Polygon><outerBoundaryIs><LinearRing><coordinates>18.664916,-33.965409 18.664934,-33.96682 18.660191,-33.966939 18.66039,-33.967262 18.661256,-33.969678 18.66245,-33.969681 18.663118,-33.969999 18.663767,-33.97284 18.663839,-33.973742 18.660598,-33.973733 18.660395,-33.973429 18.65977,-33.97373 18.660081,-33.974634 18.658673,-33.97463 18.658455,-33.974716 18.658404,-33.976483 18.658009,-33.977667 18.657911,-33.977764 18.657967,-33.978287 18.657606,-33.979437 18.65845,-33.979623 18.661136,-33.980455 18.661953,-33.980629 18.663419,-33.980669 18.667028,-33.980133 18.66791,-33.980109 18.669426,-33.968638 18.669345,-33.968559 18.675158,-33.96844 18.674513,-33.96622 18.674578,-33.966006 18.672634,-33.965584 18.664916,-33.965409</coordinates></LinearRing></outerBoundaryIs></Polygon>
  </Placemark>
  <Placemark id="Official_Planning_Suburbs.248">
	<name>GAYLEE</name><description>5558113</description><styleUrl>#suburbStyle</styleUrl><Polygon><outerBoundaryIs><LinearRing><coordinates>18.709322,-33.974888 18.706355,-33.971065 18.705975,-33.970154 18.697642,-33.974571 18.700673,-33.978485 18.703989,-33.977171 18.703955,-33.977127 18.709322,-33.974888</coordinates></LinearRing></outerBoundaryIs></Polygon>
  </Placemark>
  <Placemark id="Official_Planning_Suburbs.249">
	<name>AUSTINVILLE</name><description>5558117</description><styleUrl>#suburbStyle</styleUrl><Polygon><outerBoundaryIs><LinearRing><coordinates>18.696889,-33.9806 18.698509,-33.979716 18.700855,-33.978723 18.697652,-33.974584 18.693198,-33.976638 18.695167,-33.981426 18.695239,-33.981384 18.695296,-33.98144 18.696889,-33.9806</coordinates></LinearRing></outerBoundaryIs></Polygon>
  </Placemark>
  <Placemark id="Official_Planning_Suburbs.250">
	<name>FOUNTAIN VILLAGE</name><description>5558134</description><styleUrl>#suburbStyle</styleUrl><Polygon><outerBoundaryIs><LinearRing><coordinates>18.680023,-33.98442 18.678179,-33.983726 18.677982,-33.984015 18.679282,-33.988106 18.67957,-33.988547 18.680654,-33.989696 18.68179,-33.990433 18.684514,-33.993241 18.684845,-33.993899 18.685529,-33.996367 18.685876,-33.996896 18.686631,-33.9975 18.688226,-33.99776 18.689827,-33.990811 18.690785,-33.987232 18.680023,-33.98442</coordinates></LinearRing></outerBoundaryIs></Polygon>
  </Placemark>
  <Placemark id="Official_Planning_Suburbs.251">
	<name>ROSEDALE - KLEIN VLEI</name><description>71217458</description><styleUrl>#suburbStyle</styleUrl><Polygon><outerBoundaryIs><LinearRing><coordinates>18.721576,-33.99119 18.72012,-33.989453 18.719819,-33.98921 18.719298,-33.989012 18.718708,-33.989036 18.714135,-33.989932 18.711475,-33.992441 18.708425,-33.994 18.703342,-33.995123 18.703838,-33.996374 18.703807,-33.996541 18.708387,-33.996576 18.710421,-33.996955 18.719074,-33.998842 18.719846,-33.999228 18.720096,-33.999467 18.721701,-34.002169 18.727273,-33.999656 18.724605,-33.995604 18.72435,-33.994918 18.724286,-33.994166 18.721998,-33.991195 18.721667,-33.991297 18.721576,-33.99119</coordinates></LinearRing></outerBoundaryIs></Polygon>
  </Placemark>
  <Placemark id="Official_Planning_Suburbs.252">
	<name>HILLCREST HEIGHTS</name><description>5558148</description><styleUrl>#suburbStyle</styleUrl><Polygon><outerBoundaryIs><LinearRing><coordinates>18.705543,-34.002147 18.705424,-34.001469 18.701878,-34.002172 18.701785,-34.00213 18.701138,-34.002263 18.70115,-34.002317 18.697963,-34.002949 18.69553,-34.001994 18.693958,-34.00458 18.691723,-34.00756 18.692911,-34.011928 18.698123,-34.012403 18.699084,-34.012319 18.700332,-34.011871 18.70867,-34.008042 18.707142,-34.005738 18.706231,-34.006063 18.705543,-34.002147</coordinates></LinearRing></outerBoundaryIs></Polygon>
  </Placemark>
  <Placemark id="Official_Planning_Suburbs.253">
	<name>FOREST HEIGHTS</name><description>5558145</description><styleUrl>#suburbStyle</styleUrl><Polygon><outerBoundaryIs><LinearRing><coordinates>18.714263,-34.005533 18.721701,-34.002169 18.720366,-33.999854 18.719846,-33.999228 18.719074,-33.998842 18.710421,-33.996955 18.708387,-33.996576 18.703807,-33.996541 18.705424,-34.001469 18.706231,-34.006063 18.707142,-34.005738 18.70867,-34.008042 18.709083,-34.007755 18.709159,-34.007874 18.714263,-34.005533</coordinates></LinearRing></outerBoundaryIs></Polygon>
  </Placemark>
  <Placemark id="Official_Planning_Suburbs.254">
	<name>DE WIJNLANDEN ESTATE</name><description>5558151</description><styleUrl>#suburbStyle</styleUrl><Polygon><outerBoundaryIs><LinearRing><coordinates>18.74634,-34.0079 18.74587,-34.006389 18.744158,-34.006304 18.742567,-34.005983 18.742264,-34.006889 18.740716,-34.007074 18.740711,-34.007754 18.740973,-34.008816 18.740487,-34.010573 18.740341,-34.011824 18.740373,-34.015391 18.740869,-34.016633 18.740885,-34.016927 18.741446,-34.018015 18.743204,-34.019587 18.741712,-34.020619 18.740667,-34.020285 18.741573,-34.021648 18.744787,-34.019286 18.741926,-34.013565 18.747082,-34.010576 18.747175,-34.010606 18.747415,-34.010469 18.746604,-34.007845 18.74634,-34.0079</coordinates></LinearRing></outerBoundaryIs></Polygon>
  </Placemark>
  <Placemark id="Official_Planning_Suburbs.255">
	<name>EERSTERIVIER SOUTH</name><description>5558155</description><styleUrl>#suburbStyle</styleUrl><Polygon><outerBoundaryIs><LinearRing><coordinates>18.735929,-34.012965 18.719532,-34.020375 18.719503,-34.020483 18.719629,-34.020674 18.717832,-34.021488 18.717979,-34.02171 18.717699,-34.022309 18.721671,-34.023592 18.723158,-34.023842 18.725019,-34.026632 18.741375,-34.026563 18.742014,-34.025444 18.744121,-34.02438 18.742758,-34.022442 18.742062,-34.021288 18.741573,-34.021648 18.735929,-34.012965</coordinates></LinearRing></outerBoundaryIs></Polygon>
  </Placemark>
  <Placemark id="Official_Planning_Suburbs.256">
	<name>BARNET MOLOKWANA CORNER</name><description>5558157</description><styleUrl>#suburbStyle</styleUrl><Polygon><outerBoundaryIs><LinearRing><coordinates>18.674027,-34.02589 18.677321,-34.02433 18.675533,-34.020781 18.673735,-34.019821 18.665036,-34.015828 18.663926,-34.016328 18.664273,-34.016532 18.666495,-34.018314 18.66945,-34.019728 18.670044,-34.020192 18.670624,-34.020912 18.674027,-34.02589</coordinates></LinearRing></outerBoundaryIs></Polygon>
  </Placemark>
  <Placemark id="Official_Planning_Suburbs.257">
	<name>DREAMWORLD</name><description>5558429</description><styleUrl>#suburbStyle</styleUrl><Polygon><outerBoundaryIs><LinearRing><coordinates>18.73109,-34.026605 18.720131,-34.026653 18.702387,-34.027334 18.711403,-34.034411 18.72372,-34.03926 18.725706,-34.035985 18.726939,-34.033748 18.727539,-34.03288 18.728917,-34.03139 18.731233,-34.029542 18.731027,-34.029264 18.73109,-34.026605</coordinates></LinearRing></outerBoundaryIs></Polygon>
  </Placemark>
  <Placemark id="Official_Planning_Suburbs.258">
	<name>MONWABISI</name><description>5558195</description><styleUrl>#suburbStyle</styleUrl><Polygon><outerBoundaryIs><LinearRing><coordinates>18.727624,-34.062796 18.72091,-34.057665 18.715743,-34.053353 18.714699,-34.055014 18.713541,-34.056422 18.71278,-34.057178 18.701961,-34.065949 18.700804,-34.064927 18.700139,-34.064473 18.699102,-34.064053 18.697892,-34.063865 18.69672,-34.063957 18.686624,-34.066352 18.685394,-34.066552 18.684467,-34.066536 18.68349,-34.066301 18.682789,-34.066002 18.681336,-34.065131 18.680941,-34.065661 18.6806,-34.067344 18.680478,-34.067754 18.680274,-34.068038 18.679973,-34.068332 18.676781,-34.069883 18.676279,-34.070206 18.675965,-34.070614 18.675639,-34.071372 18.674115,-34.071062 18.672333,-34.070917 18.670996,-34.071006 18.669714,-34.071226 18.668822,-34.071494 18.667594,-34.070575 18.667562,-34.073133 18.66841,-34.07314 18.66925,-34.07302 18.66997,-34.07319 18.67101,-34.07332 18.67206,-34.07331 18.67228,-34.07325 18.67254,-34.07338 18.67264,-34.07353 18.67293,-34.07347 18.67302,-34.07354 18.67298,-34.07365 18.67322,-34.07366 18.67481,-34.0735 18.67506,-34.07356 18.6766,-34.07347 18.67699,-34.07358 18.67724,-34.07355 18.68007,-34.07402 18.68094,-34.07397 18.68136,-34.07404 18.68152,-34.07398 18.68305,-34.07419 18.68358,-34.07423 18.6839,-34.07418 18.6844,-34.07462 18.68463,-34.07469 18.68487,-34.07457 18.68538,-34.07458 18.68563,-34.0747 18.68614,-34.07478 18.68635,-34.07471 18.68656,-34.07474 18.68682,-34.0746 18.68716,-34.07471 18.68775,-34.07475 18.68811,-34.07465 18.68867,-34.07428 18.69033,-34.07417 18.69036,-34.07407 18.68974,-34.07402 18.68862,-34.0741 18.68891,-34.0735 18.68909,-34.07271 18.68926,-34.07255 18.6896,-34.07245 18.69057,-34.07252 18.6913,-34.07242 18.69164,-34.07246 18.69224,-34.07235 18.69326,-34.07233 18.69373,-34.07245 18.69406,-34.07243 18.69431,-34.07239 18.69445,-34.07218 18.69466,-34.07211 18.69548,-34.07213 18.69775,-34.0724 18.69797,-34.0723 18.69877,-34.07241 18.69899,-34.07228 18.69991,-34.07246 18.70286,-34.07246 18.71418,-34.07293 18.71665,-34.07317 18.7179,-34.07341 18.7183,-34.07356 18.72123,-34.07396 18.72176,-34.07396 18.72387,-34.07421 18.72966,-34.07441 18.735225,-34.075127 18.737144,-34.068429 18.733074,-34.067032 18.727624,-34.062796</coordinates></LinearRing></outerBoundaryIs></Polygon>
  </Placemark>
  <Placemark id="Official_Planning_Suburbs.259">
	<name>KUYASA</name><description>5558419</description><styleUrl>#suburbStyle</styleUrl><Polygon><outerBoundaryIs><LinearRing><coordinates>18.695373,-34.055167 18.695011,-34.05508 18.684209,-34.055137 18.683978,-34.055978 18.683968,-34.058067 18.683879,-34.058592 18.683515,-34.059177 18.68268,-34.060063 18.682429,-34.060723 18.682475,-34.063385 18.682402,-34.063788 18.682163,-34.064234 18.681336,-34.065131 18.682744,-34.065977 18.683313,-34.066238 18.684239,-34.066502 18.685232,-34.066561 18.686624,-34.066352 18.693065,-34.064802 18.692243,-34.062339 18.692417,-34.061539 18.692665,-34.061267 18.697109,-34.057999 18.69777,-34.057309 18.697146,-34.056977 18.696251,-34.056153 18.695948,-34.055706 18.695886,-34.055161 18.695373,-34.055167</coordinates></LinearRing></outerBoundaryIs></Polygon>
  </Placemark>
  <Placemark id="Official_Planning_Suburbs.260">
	<name>HELDERBERG ESTATE</name><description>5558390</description><styleUrl>#suburbStyle</styleUrl><Polygon><outerBoundaryIs><LinearRing><coordinates>18.839073,-34.046992 18.835809,-34.046689 18.829707,-34.048654 18.829165,-34.048558 18.829268,-34.049708 18.829166,-34.04999 18.828813,-34.050326 18.828964,-34.050588 18.829113,-34.05183 18.829608,-34.053012 18.831466,-34.052931 18.834142,-34.053906 18.837091,-34.055147 18.839725,-34.056629 18.840153,-34.057029 18.84019,-34.056928 18.839739,-34.055606 18.839635,-34.055525 18.838903,-34.053238 18.838749,-34.053148 18.838929,-34.053114 18.838462,-34.050837 18.837336,-34.050908 18.836861,-34.049544 18.839351,-34.049162 18.839073,-34.046992</coordinates></LinearRing></outerBoundaryIs></Polygon>
  </Placemark>
  <Placemark id="Official_Planning_Suburbs.261">
	<name>BRAEVIEW</name><description>5558392</description><styleUrl>#suburbStyle</styleUrl><Polygon><outerBoundaryIs><LinearRing><coordinates>18.826161,-34.054314 18.827775,-34.053392 18.828729,-34.053087 18.828407,-34.051866 18.825424,-34.053677 18.826161,-34.054314</coordinates></LinearRing></outerBoundaryIs></Polygon>
  </Placemark>
  <Placemark id="Official_Planning_Suburbs.262">
	<name>JONKERS HOOGTE</name><description>5558393</description><styleUrl>#suburbStyle</styleUrl><Polygon><outerBoundaryIs><LinearRing><coordinates>18.825481,-34.053638 18.828407,-34.051866 18.827744,-34.050163 18.826197,-34.0476 18.826062,-34.047876 18.825422,-34.051829 18.825341,-34.051836 18.825135,-34.053188 18.825022,-34.053319 18.825424,-34.053677 18.825481,-34.053638</coordinates></LinearRing></outerBoundaryIs></Polygon>
  </Placemark>
  <Placemark id="Official_Planning_Suburbs.263">
	<name>BEL'AIRE</name><description>55116341</description><styleUrl>#suburbStyle</styleUrl><Polygon><outerBoundaryIs><LinearRing><coordinates>18.830775,-34.042084 18.828127,-34.042324 18.828959,-34.047771 18.829046,-34.047746 18.829165,-34.048558 18.829707,-34.048654 18.835809,-34.046689 18.833026,-34.042944 18.830775,-34.042084</coordinates></LinearRing></outerBoundaryIs></Polygon>
  </Placemark>
  <Placemark id="Official_Planning_Suburbs.264">
	<name>MONTE SERENO</name><description>5558403</description><styleUrl>#suburbStyle</styleUrl><Polygon><outerBoundaryIs><LinearRing><coordinates>18.842238,-34.064839 18.84211,-34.064684 18.8442,-34.062309 18.843403,-34.060765 18.839666,-34.061918 18.840669,-34.064665 18.840448,-34.064864 18.840182,-34.065508 18.840464,-34.066554 18.841868,-34.064958 18.842278,-34.065167 18.842455,-34.064993 18.842238,-34.064839</coordinates></LinearRing></outerBoundaryIs></Polygon>
  </Placemark>
  <Placemark id="Official_Planning_Suburbs.265">
	<name>PEARL RISE</name><description>5558405</description><styleUrl>#suburbStyle</styleUrl><Polygon><outerBoundaryIs><LinearRing><coordinates>18.845964,-34.065407 18.845162,-34.064001 18.843714,-34.065203 18.843767,-34.06524 18.84324,-34.065724 18.842969,-34.06555 18.842443,-34.066012 18.842649,-34.066091 18.841942,-34.066679 18.843018,-34.067353 18.843393,-34.069117 18.841626,-34.069503 18.841721,-34.069866 18.842772,-34.071071 18.843685,-34.071908 18.845097,-34.070982 18.846889,-34.067265 18.845964,-34.065407</coordinates></LinearRing></outerBoundaryIs></Polygon>
  </Placemark>
  <Placemark id="Official_Planning_Suburbs.266">
	<name>NUTWOOD</name><description>5558407</description><styleUrl>#suburbStyle</styleUrl><Polygon><outerBoundaryIs><LinearRing><coordinates>18.851415,-34.067106 18.852202,-34.065912 18.851578,-34.06331 18.849778,-34.063504 18.850123,-34.065397 18.849181,-34.066682 18.850747,-34.067954 18.851415,-34.067106</coordinates></LinearRing></outerBoundaryIs></Polygon>
  </Placemark>
  <Placemark id="Official_Planning_Suburbs.267">
	<name>MONTCHERE</name><description>5558408</description><styleUrl>#suburbStyle</styleUrl><Polygon><outerBoundaryIs><LinearRing><coordinates>18.84716,-34.066704 18.84998,-34.064516 18.849778,-34.063504 18.848448,-34.063257 18.847995,-34.063621 18.848162,-34.064077 18.847481,-34.064455 18.846336,-34.065252 18.845964,-34.065407 18.846704,-34.066893 18.84716,-34.066704</coordinates></LinearRing></outerBoundaryIs></Polygon>
  </Placemark>
  <Placemark id="Official_Planning_Suburbs.268">
	<name>PEARL MARINA</name><description>5558409</description><styleUrl>#suburbStyle</styleUrl><Polygon><outerBoundaryIs><LinearRing><coordinates>18.847871,-34.071365 18.848255,-34.071019 18.849636,-34.069134 18.850747,-34.067954 18.849181,-34.066682 18.850123,-34.065397 18.84998,-34.064516 18.84716,-34.066704 18.846704,-34.066893 18.846889,-34.067265 18.845511,-34.070148 18.847652,-34.071562 18.847871,-34.071365</coordinates></LinearRing></outerBoundaryIs></Polygon>
  </Placemark>
  <Placemark id="Official_Planning_Suburbs.269">
	<name>WORLD'S VIEW - SOMERSET WEST</name><description>71272516</description><styleUrl>#suburbStyle</styleUrl><Polygon><outerBoundaryIs><LinearRing><coordinates>18.866101,-34.054869 18.863229,-34.055488 18.86302,-34.062201 18.864204,-34.062236 18.864565,-34.062163 18.865281,-34.062183 18.866934,-34.062049 18.866101,-34.054869</coordinates></LinearRing></outerBoundaryIs></Polygon>
  </Placemark>
  <Placemark id="Official_Planning_Suburbs.270">
	<name>SOMERSET RIDGE</name><description>5558364</description><styleUrl>#suburbStyle</styleUrl><Polygon><outerBoundaryIs><LinearRing><coordinates>18.830948,-34.071481 18.827885,-34.070442 18.825295,-34.069434 18.824297,-34.071519 18.822383,-34.074674 18.825679,-34.076748 18.827512,-34.078096 18.832907,-34.072137 18.830948,-34.071481</coordinates></LinearRing></outerBoundaryIs></Polygon>
  </Placemark>
  <Placemark id="Official_Planning_Suburbs.271">
	<name>SCHONENBERG</name><description>5558365</description><styleUrl>#suburbStyle</styleUrl><Polygon><outerBoundaryIs><LinearRing><coordinates>18.813428,-34.064581 18.809611,-34.062963 18.807187,-34.065675 18.822383,-34.074674 18.824297,-34.071519 18.825295,-34.069434 18.821591,-34.068053 18.815132,-34.065051 18.81355,-34.064493 18.813428,-34.064581</coordinates></LinearRing></outerBoundaryIs></Polygon>
  </Placemark>
  <Placemark id="Official_Planning_Suburbs.272">
	<name>SEA BREEZE PARK</name><description>73821489</description><styleUrl>#suburbStyle</styleUrl><Polygon><outerBoundaryIs><LinearRing><coordinates>18.871038,-34.150437 18.87159,-34.149459 18.871538,-34.148246 18.871726,-34.14743 18.871581,-34.147005 18.86915,-34.148195 18.871011,-34.150485 18.871038,-34.150437</coordinates></LinearRing></outerBoundaryIs></Polygon>
  </Placemark>
  <Placemark id="Official_Planning_Suburbs.273">
	<name>PROTEA PARK - GORDON'S BAY</name><description>71196705</description><styleUrl>#suburbStyle</styleUrl><Polygon><outerBoundaryIs><LinearRing><coordinates>18.875124,-34.154391 18.876842,-34.15346 18.874092,-34.150193 18.872019,-34.1514 18.873847,-34.15296 18.875071,-34.154419 18.875124,-34.154391</coordinates></LinearRing></outerBoundaryIs></Polygon>
  </Placemark>
  <Placemark id="Official_Planning_Suburbs.274">
	<name>MOUNTAINSIDE EXT 2</name><description>5558361</description><styleUrl>#suburbStyle</styleUrl><Polygon><outerBoundaryIs><LinearRing><coordinates>18.880522,-34.154652 18.879358,-34.15397 18.878343,-34.15316 18.875321,-34.154683 18.876511,-34.156073 18.877433,-34.155391 18.879611,-34.15661 18.880141,-34.157782 18.883115,-34.156721 18.880976,-34.155101 18.880988,-34.154981 18.880522,-34.154652</coordinates></LinearRing></outerBoundaryIs></Polygon>
  </Placemark>
  <Placemark id="Official_Planning_Suburbs.275">
	<name>GEORGE PARK</name><description>5558370</description><styleUrl>#suburbStyle</styleUrl><Polygon><outerBoundaryIs><LinearRing><coordinates>18.83686,-34.123123 18.844959,-34.118739 18.843792,-34.117295 18.842054,-34.117618 18.841294,-34.118022 18.840309,-34.119339 18.835846,-34.121752 18.83686,-34.123123</coordinates></LinearRing></outerBoundaryIs></Polygon>
  </Placemark>
  <Placemark id="Official_Planning_Suburbs.276">
	<name>ONVERWACHT - THE STRAND</name><description>71205289</description><styleUrl>#suburbStyle</styleUrl><Polygon><outerBoundaryIs><LinearRing><coordinates>18.847309,-34.10813 18.846248,-34.106739 18.845299,-34.105214 18.841499,-34.108309 18.841405,-34.108249 18.839387,-34.109871 18.840256,-34.110817 18.84023,-34.110899 18.84185,-34.112873 18.842752,-34.112707 18.842984,-34.114004 18.845155,-34.116693 18.845978,-34.116227 18.847014,-34.117488 18.847495,-34.117667 18.847562,-34.117402 18.847793,-34.117427 18.847792,-34.117766 18.847716,-34.117865 18.847893,-34.117834 18.84831,-34.118875 18.849964,-34.118107 18.848963,-34.116889 18.848911,-34.116777 18.849152,-34.116643 18.848971,-34.116418 18.849335,-34.116212 18.849487,-34.115756 18.849805,-34.115811 18.849851,-34.115455 18.850627,-34.115595 18.850777,-34.115558 18.850384,-34.115452 18.85075,-34.114003 18.850723,-34.113781 18.850831,-34.113719 18.852036,-34.113908 18.847309,-34.10813</coordinates></LinearRing></outerBoundaryIs></Polygon>
  </Placemark>
  <Placemark id="Official_Planning_Suburbs.277">
	<name>HIGH RIDING</name><description>5558375</description><styleUrl>#suburbStyle</styleUrl><Polygon><outerBoundaryIs><LinearRing><coordinates>18.925006,-34.123087 18.925232,-34.12283 18.924504,-34.122097 18.923007,-34.122206 18.914184,-34.123887 18.911673,-34.123822 18.909176,-34.124758 18.907153,-34.123744 18.905712,-34.124542 18.906555,-34.126684 18.910504,-34.130465 18.911316,-34.130637 18.915646,-34.129274 18.919257,-34.128653 18.921035,-34.129163 18.922451,-34.128424 18.922868,-34.125514 18.925006,-34.123087</coordinates></LinearRing></outerBoundaryIs></Polygon>
  </Placemark>
  <Placemark id="Official_Planning_Suburbs.278">
	<name>SIR LOWRY'S PASS VILLAGE CENTRE</name><description>73923304</description><styleUrl>#suburbStyle</styleUrl><Polygon><outerBoundaryIs><LinearRing><coordinates>18.910695,-34.116862 18.909729,-34.116774 18.909639,-34.117481 18.910792,-34.118826 18.912704,-34.119008 18.912783,-34.118369 18.913114,-34.118444 18.913176,-34.118175 18.912825,-34.118022 18.913045,-34.117792 18.91312,-34.117227 18.912966,-34.117068 18.912709,-34.117045 18.912812,-34.116901 18.912683,-34.116796 18.912521,-34.117028 18.910695,-34.116862</coordinates></LinearRing></outerBoundaryIs></Polygon>
  </Placemark>
  <Placemark id="Official_Planning_Suburbs.279">
	<name>MORNINGSIDE</name><description>5558382</description><styleUrl>#suburbStyle</styleUrl><Polygon><outerBoundaryIs><LinearRing><coordinates>18.879123,-34.073286 18.878722,-34.072489 18.878431,-34.072385 18.8782,-34.072968 18.878024,-34.073203 18.879817,-34.076696 18.882572,-34.075682 18.88112,-34.072833 18.879226,-34.073491 18.879123,-34.073286</coordinates></LinearRing></outerBoundaryIs></Polygon>
  </Placemark>
  <Placemark id="Official_Planning_Suburbs.280">
	<name>PAARDE VLEI</name><description>5558400</description><styleUrl>#suburbStyle</styleUrl><Polygon><outerBoundaryIs><LinearRing><coordinates>18.834296,-34.088938 18.83671,-34.088084 18.837511,-34.087585 18.83622,-34.086357 18.835554,-34.08659 18.827397,-34.088422 18.828301,-34.089062 18.829613,-34.089512 18.831569,-34.090368 18.832588,-34.090658 18.832746,-34.090326 18.83287,-34.08899 18.833885,-34.089083 18.834296,-34.088938</coordinates></LinearRing></outerBoundaryIs></Polygon>
  </Placemark>
  <Placemark id="Official_Planning_Suburbs.281">
	<name>HUMANSHOF</name><description>5558401</description><styleUrl>#suburbStyle</styleUrl><Polygon><outerBoundaryIs><LinearRing><coordinates>18.846588,-34.091441 18.846682,-34.09139 18.846689,-34.091177 18.847126,-34.091021 18.846958,-34.090506 18.84704,-34.090472 18.846654,-34.089266 18.846304,-34.088556 18.841523,-34.091234 18.842523,-34.092185 18.842554,-34.092102 18.842853,-34.092063 18.8431,-34.091869 18.843319,-34.092128 18.843777,-34.092003 18.844062,-34.092022 18.844178,-34.091902 18.844538,-34.091763 18.844837,-34.091739 18.845005,-34.091567 18.845294,-34.091552 18.845736,-34.091677 18.846085,-34.09144 18.846588,-34.091441</coordinates></LinearRing></outerBoundaryIs></Polygon>
  </Placemark>
  <Placemark id="Official_Planning_Suburbs.282">
	<name>GOEDE HOOP</name><description>5558404</description><styleUrl>#suburbStyle</styleUrl><Polygon><outerBoundaryIs><LinearRing><coordinates>18.841659,-34.069496 18.843393,-34.069117 18.843018,-34.067353 18.841942,-34.066679 18.841079,-34.067404 18.841659,-34.069496</coordinates></LinearRing></outerBoundaryIs></Polygon>
  </Placemark>
  <Placemark id="Official_Planning_Suburbs.283">
	<name>KALAMUNDA</name><description>73898881</description><styleUrl>#suburbStyle</styleUrl><Polygon><outerBoundaryIs><LinearRing><coordinates>18.860758,-34.085873 18.861437,-34.085612 18.861406,-34.085558 18.861578,-34.08548 18.860136,-34.082888 18.859055,-34.083472 18.860305,-34.085689 18.860758,-34.085873</coordinates></LinearRing></outerBoundaryIs></Polygon>
  </Placemark>
  <Placemark id="Official_Planning_Suburbs.284">
	<name>BRIDGEBANK</name><description>5558412</description><styleUrl>#suburbStyle</styleUrl><Polygon><outerBoundaryIs><LinearRing><coordinates>18.84959,-34.090203 18.849639,-34.090114 18.849472,-34.089835 18.84907,-34.090045 18.847393,-34.090356 18.848057,-34.092504 18.848319,-34.093043 18.848803,-34.093646 18.849817,-34.094123 18.851621,-34.093047 18.850839,-34.092093 18.84959,-34.090203</coordinates></LinearRing></outerBoundaryIs></Polygon>
  </Placemark>
  <Placemark id="Official_Planning_Suburbs.285">
	<name>CARWICK</name><description>5558413</description><styleUrl>#suburbStyle</styleUrl><Polygon><outerBoundaryIs><LinearRing><coordinates>18.852339,-34.094741 18.852503,-34.09465 18.853466,-34.092127 18.853346,-34.092022 18.849817,-34.094123 18.851739,-34.094733 18.852256,-34.094788 18.852339,-34.094741</coordinates></LinearRing></outerBoundaryIs></Polygon>
  </Placemark>
  <Placemark id="Official_Planning_Suburbs.286">
	<name>LONGDOWN ESTATE</name><description>5558414</description><styleUrl>#suburbStyle</styleUrl><Polygon><outerBoundaryIs><LinearRing><coordinates>18.854096,-34.090384 18.853702,-34.090224 18.850397,-34.091423 18.851044,-34.092375 18.851621,-34.093047 18.853346,-34.092022 18.855504,-34.090881 18.855394,-34.090773 18.854729,-34.090513 18.854449,-34.090527 18.854096,-34.090384</coordinates></LinearRing></outerBoundaryIs></Polygon>
  </Placemark>
  <Placemark id="Official_Planning_Suburbs.287">
	<name>BRIDGEWATER</name><description>5558415</description><styleUrl>#suburbStyle</styleUrl><Polygon><outerBoundaryIs><LinearRing><coordinates>18.853424,-34.08929 18.852577,-34.089053 18.852057,-34.088722 18.851915,-34.088889 18.851806,-34.089538 18.851664,-34.089745 18.849639,-34.090114 18.84959,-34.090203 18.850397,-34.091423 18.853702,-34.090224 18.854449,-34.090527 18.854732,-34.090515 18.854991,-34.090023 18.854373,-34.089262 18.853424,-34.08929</coordinates></LinearRing></outerBoundaryIs></Polygon>
  </Placemark>
  <Placemark id="Official_Planning_Suburbs.288">
	<name>BENE TOWNSHIP</name><description>5558483</description><styleUrl>#suburbStyle</styleUrl><Polygon><outerBoundaryIs><LinearRing><coordinates>18.854842,-34.078838 18.856486,-34.077136 18.856406,-34.076982 18.853064,-34.077033 18.851549,-34.077326 18.850321,-34.078327 18.852829,-34.078836 18.854842,-34.078838</coordinates></LinearRing></outerBoundaryIs></Polygon>
  </Placemark>
  <Placemark id="Official_Planning_Suburbs.289">
	<name>SILVERTAS</name><description>5558487</description><styleUrl>#suburbStyle</styleUrl><Polygon><outerBoundaryIs><LinearRing><coordinates>18.838586,-34.089266 18.838641,-34.088661 18.837511,-34.087585 18.83671,-34.088084 18.835888,-34.088375 18.837448,-34.089907 18.837813,-34.090116 18.837759,-34.090238 18.837864,-34.090324 18.838411,-34.090216 18.838508,-34.090274 18.838586,-34.089266</coordinates></LinearRing></outerBoundaryIs></Polygon>
  </Placemark>
  <Placemark id="Official_Planning_Suburbs.290">
	<name>CHRIS NISSEN PARK</name><description>5558490</description><styleUrl>#suburbStyle</styleUrl><Polygon><outerBoundaryIs><LinearRing><coordinates>18.87148,-34.11135 18.873056,-34.109628 18.872122,-34.108916 18.871311,-34.108153 18.86953,-34.110135 18.870361,-34.110608 18.871304,-34.11137 18.87148,-34.11135</coordinates></LinearRing></outerBoundaryIs></Polygon>
  </Placemark>
  <Placemark id="Official_Planning_Suburbs.291">
	<name>MISTY CLIFFS</name><description>5558240</description><styleUrl>#suburbStyle</styleUrl><Polygon><outerBoundaryIs><LinearRing><coordinates>18.364766,-34.185895 18.366575,-34.185371 18.36517,-34.184146 18.363065,-34.183264 18.359458,-34.182214 18.361972,-34.183499 18.362441,-34.184091 18.36303,-34.18463 18.363608,-34.185465 18.363814,-34.185901 18.364384,-34.186131 18.36434,-34.186019 18.364503,-34.185971 18.364673,-34.186459 18.364936,-34.186401 18.364766,-34.185895</coordinates></LinearRing></outerBoundaryIs></Polygon>
  </Placemark>
  <Placemark id="Official_Planning_Suburbs.292">
	<name>SMITSWINKELBAAI</name><description>5558243</description><styleUrl>#suburbStyle</styleUrl><Polygon><outerBoundaryIs><LinearRing><coordinates>18.46659,-34.266696 18.466608,-34.265665 18.466851,-34.264829 18.467219,-34.264214 18.468205,-34.263012 18.466226,-34.26172 18.461764,-34.259021 18.459146,-34.263061 18.466592,-34.266769 18.46659,-34.266696</coordinates></LinearRing></outerBoundaryIs></Polygon>
  </Placemark>
  <Placemark id="Official_Planning_Suburbs.293">
	<name>HUNTERS CREEK</name><description>5558310</description><styleUrl>#suburbStyle</styleUrl><Polygon><outerBoundaryIs><LinearRing><coordinates>18.700854,-33.942283 18.700254,-33.942052 18.700014,-33.942548 18.699126,-33.942654 18.698843,-33.942575 18.69793,-33.944308 18.700829,-33.94586 18.702813,-33.944099 18.703316,-33.947534 18.705342,-33.946439 18.704998,-33.942397 18.703655,-33.94351 18.703571,-33.943464 18.703249,-33.943542 18.70294,-33.943099 18.70266,-33.94319 18.702172,-33.942789 18.702211,-33.942692 18.701904,-33.942686 18.700854,-33.942283</coordinates></LinearRing></outerBoundaryIs></Polygon>
  </Placemark>
  <Placemark id="Official_Planning_Suburbs.294">
	<name>BELTHORN ESTATE</name><description>5558464</description><styleUrl>#suburbStyle</styleUrl><Polygon><outerBoundaryIs><LinearRing><coordinates>18.520381,-33.980756 18.520495,-33.979691 18.519856,-33.979386 18.519368,-33.979294 18.519566,-33.978862 18.519112,-33.978711 18.519273,-33.978017 18.519136,-33.978017 18.515395,-33.978207 18.515487,-33.979743 18.511787,-33.979924 18.511886,-33.981229 18.508515,-33.981371 18.506927,-33.981347 18.508203,-33.984846 18.508589,-33.98476 18.509141,-33.98532 18.510794,-33.986425 18.511253,-33.986852 18.511627,-33.987435 18.512146,-33.989125 18.516562,-33.98821 18.517397,-33.988123 18.518667,-33.987815 18.519744,-33.987719 18.51957,-33.986184 18.520217,-33.982921 18.520242,-33.981147 18.520285,-33.980805 18.520381,-33.980756</coordinates></LinearRing></outerBoundaryIs></Polygon>
  </Placemark>
  <Placemark id="Official_Planning_Suburbs.295">
	<name>WELMOED ESTATE</name><description>86386208</description><styleUrl>#suburbStyle</styleUrl><Polygon><outerBoundaryIs><LinearRing><coordinates>18.718938,-33.971379 18.716075,-33.966061 18.715839,-33.966278 18.714731,-33.968143 18.708351,-33.970485 18.712288,-33.976512 18.713025,-33.97751 18.713973,-33.977163 18.714963,-33.978505 18.715223,-33.978378 18.719344,-33.983826 18.718779,-33.98413 18.719844,-33.985347 18.719229,-33.985694 18.719787,-33.986278 18.729876,-33.982056 18.721435,-33.970463 18.718938,-33.971379</coordinates></LinearRing></outerBoundaryIs></Polygon>
  </Placemark>
  <Placemark id="Official_Planning_Suburbs.296">
	<name>STELLENBOSCH FARMS (BLUE DOWNS)</name><description>5558075</description><styleUrl>#suburbStyle</styleUrl><Polygon><outerBoundaryIs><LinearRing><coordinates>18.730018,-33.962397 18.728803,-33.961784 18.718007,-33.953611 18.716444,-33.952666 18.716005,-33.952466 18.713174,-33.95164 18.705187,-33.949554 18.703892,-33.949364 18.703721,-33.950454 18.704988,-33.950782 18.705765,-33.951774 18.706781,-33.95357 18.706556,-33.963566 18.706393,-33.965162 18.705986,-33.967478 18.707254,-33.969432 18.707695,-33.969194 18.707133,-33.968331 18.707597,-33.966013 18.707799,-33.964385 18.707906,-33.962903 18.707701,-33.962892 18.707708,-33.962423 18.709013,-33.964549 18.714099,-33.962388 18.718938,-33.971381 18.721435,-33.970463 18.735731,-33.990152 18.737728,-33.989298 18.74542,-33.987358 18.740663,-33.984141 18.729878,-33.969031 18.728268,-33.969303 18.729171,-33.967475 18.733503,-33.965919 18.732754,-33.964513 18.7318,-33.964518 18.731055,-33.963253 18.732061,-33.963258 18.732136,-33.963393 18.733293,-33.962734 18.730806,-33.962771 18.730854,-33.962632 18.730018,-33.962397</coordinates></LinearRing></outerBoundaryIs></Polygon>
  </Placemark>
  <Placemark id="Official_Planning_Suburbs.297">
	<name>SAXENBURG PARK 2</name><description>5558441</description><styleUrl>#suburbStyle</styleUrl><Polygon><outerBoundaryIs><LinearRing><coordinates>18.706648,-33.961153 18.706668,-33.959996 18.70607,-33.959744 18.70368,-33.960238 18.703933,-33.961088 18.703885,-33.961153 18.703304,-33.961273 18.703016,-33.960941 18.702259,-33.96128 18.703617,-33.963351 18.703381,-33.963447 18.705986,-33.967478 18.706393,-33.965162 18.706556,-33.963566 18.706648,-33.961153</coordinates></LinearRing></outerBoundaryIs></Polygon>
  </Placemark>
  <Placemark id="Official_Planning_Suburbs.298">
	<name>JOOSTENBERGVLAKTE SMALLHOLDINGS</name><description>5557818</description><styleUrl>#suburbStyle</styleUrl><Polygon><outerBoundaryIs><LinearRing><coordinates>18.739682,-33.832744 18.742518,-33.824217 18.742952,-33.823397 18.742952,-33.82257 18.72134,-33.82338 18.721889,-33.824839 18.723846,-33.830911 18.724616,-33.833382 18.724473,-33.833352 18.725926,-33.838039 18.7278,-33.837313 18.734206,-33.835517 18.73495,-33.835455 18.735491,-33.835302 18.735564,-33.835304 18.735567,-33.835379 18.739044,-33.83442 18.739254,-33.834059 18.739682,-33.832744</coordinates></LinearRing></outerBoundaryIs></Polygon>
  </Placemark>
  <Placemark id="Official_Planning_Suburbs.299">
	<name>KRAAIFONTEIN INDUSTRIA</name><description>5557835</description><styleUrl>#suburbStyle</styleUrl><Polygon><outerBoundaryIs><LinearRing><coordinates>18.735652,-33.838055 18.735564,-33.835304 18.735491,-33.835302 18.73495,-33.835455 18.734206,-33.835517 18.72854,-33.837089 18.72648,-33.837794 18.725722,-33.838178 18.726906,-33.842 18.726979,-33.842009 18.726822,-33.844013 18.726585,-33.845168 18.727044,-33.84482 18.727179,-33.844943 18.727469,-33.84476 18.727485,-33.844846 18.729079,-33.843804 18.73561,-33.841339 18.735571,-33.839144 18.735668,-33.83915 18.735652,-33.838055</coordinates></LinearRing></outerBoundaryIs></Polygon>
  </Placemark>
  <Placemark id="Official_Planning_Suburbs.300">
	<name>GORDON HEIGHTS</name><description>5558360</description><styleUrl>#suburbStyle</styleUrl><Polygon><outerBoundaryIs><LinearRing><coordinates>18.885257,-34.158341 18.883174,-34.156765 18.883196,-34.156699 18.880141,-34.157782 18.879202,-34.158491 18.876867,-34.160013 18.878331,-34.160957 18.885257,-34.158341</coordinates></LinearRing></outerBoundaryIs></Polygon>
  </Placemark>
  <Placemark id="Official_Planning_Suburbs.301">
	<name>BRACKENFELL INDUSTRIA</name><description>5558452</description><styleUrl>#suburbStyle</styleUrl><Polygon><outerBoundaryIs><LinearRing><coordinates>18.712068,-33.859893 18.708008,-33.859719 18.704354,-33.862736 18.70319,-33.86389 18.698866,-33.869465 18.698826,-33.869407 18.695654,-33.873463 18.695125,-33.87427 18.705653,-33.867814 18.712524,-33.863373 18.714887,-33.861764 18.717701,-33.860071 18.712183,-33.859835 18.712171,-33.859897 18.712068,-33.859893</coordinates></LinearRing></outerBoundaryIs></Polygon>
  </Placemark>
  <Placemark id="Official_Planning_Suburbs.302">
	<name>GOEDEHOOP</name><description>5558373</description><styleUrl>#suburbStyle</styleUrl><Polygon><outerBoundaryIs><LinearRing><coordinates>18.83545,-34.097293 18.832282,-34.094903 18.83134,-34.095312 18.831133,-34.095619 18.830892,-34.095608 18.830652,-34.095691 18.829795,-34.096305 18.829151,-34.096351 18.828623,-34.0962 18.828114,-34.09624 18.827777,-34.096348 18.827238,-34.096721 18.82703,-34.097169 18.827011,-34.097261 18.827265,-34.097545 18.827149,-34.097899 18.826716,-34.098194 18.826217,-34.098272 18.826092,-34.09841 18.826123,-34.09848 18.826356,-34.098459 18.826381,-34.09839 18.826602,-34.09862 18.82697,-34.098753 18.830677,-34.101585 18.83545,-34.097293</coordinates></LinearRing></outerBoundaryIs></Polygon>
  </Placemark>
  <Placemark id="Official_Planning_Suburbs.303">
	<name>STRAND GOLF CLUB</name><description>22094150</description><styleUrl>#suburbStyle</styleUrl><Polygon><outerBoundaryIs><LinearRing><coordinates>18.826894,-34.091309 18.826396,-34.090513 18.824144,-34.091704 18.823928,-34.091548 18.820692,-34.093652 18.819275,-34.092073 18.819251,-34.092198 18.818788,-34.092499 18.818205,-34.093115 18.817393,-34.096339 18.817178,-34.096796 18.816862,-34.097245 18.815409,-34.098869 18.814991,-34.099577 18.814893,-34.099976 18.814969,-34.100044 18.815112,-34.100992 18.816009,-34.10096 18.816791,-34.101035 18.817341,-34.100813 18.817952,-34.100757 18.818351,-34.100244 18.818557,-34.10013 18.819035,-34.100225 18.819696,-34.100533 18.821069,-34.100363 18.821759,-34.100357 18.820944,-34.099434 18.82894,-34.094578 18.826894,-34.091309</coordinates></LinearRing></outerBoundaryIs></Polygon>
  </Placemark>
  <Placemark id="Official_Planning_Suburbs.304">
	<name>DE VELDE</name><description>22094179</description><styleUrl>#suburbStyle</styleUrl><Polygon><outerBoundaryIs><LinearRing><coordinates>18.825611,-34.089259 18.825397,-34.088872 18.825247,-34.088787 18.819021,-34.090176 18.818841,-34.090105 18.818578,-34.090231 18.818622,-34.09042 18.818749,-34.090501 18.81878,-34.091094 18.819005,-34.09171 18.820692,-34.093652 18.823928,-34.091548 18.824144,-34.091704 18.826396,-34.090513 18.825611,-34.089259</coordinates></LinearRing></outerBoundaryIs></Polygon>
  </Placemark>
  <Placemark id="Official_Planning_Suburbs.305">
	<name>VICTORIA PARK</name><description>5558486</description><styleUrl>#suburbStyle</styleUrl><Polygon><outerBoundaryIs><LinearRing><coordinates>18.833953,-34.090856 18.833026,-34.090785 18.83123,-34.09022 18.827406,-34.092129 18.829185,-34.094969 18.831522,-34.094486 18.833454,-34.093754 18.835058,-34.0928 18.837179,-34.091254 18.836739,-34.090815 18.836464,-34.090976 18.834923,-34.090826 18.833953,-34.090856</coordinates></LinearRing></outerBoundaryIs></Polygon>
  </Placemark>
  <Placemark id="Official_Planning_Suburbs.306">
	<name>LOURENSIA PARK</name><description>22094180</description><styleUrl>#suburbStyle</styleUrl><Polygon><outerBoundaryIs><LinearRing><coordinates>18.827408,-34.092129 18.83123,-34.09022 18.829613,-34.089512 18.828301,-34.089062 18.827397,-34.088422 18.825396,-34.08887 18.827408,-34.092129</coordinates></LinearRing></outerBoundaryIs></Polygon>
  </Placemark>
  <Placemark id="Official_Planning_Suburbs.307">
	<name>HEARTLAND BEACH ROAD PRECINCT</name><description>22094183</description><styleUrl>#suburbStyle</styleUrl><Polygon><outerBoundaryIs><LinearRing><coordinates>18.81864,-34.092644 18.81645,-34.092629 18.816454,-34.092251 18.814069,-34.092307 18.814063,-34.092974 18.815493,-34.092984 18.815491,-34.093218 18.815382,-34.093217 18.815372,-34.094299 18.814894,-34.09435 18.814698,-34.094466 18.814507,-34.09443 18.814506,-34.094536 18.813856,-34.094472 18.813621,-34.094629 18.814557,-34.095599 18.814304,-34.095768 18.815499,-34.097006 18.815503,-34.097288 18.815704,-34.097632 18.815921,-34.097782 18.81596,-34.098239 18.816979,-34.097098 18.817341,-34.096479 18.818205,-34.093115 18.81864,-34.092644</coordinates></LinearRing></outerBoundaryIs></Polygon>
  </Placemark>
  <Placemark id="Official_Planning_Suburbs.308">
	<name>HEARTLAND HISTORIC PRECINCT</name><description>22094318</description><styleUrl>#suburbStyle</styleUrl><Polygon><outerBoundaryIs><LinearRing><coordinates>18.818578,-34.090231 18.818841,-34.090105 18.819073,-34.089179 18.815601,-34.089797 18.814123,-34.090214 18.81352,-34.090236 18.808968,-34.089962 18.809004,-34.090224 18.809382,-34.090673 18.811593,-34.092956 18.812313,-34.092475 18.814067,-34.092487 18.814069,-34.092307 18.815001,-34.092313 18.81537,-34.092244 18.816454,-34.092251 18.81645,-34.092629 18.81864,-34.092644 18.819251,-34.092198 18.819275,-34.092073 18.819005,-34.09171 18.81878,-34.091094 18.818749,-34.090501 18.818622,-34.09042 18.818578,-34.090231</coordinates></LinearRing></outerBoundaryIs></Polygon>
  </Placemark>
  <Placemark id="Official_Planning_Suburbs.309">
	<name>MALL INTERCHANGE</name><description>22101713</description><styleUrl>#suburbStyle</styleUrl><Polygon><outerBoundaryIs><LinearRing><coordinates>18.819749,-34.085018 18.819867,-34.085013 18.819061,-34.082264 18.819002,-34.080905 18.819105,-34.080315 18.819428,-34.079439 18.82045,-34.077766 18.819967,-34.077314 18.819007,-34.075708 18.817478,-34.074155 18.812472,-34.06962 18.810986,-34.068641 18.817422,-34.08329 18.818664,-34.084855 18.818938,-34.085066 18.819749,-34.085018</coordinates></LinearRing></outerBoundaryIs></Polygon>
  </Placemark>
  <Placemark id="Official_Planning_Suburbs.310">
	<name>JACQUES HILL</name><description>22103377</description><styleUrl>#suburbStyle</styleUrl><Polygon><outerBoundaryIs><LinearRing><coordinates>18.856463,-34.076957 18.855836,-34.075879 18.853045,-34.074046 18.851758,-34.075234 18.851098,-34.076026 18.850914,-34.076416 18.850975,-34.077565 18.85091,-34.077829 18.851549,-34.077326 18.853064,-34.077033 18.856463,-34.076957</coordinates></LinearRing></outerBoundaryIs></Polygon>
  </Placemark>
  <Placemark id="Official_Planning_Suburbs.311">
	<name>DORHILL</name><description>5558482</description><styleUrl>#suburbStyle</styleUrl><Polygon><outerBoundaryIs><LinearRing><coordinates>18.847532,-34.071481 18.845511,-34.070148 18.845097,-34.070982 18.845209,-34.071009 18.844365,-34.0728 18.843095,-34.073832 18.841646,-34.075152 18.84457,-34.076121 18.846628,-34.077811 18.847561,-34.07702 18.846966,-34.076561 18.849063,-34.074747 18.84766,-34.074021 18.849358,-34.072259 18.848546,-34.070627 18.848255,-34.071019 18.847652,-34.071562 18.847532,-34.071481</coordinates></LinearRing></outerBoundaryIs></Polygon>
  </Placemark>
  <Placemark id="Official_Planning_Suburbs.312">
	<name>BERBAGO</name><description>22114698</description><styleUrl>#suburbStyle</styleUrl><Polygon><outerBoundaryIs><LinearRing><coordinates>18.847833,-34.076949 18.849842,-34.075148 18.849063,-34.074747 18.846966,-34.076561 18.847664,-34.0771 18.847833,-34.076949</coordinates></LinearRing></outerBoundaryIs></Polygon>
  </Placemark>
  <Placemark id="Official_Planning_Suburbs.313">
	<name>ROUNDHAY</name><description>22117188</description><styleUrl>#suburbStyle</styleUrl><Polygon><outerBoundaryIs><LinearRing><coordinates>18.860269,-34.077148 18.85892,-34.076926 18.856406,-34.076982 18.856486,-34.077136 18.854874,-34.078838 18.852829,-34.078836 18.851626,-34.078592 18.850068,-34.079931 18.851766,-34.082295 18.854067,-34.081137 18.860538,-34.078302 18.860269,-34.077148</coordinates></LinearRing></outerBoundaryIs></Polygon>
  </Placemark>
  <Placemark id="Official_Planning_Suburbs.314">
	<name>SPANISH FARM</name><description>5558388</description><styleUrl>#suburbStyle</styleUrl><Polygon><outerBoundaryIs><LinearRing><coordinates>18.855252,-34.05475 18.854973,-34.054511 18.854213,-34.053472 18.851566,-34.053261 18.851454,-34.053081 18.851794,-34.052369 18.852253,-34.051534 18.852659,-34.051157 18.851354,-34.05079 18.85065,-34.051591 18.846109,-34.054752 18.846006,-34.054746 18.845762,-34.054917 18.849264,-34.057031 18.852682,-34.057216 18.852825,-34.057292 18.853851,-34.057348 18.856286,-34.056955 18.856176,-34.055316 18.855252,-34.05475</coordinates></LinearRing></outerBoundaryIs></Polygon>
  </Placemark>
  <Placemark id="Official_Planning_Suburbs.315">
	<name>SILWERBOOMKLOOF</name><description>22140668</description><styleUrl>#suburbStyle</styleUrl><Polygon><outerBoundaryIs><LinearRing><coordinates>18.856127,-34.054617 18.855535,-34.046038 18.851354,-34.05079 18.852659,-34.051157 18.852253,-34.051534 18.851454,-34.053081 18.851566,-34.053261 18.854213,-34.053472 18.854973,-34.054511 18.855424,-34.054897 18.856176,-34.055316 18.856127,-34.054617</coordinates></LinearRing></outerBoundaryIs></Polygon>
  </Placemark>
  <Placemark id="Official_Planning_Suburbs.316">
	<name>PARELVALLEI KLEINHOEWES</name><description>22141458</description><styleUrl>#suburbStyle</styleUrl><Polygon><outerBoundaryIs><LinearRing><coordinates>18.860454,-34.053977 18.860045,-34.053965 18.860036,-34.053903 18.857739,-34.053456 18.857791,-34.054044 18.856084,-34.053996 18.856286,-34.056955 18.854494,-34.057218 18.854147,-34.058321 18.855916,-34.058741 18.85585,-34.058957 18.859946,-34.059691 18.860073,-34.059912 18.863113,-34.059934 18.863229,-34.055488 18.862729,-34.054102 18.862386,-34.054173 18.860448,-34.054119 18.860454,-34.053977</coordinates></LinearRing></outerBoundaryIs></Polygon>
  </Placemark>
  <Placemark id="Official_Planning_Suburbs.317">
	<name>HELDERRANT</name><description>5558387</description><styleUrl>#suburbStyle</styleUrl><Polygon><outerBoundaryIs><LinearRing><coordinates>18.860013,-34.059807 18.859946,-34.059691 18.857904,-34.059326 18.85765,-34.060309 18.857245,-34.060236 18.857056,-34.061214 18.857377,-34.061272 18.857265,-34.062134 18.85747,-34.062214 18.857293,-34.062857 18.857336,-34.063192 18.857444,-34.063363 18.857278,-34.064191 18.856889,-34.06484 18.859413,-34.064636 18.859195,-34.065792 18.862843,-34.066467 18.863113,-34.059934 18.860073,-34.059912 18.860013,-34.059807</coordinates></LinearRing></outerBoundaryIs></Polygon>
  </Placemark>
  <Placemark id="Official_Planning_Suburbs.318">
	<name>LA SANDRA</name><description>5558389</description><styleUrl>#suburbStyle</styleUrl><Polygon><outerBoundaryIs><LinearRing><coordinates>18.854494,-34.057218 18.853851,-34.057348 18.852825,-34.057292 18.852682,-34.057216 18.852118,-34.05859 18.851335,-34.059729 18.851578,-34.06331 18.854573,-34.062973 18.854844,-34.065014 18.8553,-34.064975 18.855011,-34.066368 18.855722,-34.065821 18.856086,-34.065167 18.856141,-34.064904 18.856889,-34.06484 18.857278,-34.064191 18.857444,-34.063363 18.857336,-34.063192 18.857293,-34.062857 18.85747,-34.062214 18.857265,-34.062134 18.857377,-34.061272 18.857056,-34.061214 18.857245,-34.060236 18.85765,-34.060309 18.857904,-34.059326 18.85585,-34.058957 18.855916,-34.058741 18.854147,-34.058321 18.854494,-34.057218</coordinates></LinearRing></outerBoundaryIs></Polygon>
  </Placemark>
  <Placemark id="Official_Planning_Suburbs.319">
	<name>BRIZA</name><description>22143679</description><styleUrl>#suburbStyle</styleUrl><Polygon><outerBoundaryIs><LinearRing><coordinates>18.84036,-34.06617 18.840182,-34.065508 18.840448,-34.064864 18.840669,-34.064665 18.839666,-34.061918 18.843403,-34.060765 18.841833,-34.057652 18.83337,-34.063506 18.835989,-34.069155 18.836436,-34.069875 18.836978,-34.070568 18.837649,-34.071206 18.839087,-34.072299 18.840396,-34.073845 18.840314,-34.073972 18.840895,-34.074591 18.841031,-34.074447 18.841646,-34.075152 18.843095,-34.073832 18.844365,-34.0728 18.845209,-34.071009 18.845097,-34.070982 18.843685,-34.071908 18.842772,-34.071071 18.841721,-34.069866 18.841079,-34.067404 18.842649,-34.066091 18.842443,-34.066012 18.842969,-34.06555 18.84324,-34.065724 18.843767,-34.06524 18.843714,-34.065203 18.845162,-34.064001 18.8442,-34.062309 18.84211,-34.064684 18.842455,-34.064993 18.842278,-34.065167 18.841868,-34.064958 18.840464,-34.066554 18.84036,-34.06617</coordinates></LinearRing></outerBoundaryIs></Polygon>
  </Placemark>
  <Placemark id="Official_Planning_Suburbs.320">
	<name>DIE WINGERD</name><description>5558397</description><styleUrl>#suburbStyle</styleUrl><Polygon><outerBoundaryIs><LinearRing><coordinates>18.830014,-34.058429 18.829849,-34.058128 18.829639,-34.05719 18.829608,-34.058775 18.829434,-34.059735 18.829083,-34.060868 18.825295,-34.069434 18.827885,-34.070442 18.832848,-34.072116 18.835185,-34.069564 18.835675,-34.069873 18.836125,-34.069374 18.83337,-34.063506 18.833077,-34.063023 18.831611,-34.058669 18.830404,-34.059144 18.830014,-34.058429</coordinates></LinearRing></outerBoundaryIs></Polygon>
  </Placemark>
  <Placemark id="Official_Planning_Suburbs.321">
	<name>VREDENZICHT</name><description>22168831</description><styleUrl>#suburbStyle</styleUrl><Polygon><outerBoundaryIs><LinearRing><coordinates>18.817738,-34.05121 18.816679,-34.049849 18.816029,-34.049715 18.815299,-34.050481 18.814893,-34.051229 18.815166,-34.051227 18.815225,-34.051288 18.817774,-34.05126 18.817738,-34.05121</coordinates></LinearRing></outerBoundaryIs></Polygon>
  </Placemark>
  <Placemark id="Official_Planning_Suburbs.322">
	<name>RIVERSIDE</name><description>22187500</description><styleUrl>#suburbStyle</styleUrl><Polygon><outerBoundaryIs><LinearRing><coordinates>18.767279,-34.06487 18.766467,-34.064985 18.766389,-34.064554 18.765829,-34.06414 18.765253,-34.06463 18.763288,-34.063176 18.761725,-34.063705 18.761059,-34.062451 18.757622,-34.063713 18.763079,-34.068632 18.763816,-34.068961 18.764356,-34.068913 18.765321,-34.068591 18.765328,-34.068492 18.766171,-34.067557 18.767577,-34.065613 18.767336,-34.065492 18.767279,-34.06487</coordinates></LinearRing></outerBoundaryIs></Polygon>
  </Placemark>
  <Placemark id="Official_Planning_Suburbs.323">
	<name>CHRIS HANI PARK</name><description>22191188</description><styleUrl>#suburbStyle</styleUrl><Polygon><outerBoundaryIs><LinearRing><coordinates>18.759646,-34.060736 18.759504,-34.060655 18.759378,-34.060685 18.758031,-34.062497 18.758519,-34.062749 18.758799,-34.063281 18.761059,-34.062451 18.760582,-34.06155 18.760168,-34.061039 18.759646,-34.060736</coordinates></LinearRing></outerBoundaryIs></Polygon>
  </Placemark>
  <Placemark id="Official_Planning_Suburbs.324">
	<name>ROME GLEN</name><description>22057441</description><styleUrl>#suburbStyle</styleUrl><Polygon><outerBoundaryIs><LinearRing><coordinates>18.873116,-34.092013 18.875234,-34.0907 18.870482,-34.086751 18.86978,-34.08737 18.868923,-34.088351 18.867477,-34.089362 18.866294,-34.090328 18.865179,-34.092075 18.86527,-34.092051 18.869533,-34.094234 18.873116,-34.092013</coordinates></LinearRing></outerBoundaryIs></Polygon>
  </Placemark>
  <Placemark id="Official_Planning_Suburbs.325">
	<name>DEEPFREEZE</name><description>22202416</description><styleUrl>#suburbStyle</styleUrl><Polygon><outerBoundaryIs><LinearRing><coordinates>18.776897,-34.065691 18.776513,-34.064999 18.774627,-34.065607 18.774498,-34.065704 18.773982,-34.065697 18.773981,-34.066028 18.773868,-34.066156 18.773513,-34.066143 18.773509,-34.067733 18.77384,-34.067941 18.774846,-34.067955 18.774808,-34.068532 18.774683,-34.068656 18.775313,-34.069055 18.776779,-34.067378 18.777475,-34.066737 18.776897,-34.065691</coordinates></LinearRing></outerBoundaryIs></Polygon>
  </Placemark>
  <Placemark id="Official_Planning_Suburbs.326">
	<name>BRANDWACHT</name><description>22202898</description><styleUrl>#suburbStyle</styleUrl><Polygon><outerBoundaryIs><LinearRing><coordinates>18.776513,-34.064999 18.775994,-34.064063 18.774159,-34.06476 18.774627,-34.065607 18.776513,-34.064999</coordinates></LinearRing></outerBoundaryIs></Polygon>
  </Placemark>
  <Placemark id="Official_Planning_Suburbs.327">
	<name>MACASSAR BEACH</name><description>22253100</description><styleUrl>#suburbStyle</styleUrl><Polygon><outerBoundaryIs><LinearRing><coordinates>18.746589,-34.076342 18.746886,-34.0764 18.747884,-34.076344 18.748067,-34.076249 18.748199,-34.07578 18.748665,-34.07587 18.748533,-34.076339 18.748647,-34.076492 18.749512,-34.07691 18.750239,-34.077051 18.751236,-34.076995 18.751915,-34.076646 18.751867,-34.076245 18.751964,-34.076031 18.752067,-34.075978 18.752565,-34.076075 18.752627,-34.075853 18.752727,-34.075873 18.752823,-34.075279 18.753293,-34.073855 18.753563,-34.073907 18.753656,-34.073809 18.753324,-34.073744 18.753198,-34.073575 18.752687,-34.073271 18.748484,-34.072455 18.747329,-34.072365 18.747379,-34.071885 18.745802,-34.070123 18.740385,-34.06951 18.73913,-34.073899 18.742066,-34.075058 18.743733,-34.075127 18.743802,-34.075551 18.745108,-34.075805 18.745975,-34.076223 18.746589,-34.076342</coordinates></LinearRing></outerBoundaryIs></Polygon>
  </Placemark>
  <Placemark id="Official_Planning_Suburbs.328">
	<name>SANDVLEI</name><description>22254990</description><styleUrl>#suburbStyle</styleUrl><Polygon><outerBoundaryIs><LinearRing><coordinates>18.736976,-34.057196 18.736682,-34.057099 18.736159,-34.056311 18.735425,-34.055953 18.735163,-34.055725 18.735428,-34.054888 18.735388,-34.054447 18.7356,-34.053648 18.736075,-34.053065 18.736123,-34.052899 18.735961,-34.052544 18.735547,-34.052281 18.735224,-34.051264 18.73519,-34.050484 18.735578,-34.048548 18.73587,-34.048004 18.736492,-34.046088 18.727117,-34.047474 18.724495,-34.050814 18.725124,-34.051405 18.725647,-34.052076 18.72665,-34.053584 18.727465,-34.054309 18.727686,-34.054647 18.728223,-34.05595 18.729236,-34.057474 18.730072,-34.05844 18.732267,-34.059835 18.733233,-34.060564 18.734906,-34.061267 18.735654,-34.062085 18.738324,-34.063713 18.739153,-34.064051 18.740344,-34.064306 18.74137,-34.06431 18.742939,-34.063933 18.747149,-34.062066 18.746196,-34.062123 18.745588,-34.061806 18.745377,-34.061937 18.745199,-34.061906 18.745105,-34.061784 18.744265,-34.061332 18.744124,-34.061205 18.744048,-34.06087 18.743935,-34.060786 18.743398,-34.060809 18.743254,-34.06094 18.743157,-34.061192 18.742995,-34.061294 18.742259,-34.061269 18.741892,-34.061134 18.741325,-34.060827 18.741074,-34.060459 18.740509,-34.059883 18.740258,-34.059415 18.739975,-34.059266 18.738571,-34.057971 18.738177,-34.057734 18.738078,-34.05752 18.737725,-34.057178 18.737487,-34.057101 18.736976,-34.057196</coordinates></LinearRing></outerBoundaryIs></Polygon>
  </Placemark>
  <Placemark id="Official_Planning_Suburbs.329">
	<name>LAGOON BEACH</name><description>22261337</description><styleUrl>#suburbStyle</styleUrl><Polygon><outerBoundaryIs><LinearRing><coordinates>18.485427,-33.89129 18.485869,-33.89074 18.485427,-33.890703 18.48502,-33.890884 18.483309,-33.891305 18.48241,-33.891281 18.479498,-33.897405 18.477834,-33.899671 18.478211,-33.899846 18.482302,-33.894365 18.48336,-33.893529 18.483709,-33.893156 18.484004,-33.89301 18.485427,-33.89129</coordinates></LinearRing></outerBoundaryIs></Polygon>
  </Placemark>
  <Placemark id="Official_Planning_Suburbs.330">
	<name>PHOENIX</name><description>22289196</description><styleUrl>#suburbStyle</styleUrl><Polygon><outerBoundaryIs><LinearRing><coordinates>18.50974,-33.872158 18.509802,-33.871949 18.50939,-33.870386 18.509891,-33.869733 18.508895,-33.869202 18.506741,-33.872026 18.506534,-33.872157 18.505664,-33.871902 18.503904,-33.874208 18.503648,-33.874072 18.503343,-33.87447 18.505263,-33.875536 18.50438,-33.876713 18.505296,-33.877225 18.506314,-33.877379 18.506353,-33.877197 18.507703,-33.877401 18.507929,-33.876885 18.508406,-33.876957 18.508667,-33.875752 18.508273,-33.874274 18.508116,-33.874128 18.508256,-33.874103 18.50974,-33.872158</coordinates></LinearRing></outerBoundaryIs></Polygon>
  </Placemark>
  <Placemark id="Official_Planning_Suburbs.331">
	<name>MILNERTON RIDGE</name><description>22301064</description><styleUrl>#suburbStyle</styleUrl><Polygon><outerBoundaryIs><LinearRing><coordinates>18.515691,-33.84807 18.51555,-33.848145 18.514474,-33.848089 18.51111,-33.848637 18.50865,-33.85026 18.506782,-33.852993 18.504108,-33.8544 18.502166,-33.856375 18.500839,-33.858485 18.500655,-33.859252 18.50133,-33.859673 18.502874,-33.856751 18.503312,-33.856227 18.505226,-33.857012 18.506064,-33.857636 18.506136,-33.857598 18.514291,-33.849972 18.515385,-33.850708 18.516388,-33.848986 18.515691,-33.84807</coordinates></LinearRing></outerBoundaryIs></Polygon>
  </Placemark>
  <Placemark id="Official_Planning_Suburbs.332">
	<name>BLOUBERG SANDS</name><description>22336146</description><styleUrl>#suburbStyle</styleUrl><Polygon><outerBoundaryIs><LinearRing><coordinates>18.483318,-33.805271 18.477598,-33.794977 18.476884,-33.795255 18.47044,-33.80632 18.472266,-33.805416 18.47592,-33.805433 18.475938,-33.80623 18.476064,-33.806613 18.477416,-33.80808 18.477696,-33.808198 18.478474,-33.808228 18.483713,-33.805988 18.483318,-33.805271</coordinates></LinearRing></outerBoundaryIs></Polygon>
  </Placemark>
  <Placemark id="Official_Planning_Suburbs.333">
	<name>BROADLANDS PARK</name><description>22018409</description><styleUrl>#suburbStyle</styleUrl><Polygon><outerBoundaryIs><LinearRing><coordinates>18.861553,-34.133639 18.8653,-34.131507 18.861362,-34.126715 18.861201,-34.12643 18.857481,-34.128579 18.857495,-34.128693 18.859059,-34.130598 18.858968,-34.130649 18.861459,-34.133668 18.861553,-34.133639</coordinates></LinearRing></outerBoundaryIs></Polygon>
  </Placemark>
  <Placemark id="Official_Planning_Suburbs.334">
	<name>WEST RIDING</name><description>22478849</description><styleUrl>#suburbStyle</styleUrl><Polygon><outerBoundaryIs><LinearRing><coordinates>18.515937,-33.81949 18.515721,-33.819392 18.51564,-33.819438 18.515316,-33.819844 18.51509,-33.819722 18.514576,-33.819658 18.512356,-33.82001 18.512483,-33.820173 18.512403,-33.821139 18.513299,-33.821376 18.512887,-33.82242 18.513118,-33.822481 18.513014,-33.822756 18.510099,-33.821987 18.509818,-33.821984 18.509269,-33.823432 18.516775,-33.825394 18.517137,-33.825236 18.519594,-33.825277 18.519172,-33.822253 18.518322,-33.822064 18.518824,-33.820845 18.519001,-33.819646 18.516666,-33.819407 18.516117,-33.819448 18.516027,-33.819531 18.515937,-33.81949</coordinates></LinearRing></outerBoundaryIs></Polygon>
  </Placemark>
  <Placemark id="Official_Planning_Suburbs.335">
	<name>PEACOCK CLOSE</name><description>22488328</description><styleUrl>#suburbStyle</styleUrl><Polygon><outerBoundaryIs><LinearRing><coordinates>18.535853,-34.069713 18.532656,-34.066596 18.531953,-34.065651 18.53163,-34.065788 18.532528,-34.07021 18.535853,-34.069713</coordinates></LinearRing></outerBoundaryIs></Polygon>
  </Placemark>
  <Placemark id="Official_Planning_Suburbs.336">
	<name>ILLAIRE</name><description>5558394</description><styleUrl>#suburbStyle</styleUrl><Polygon><outerBoundaryIs><LinearRing><coordinates>18.825671,-34.046443 18.825528,-34.046577 18.825446,-34.046505 18.823964,-34.048624 18.824021,-34.048653 18.821866,-34.051443 18.822413,-34.051743 18.823156,-34.052484 18.823285,-34.052447 18.823633,-34.052043 18.825022,-34.053319 18.825135,-34.053188 18.825341,-34.051836 18.825422,-34.051829 18.826062,-34.047876 18.826197,-34.0476 18.825671,-34.046443</coordinates></LinearRing></outerBoundaryIs></Polygon>
  </Placemark>
  <Placemark id="Official_Planning_Suburbs.337">
	<name>METRO</name><description>5557953</description><styleUrl>#suburbStyle</styleUrl><Polygon><outerBoundaryIs><LinearRing><coordinates>18.481632,-33.899508 18.486268,-33.890847 18.485869,-33.89074 18.484004,-33.89301 18.483709,-33.893156 18.48336,-33.893529 18.482302,-33.894365 18.478211,-33.899846 18.478908,-33.900184 18.479375,-33.900216 18.48094,-33.9008 18.481632,-33.899508</coordinates></LinearRing></outerBoundaryIs></Polygon>
  </Placemark>
  <Placemark id="Official_Planning_Suburbs.338">
	<name>LA MONTAGNE</name><description>22166081</description><styleUrl>#suburbStyle</styleUrl><Polygon><outerBoundaryIs><LinearRing><coordinates>18.815166,-34.051227 18.804963,-34.05127 18.805053,-34.052173 18.814657,-34.052035 18.814911,-34.051467 18.81511,-34.051421 18.815225,-34.051288 18.815166,-34.051227</coordinates></LinearRing></outerBoundaryIs></Polygon>
  </Placemark>
  <Placemark id="Official_Planning_Suburbs.339">
	<name>VREDENBERG - SOMERSET WEST</name><description>71246672</description><styleUrl>#suburbStyle</styleUrl><Polygon><outerBoundaryIs><LinearRing><coordinates>18.813265,-34.051239 18.814893,-34.051229 18.815299,-34.050481 18.816029,-34.049715 18.81324,-34.049137 18.812635,-34.050639 18.812641,-34.051243 18.813265,-34.051239</coordinates></LinearRing></outerBoundaryIs></Polygon>
  </Placemark>
  <Placemark id="Official_Planning_Suburbs.340">
	<name>ROYAL ASCOT</name><description>22483606</description><styleUrl>#suburbStyle</styleUrl><Polygon><outerBoundaryIs><LinearRing><coordinates>18.514797,-33.851643 18.515481,-33.851003 18.515385,-33.850708 18.514291,-33.849972 18.506064,-33.857636 18.505226,-33.857012 18.503312,-33.856227 18.502874,-33.856751 18.50133,-33.859673 18.501957,-33.860064 18.501796,-33.860724 18.502012,-33.860788 18.501615,-33.862176 18.50179,-33.862342 18.507227,-33.865239 18.508521,-33.865842 18.509336,-33.864745 18.509244,-33.864763 18.507394,-33.86378 18.513741,-33.855497 18.511786,-33.854455 18.5135,-33.852853 18.513378,-33.852762 18.513514,-33.85258 18.514461,-33.851696 18.514616,-33.851812 18.514797,-33.851643</coordinates></LinearRing></outerBoundaryIs></Polygon>
  </Placemark>
  <Placemark id="Official_Planning_Suburbs.341">
	<name>BRENTWOOD PARK - BLUE DOWNS</name><description>23189354</description><styleUrl>#suburbStyle</styleUrl><Polygon><outerBoundaryIs><LinearRing><coordinates>18.662666,-33.980683 18.661953,-33.980629 18.661136,-33.980455 18.658167,-33.979548 18.652387,-33.978415 18.651505,-33.981724 18.651116,-33.982907 18.650916,-33.983272 18.650187,-33.984345 18.647536,-33.987019 18.648282,-33.98684 18.663816,-33.985987 18.663762,-33.985441 18.664815,-33.983871 18.664649,-33.983233 18.664614,-33.98261 18.664709,-33.982345 18.665555,-33.981164 18.66565,-33.980743 18.665613,-33.98054 18.665748,-33.980319 18.663581,-33.980651 18.662666,-33.980683</coordinates></LinearRing></outerBoundaryIs></Polygon>
  </Placemark>
  <Placemark id="Official_Planning_Suburbs.342">
	<name>BELRAIL</name><description>5557982</description><styleUrl>#suburbStyle</styleUrl><Polygon><outerBoundaryIs><LinearRing><coordinates>18.64,-33.906422 18.64,-33.906041 18.639768,-33.905962 18.636656,-33.905763 18.636919,-33.90429 18.63703,-33.904133 18.632762,-33.903653 18.632532,-33.904748 18.632331,-33.906422 18.636326,-33.906896 18.636705,-33.90662 18.64,-33.906482 18.64,-33.906422</coordinates></LinearRing></outerBoundaryIs></Polygon>
  </Placemark>
  <Placemark id="Official_Planning_Suburbs.343">
	<name>SAXON INDUSTRIAL</name><description>5557995</description><styleUrl>#suburbStyle</styleUrl><Polygon><outerBoundaryIs><LinearRing><coordinates>18.654113,-33.912697 18.64083,-33.909228 18.640716,-33.909645 18.64183,-33.913926 18.641764,-33.915235 18.640991,-33.917329 18.640833,-33.917304 18.640811,-33.917468 18.641005,-33.918141 18.641533,-33.918077 18.644597,-33.918194 18.64465,-33.918146 18.645115,-33.918166 18.645163,-33.918362 18.645232,-33.918308 18.6442,-33.914733 18.651437,-33.915035 18.653021,-33.912801 18.655742,-33.91354 18.655861,-33.913159 18.654113,-33.912697</coordinates></LinearRing></outerBoundaryIs></Polygon>
  </Placemark>
  <Placemark id="Official_Planning_Suburbs.344">
	<name>ELIM</name><description>5558025</description><styleUrl>#suburbStyle</styleUrl><Polygon><outerBoundaryIs><LinearRing><coordinates>18.688496,-33.919244 18.687867,-33.919681 18.687961,-33.919844 18.687842,-33.919799 18.682994,-33.923108 18.682313,-33.92225 18.681653,-33.922571 18.680246,-33.920516 18.680266,-33.920406 18.676948,-33.922733 18.678701,-33.925486 18.678904,-33.925426 18.678992,-33.925466 18.681523,-33.924611 18.681783,-33.924656 18.681958,-33.924812 18.68202,-33.924734 18.686255,-33.927726 18.686372,-33.928004 18.686574,-33.927945 18.689086,-33.929675 18.695877,-33.926326 18.690888,-33.925119 18.690746,-33.925143 18.690659,-33.924967 18.69037,-33.924887 18.688496,-33.919244</coordinates></LinearRing></outerBoundaryIs></Polygon>
  </Placemark>
  <Placemark id="Official_Planning_Suburbs.345">
	<name>AMANDELSIG</name><description>5558036</description><styleUrl>#suburbStyle</styleUrl><Polygon><outerBoundaryIs><LinearRing><coordinates>18.698964,-33.925276 18.698876,-33.923169 18.698771,-33.923262 18.697857,-33.923286 18.69614,-33.92627 18.695907,-33.926382 18.695877,-33.926326 18.689086,-33.929675 18.69153,-33.931363 18.693075,-33.931385 18.69308,-33.930282 18.6934,-33.930292 18.693424,-33.930385 18.693566,-33.930378 18.695219,-33.929455 18.695959,-33.930371 18.694481,-33.931314 18.694426,-33.931443 18.696654,-33.931982 18.696629,-33.932047 18.697177,-33.932174 18.697481,-33.931311 18.698816,-33.931378 18.698897,-33.926935 18.699035,-33.926968 18.698964,-33.925276</coordinates></LinearRing></outerBoundaryIs></Polygon>
  </Placemark>
  <Placemark id="Official_Planning_Suburbs.346">
	<name>CAMELOT</name><description>5558094</description><styleUrl>#suburbStyle</styleUrl><Polygon><outerBoundaryIs><LinearRing><coordinates>18.672705,-33.958906 18.672678,-33.958768 18.672585,-33.95876 18.66832,-33.958649 18.668343,-33.957807 18.664625,-33.959319 18.664676,-33.9606 18.666189,-33.960421 18.665787,-33.964032 18.664803,-33.963658 18.664875,-33.965408 18.668118,-33.965474 18.668174,-33.963511 18.673458,-33.962637 18.672705,-33.958906</coordinates></LinearRing></outerBoundaryIs></Polygon>
  </Placemark>
  <Placemark id="Official_Planning_Suburbs.347">
	<name>HARARE</name><description>5558420</description><styleUrl>#suburbStyle</styleUrl><Polygon><outerBoundaryIs><LinearRing><coordinates>18.671998,-34.051843 18.671592,-34.051035 18.668926,-34.051482 18.666253,-34.052465 18.66558,-34.052966 18.663733,-34.055323 18.662281,-34.056763 18.661192,-34.058549 18.66278,-34.059082 18.676487,-34.062416 18.677817,-34.062949 18.681336,-34.065131 18.682163,-34.064234 18.682402,-34.063788 18.682475,-34.063385 18.682429,-34.060723 18.68268,-34.060063 18.683515,-34.059177 18.683879,-34.058592 18.683968,-34.058067 18.683978,-34.055978 18.684209,-34.055137 18.683017,-34.055145 18.682943,-34.055193 18.679344,-34.05517 18.679283,-34.055263 18.678481,-34.055256 18.677684,-34.0552 18.676529,-34.054987 18.675222,-34.054542 18.674133,-34.053958 18.673444,-34.053474 18.672887,-34.05297 18.671998,-34.051843</coordinates></LinearRing></outerBoundaryIs></Polygon>
  </Placemark>
  <Placemark id="Official_Planning_Suburbs.348">
	<name>ROSEBANK</name><description>5558076</description><styleUrl>#suburbStyle</styleUrl><Polygon><outerBoundaryIs><LinearRing><coordinates>18.469421,-33.950284 18.469443,-33.950003 18.467697,-33.951323 18.467213,-33.951576 18.466728,-33.951722 18.466407,-33.951701 18.466324,-33.951581 18.466671,-33.950609 18.466566,-33.950573 18.46576,-33.952295 18.46456,-33.954277 18.466387,-33.955192 18.466836,-33.95525 18.467699,-33.955229 18.469126,-33.955544 18.470792,-33.955808 18.47115,-33.955994 18.471218,-33.956103 18.471188,-33.956468 18.471305,-33.956745 18.471167,-33.957234 18.472798,-33.957534 18.472469,-33.960927 18.476193,-33.95964 18.476791,-33.959611 18.477533,-33.959686 18.479149,-33.959547 18.479109,-33.958548 18.479216,-33.958084 18.481094,-33.953663 18.481374,-33.953513 18.483434,-33.951647 18.48022,-33.950892 18.479889,-33.951033 18.477831,-33.950235 18.477586,-33.950511 18.476934,-33.950334 18.474958,-33.950169 18.474916,-33.95052 18.473198,-33.95033 18.473211,-33.95088 18.471993,-33.95094 18.472017,-33.951328 18.469321,-33.95154 18.469421,-33.950284</coordinates></LinearRing></outerBoundaryIs></Polygon>
  </Placemark>
  <Placemark id="Official_Planning_Suburbs.349">
	<name>HEATHFIELD</name><description>5558185</description><styleUrl>#suburbStyle</styleUrl><Polygon><outerBoundaryIs><LinearRing><coordinates>18.469472,-34.044266 18.469252,-34.044175 18.466394,-34.043734 18.466537,-34.042975 18.463655,-34.042537 18.461887,-34.050787 18.463376,-34.05114 18.464012,-34.051213 18.463297,-34.053655 18.46763,-34.054062 18.475639,-34.051923 18.474872,-34.051444 18.474953,-34.051352 18.474129,-34.050885 18.473775,-34.05031 18.473505,-34.050358 18.473174,-34.049649 18.472685,-34.048912 18.47244,-34.048615 18.472234,-34.048594 18.470775,-34.046818 18.471219,-34.046833 18.471336,-34.045937 18.471246,-34.045382 18.470907,-34.044837 18.470707,-34.04464 18.470452,-34.044639 18.470453,-34.044363 18.469472,-34.044266</coordinates></LinearRing></outerBoundaryIs></Polygon>
  </Placemark>
  <Placemark id="Official_Planning_Suburbs.350">
	<name>BELGRAVIA</name><description>5558102</description><styleUrl>#suburbStyle</styleUrl><Polygon><outerBoundaryIs><LinearRing><coordinates>18.526076,-33.966694 18.526184,-33.966433 18.51444,-33.96311 18.514306,-33.963578 18.514667,-33.968425 18.513255,-33.968483 18.513157,-33.967894 18.510906,-33.968005 18.511787,-33.979924 18.515487,-33.979743 18.515395,-33.978207 18.519273,-33.978017 18.520169,-33.97421 18.522922,-33.974934 18.526076,-33.966694</coordinates></LinearRing></outerBoundaryIs></Polygon>
  </Placemark>
  <Placemark id="Official_Planning_Suburbs.351">
	<name>RYLANDS</name><description>5558106</description><styleUrl>#suburbStyle</styleUrl><Polygon><outerBoundaryIs><LinearRing><coordinates>18.526184,-33.966433 18.521213,-33.97942 18.525607,-33.980902 18.528283,-33.9739 18.530993,-33.974558 18.533267,-33.968752 18.533413,-33.968212 18.529261,-33.967242 18.526184,-33.966433</coordinates></LinearRing></outerBoundaryIs></Polygon>
  </Placemark>
  <Placemark id="Official_Planning_Suburbs.352">
	<name>GATESVILLE</name><description>5558110</description><styleUrl>#suburbStyle</styleUrl><Polygon><outerBoundaryIs><LinearRing><coordinates>18.537958,-33.974285 18.538231,-33.96962 18.538382,-33.968722 18.533413,-33.968212 18.533267,-33.968752 18.530993,-33.974558 18.528283,-33.9739 18.525607,-33.980902 18.530244,-33.982457 18.530376,-33.982426 18.530659,-33.98252 18.53137,-33.98259 18.531171,-33.982429 18.531196,-33.981715 18.53107,-33.981678 18.531013,-33.981128 18.531345,-33.978456 18.537921,-33.978299 18.537854,-33.976443 18.537958,-33.974285</coordinates></LinearRing></outerBoundaryIs></Polygon>
  </Placemark>
  <Placemark id="Official_Planning_Suburbs.353">
	<name>LAND EN ZEEZICHT</name><description>5558384</description><styleUrl>#suburbStyle</styleUrl><Polygon><outerBoundaryIs><LinearRing><coordinates>18.870058,-34.078572 18.873195,-34.078541 18.874445,-34.07845 18.875167,-34.078289 18.879817,-34.076696 18.878024,-34.073203 18.8782,-34.072968 18.879505,-34.069674 18.876156,-34.06735 18.875681,-34.068393 18.873467,-34.068749 18.873203,-34.070686 18.87311,-34.070784 18.868179,-34.07113 18.869043,-34.078546 18.869115,-34.078609 18.870058,-34.078572</coordinates></LinearRing></outerBoundaryIs></Polygon>
  </Placemark>
  <Placemark id="Official_Planning_Suburbs.354">
	<name>EVERITE INDUSTRIA</name><description>5557901</description><styleUrl>#suburbStyle</styleUrl><Polygon><outerBoundaryIs><LinearRing><coordinates>18.708818,-33.87399 18.706224,-33.871203 18.706762,-33.870855 18.704561,-33.868493 18.695132,-33.874273 18.694965,-33.874085 18.694647,-33.87428 18.694807,-33.874474 18.694352,-33.874755 18.694413,-33.875179 18.692614,-33.877497 18.692036,-33.878147 18.691332,-33.878737 18.690514,-33.880112 18.690252,-33.88031 18.690259,-33.880396 18.695881,-33.879184 18.700982,-33.878509 18.708432,-33.878324 18.712136,-33.882973 18.71366,-33.882143 18.714051,-33.88204 18.714139,-33.881928 18.71954,-33.878904 18.719439,-33.875691 18.710806,-33.87613 18.708818,-33.87399</coordinates></LinearRing></outerBoundaryIs></Polygon>
  </Placemark>
  <Placemark id="Official_Planning_Suburbs.355">
	<name>SUNRIDGE</name><description>22370165</description><styleUrl>#suburbStyle</styleUrl><Polygon><outerBoundaryIs><LinearRing><coordinates>18.512746,-33.824331 18.509269,-33.823432 18.508866,-33.824347 18.508161,-33.824235 18.507039,-33.827193 18.50801,-33.827449 18.508622,-33.828432 18.51364,-33.829756 18.513503,-33.830114 18.514605,-33.830402 18.515587,-33.830272 18.51539,-33.829896 18.516531,-33.829401 18.516837,-33.829892 18.517906,-33.82949 18.519782,-33.829584 18.518046,-33.82807 18.519397,-33.825273 18.517137,-33.825236 18.516775,-33.825394 18.512746,-33.824331</coordinates></LinearRing></outerBoundaryIs></Polygon>
  </Placemark>
  <Placemark id="Official_Planning_Suburbs.356">
	<name>ELFINDALE</name><description>5558177</description><styleUrl>#suburbStyle</styleUrl><Polygon><outerBoundaryIs><LinearRing><coordinates>18.475699,-34.037443 18.474836,-34.037189 18.473242,-34.036502 18.470745,-34.037542 18.469292,-34.038707 18.468738,-34.038888 18.467745,-34.039011 18.467145,-34.039633 18.466733,-34.040571 18.466604,-34.042552 18.466394,-34.043734 18.469252,-34.044175 18.46967,-34.044301 18.4698,-34.044263 18.470453,-34.044363 18.470452,-34.044639 18.470707,-34.04464 18.470907,-34.044837 18.471246,-34.045382 18.471326,-34.045718 18.471219,-34.046833 18.470775,-34.046818 18.472234,-34.048594 18.47244,-34.048615 18.472685,-34.048912 18.473174,-34.049649 18.473505,-34.050358 18.473775,-34.05031 18.474129,-34.050885 18.474953,-34.051352 18.474872,-34.051444 18.475639,-34.051923 18.478314,-34.051205 18.478566,-34.051145 18.478572,-34.051212 18.47868,-34.051195 18.480208,-34.050787 18.479202,-34.047901 18.479573,-34.046919 18.479716,-34.046862 18.480967,-34.04551 18.482067,-34.045053 18.484147,-34.045077 18.484277,-34.045001 18.482793,-34.042532 18.482691,-34.042566 18.479504,-34.037171 18.478929,-34.037153 18.476875,-34.037456 18.475699,-34.037443</coordinates></LinearRing></outerBoundaryIs></Polygon>
  </Placemark>
  <Placemark id="Official_Planning_Suburbs.357">
	<name>BUH-REIN ESTATE</name><description>5558281</description><styleUrl>#suburbStyle</styleUrl><Polygon><outerBoundaryIs><LinearRing><coordinates>18.722962,-33.82987 18.721375,-33.824824 18.720969,-33.823836 18.720883,-33.823338 18.720421,-33.822068 18.717328,-33.816624 18.710701,-33.818194 18.714021,-33.82452 18.715686,-33.82845 18.722994,-33.829996 18.722962,-33.82987</coordinates></LinearRing></outerBoundaryIs></Polygon>
  </Placemark>
  <Placemark id="Official_Planning_Suburbs.358">
	<name>AUDAS ESTATE</name><description>5558399</description><styleUrl>#suburbStyle</styleUrl><Polygon><outerBoundaryIs><LinearRing><coordinates>18.845603,-34.07695 18.84457,-34.076121 18.842861,-34.075576 18.842061,-34.076999 18.841903,-34.076844 18.841373,-34.076749 18.842773,-34.078476 18.842582,-34.078965 18.842626,-34.079461 18.842298,-34.079483 18.841954,-34.079839 18.842496,-34.080399 18.839024,-34.082763 18.842518,-34.083974 18.842291,-34.084118 18.843351,-34.084558 18.849022,-34.081183 18.848165,-34.080086 18.847201,-34.07832 18.845603,-34.07695</coordinates></LinearRing></outerBoundaryIs></Polygon>
  </Placemark>
  <Placemark id="Official_Planning_Suburbs.359">
	<name>HELDERZICHT</name><description>5558488</description><styleUrl>#suburbStyle</styleUrl><Polygon><outerBoundaryIs><LinearRing><coordinates>18.836566,-34.089041 18.835888,-34.088375 18.833885,-34.089083 18.83287,-34.08899 18.832746,-34.090326 18.832588,-34.090658 18.833047,-34.090787 18.834082,-34.090866 18.834923,-34.090826 18.836464,-34.090976 18.836739,-34.090815 18.836539,-34.090625 18.836724,-34.090538 18.837864,-34.090324 18.837759,-34.090238 18.837813,-34.090116 18.837448,-34.089907 18.836566,-34.089041</coordinates></LinearRing></outerBoundaryIs></Polygon>
  </Placemark>
  <Placemark id="Official_Planning_Suburbs.360">
	<name>CAREY PARK</name><description>21974840</description><styleUrl>#suburbStyle</styleUrl><Polygon><outerBoundaryIs><LinearRing><coordinates>18.843166,-34.084529 18.842734,-34.084375 18.841503,-34.085149 18.842568,-34.084911 18.842759,-34.084772 18.842857,-34.084809 18.842481,-34.08499 18.838691,-34.085846 18.840887,-34.088627 18.845025,-34.086384 18.844465,-34.085671 18.84413,-34.085368 18.843955,-34.085037 18.843537,-34.08487 18.843603,-34.08483 18.843403,-34.0846 18.843181,-34.084734 18.843166,-34.084529</coordinates></LinearRing></outerBoundaryIs></Polygon>
  </Placemark>
  <Placemark id="Official_Planning_Suburbs.361">
	<name>GARDEN VILLAGE</name><description>21974886</description><styleUrl>#suburbStyle</styleUrl><Polygon><outerBoundaryIs><LinearRing><coordinates>18.838726,-34.085896 18.838691,-34.085846 18.83622,-34.086357 18.839638,-34.089609 18.840893,-34.088736 18.840887,-34.088627 18.838726,-34.085896</coordinates></LinearRing></outerBoundaryIs></Polygon>
  </Placemark>
  <Placemark id="Official_Planning_Suburbs.362">
	<name>MALL TRIANGLE</name><description>22099454</description><styleUrl>#suburbStyle</styleUrl><Polygon><outerBoundaryIs><LinearRing><coordinates>18.826653,-34.088588 18.835554,-34.08659 18.83622,-34.086357 18.835482,-34.085652 18.83488,-34.085187 18.834641,-34.085092 18.834119,-34.084977 18.831358,-34.084703 18.829505,-34.083999 18.828037,-34.083271 18.826527,-34.082192 18.824491,-34.08042 18.822109,-34.078564 18.821316,-34.078107 18.82045,-34.077766 18.819428,-34.079439 18.819105,-34.080315 18.819002,-34.080905 18.819061,-34.082264 18.819946,-34.085261 18.820022,-34.085771 18.819945,-34.086552 18.819021,-34.090176 18.825247,-34.088787 18.825397,-34.088872 18.826653,-34.088588</coordinates></LinearRing></outerBoundaryIs></Polygon>
  </Placemark>
  <Placemark id="Official_Planning_Suburbs.363">
	<name>SOMERSET WEST COUNTRY CLUB</name><description>22100102</description><styleUrl>#suburbStyle</styleUrl><Polygon><outerBoundaryIs><LinearRing><coordinates>18.841886,-34.077381 18.841373,-34.076749 18.838929,-34.076309 18.83857,-34.077436 18.837431,-34.077133 18.836961,-34.078379 18.836857,-34.078408 18.835532,-34.081902 18.8341,-34.081328 18.832478,-34.080483 18.827959,-34.07765 18.827916,-34.077709 18.827848,-34.077666 18.827512,-34.078096 18.829178,-34.079538 18.833297,-34.083416 18.83357,-34.083923 18.833658,-34.084717 18.83488,-34.085187 18.83622,-34.086357 18.842481,-34.08499 18.842857,-34.084809 18.842759,-34.084772 18.842568,-34.084911 18.841503,-34.085149 18.842734,-34.084375 18.843236,-34.084511 18.842291,-34.084118 18.842518,-34.083974 18.839024,-34.082763 18.842496,-34.080399 18.841954,-34.079839 18.842298,-34.079483 18.842626,-34.079461 18.842582,-34.078965 18.842773,-34.078476 18.841886,-34.077381</coordinates></LinearRing></outerBoundaryIs></Polygon>
  </Placemark>
  <Placemark id="Official_Planning_Suburbs.364">
	<name>MALL MOTOR CITY</name><description>22101153</description><styleUrl>#suburbStyle</styleUrl><Polygon><outerBoundaryIs><LinearRing><coordinates>18.834599,-34.08507 18.834047,-34.084914 18.833658,-34.084717 18.83357,-34.083923 18.833297,-34.083416 18.828797,-34.079193 18.826661,-34.077428 18.823275,-34.075212 18.810749,-34.067789 18.810986,-34.068641 18.812472,-34.06962 18.817478,-34.074155 18.818549,-34.07523 18.819201,-34.075952 18.8198,-34.077073 18.820148,-34.077524 18.820507,-34.077797 18.821316,-34.078107 18.822109,-34.078564 18.824491,-34.08042 18.826139,-34.081878 18.827462,-34.082917 18.829199,-34.083866 18.831184,-34.084653 18.831894,-34.084789 18.834119,-34.084977 18.834705,-34.085117 18.834599,-34.08507</coordinates></LinearRing></outerBoundaryIs></Polygon>
  </Placemark>
  <Placemark id="Official_Planning_Suburbs.365">
	<name>RICHWOOD</name><description>5557824</description><styleUrl>#suburbStyle</styleUrl><Polygon><outerBoundaryIs><LinearRing><coordinates>18.547776,-33.828306 18.541695,-33.828312 18.540636,-33.83096 18.540655,-33.830774 18.540185,-33.829672 18.539884,-33.829532 18.539724,-33.82971 18.537421,-33.835558 18.544823,-33.837683 18.545445,-33.836215 18.546052,-33.835167 18.549686,-33.831121 18.547776,-33.828306</coordinates></LinearRing></outerBoundaryIs></Polygon>
  </Placemark>
  <Placemark id="Official_Planning_Suburbs.366">
	<name>HAGLEY</name><description>5558085</description><styleUrl>#suburbStyle</styleUrl><Polygon><outerBoundaryIs><LinearRing><coordinates>18.672359,-33.957107 18.668367,-33.957025 18.668412,-33.955358 18.662542,-33.954919 18.662462,-33.955698 18.662322,-33.95606 18.661845,-33.956616 18.661449,-33.956878 18.660053,-33.960153 18.659752,-33.962031 18.659799,-33.963814 18.659719,-33.965301 18.659414,-33.9653 18.659411,-33.966247 18.659768,-33.966248 18.660191,-33.966939 18.664934,-33.96682 18.664803,-33.963658 18.665787,-33.964032 18.666189,-33.960421 18.664676,-33.9606 18.664625,-33.959319 18.668343,-33.957807 18.66832,-33.958649 18.672678,-33.958768 18.673458,-33.962637 18.668174,-33.963511 18.668118,-33.965463 18.672634,-33.965584 18.674578,-33.966006 18.674669,-33.965971 18.674614,-33.965976 18.674897,-33.965095 18.676319,-33.961023 18.684058,-33.962918 18.684022,-33.962822 18.68415,-33.962853 18.686601,-33.955967 18.684217,-33.956394 18.681333,-33.956514 18.677939,-33.956295 18.6718,-33.955609 18.672359,-33.957107</coordinates></LinearRing></outerBoundaryIs></Polygon>
  </Placemark>
  <Placemark id="Official_Planning_Suburbs.367">
	<name>WIMBLEDON ESTATE</name><description>5558089</description><styleUrl>#suburbStyle</styleUrl><Polygon><outerBoundaryIs><LinearRing><coordinates>18.688023,-33.956609 18.687259,-33.955778 18.686601,-33.955967 18.68415,-33.962853 18.684022,-33.962822 18.684058,-33.962918 18.681293,-33.970884 18.688303,-33.971637 18.690354,-33.963385 18.691319,-33.960264 18.688023,-33.956609</coordinates></LinearRing></outerBoundaryIs></Polygon>
  </Placemark>
  <Placemark id="Official_Planning_Suburbs.368">
	<name>BURGUNDY ESTATE</name><description>5558257</description><styleUrl>#suburbStyle</styleUrl><Polygon><outerBoundaryIs><LinearRing><coordinates>18.552491,-33.830571 18.55217,-33.82863 18.549748,-33.831199 18.549686,-33.831121 18.549552,-33.831246 18.547317,-33.833712 18.546052,-33.835167 18.545445,-33.836215 18.541467,-33.846209 18.543626,-33.847703 18.555341,-33.847217 18.554175,-33.84072 18.554074,-33.840733 18.554148,-33.840544 18.552491,-33.830571</coordinates></LinearRing></outerBoundaryIs></Polygon>
  </Placemark>
  <Placemark id="Official_Planning_Suburbs.369">
	<name>PHILADELPHIA</name><description>5558260</description><styleUrl>#suburbStyle</styleUrl><Polygon><outerBoundaryIs><LinearRing><coordinates>18.583547,-33.66554 18.585304,-33.663493 18.583133,-33.662188 18.577496,-33.668476 18.580665,-33.66976 18.581571,-33.667839 18.583466,-33.665631 18.584203,-33.665973 18.584578,-33.665956 18.584909,-33.665808 18.585801,-33.665164 18.586419,-33.665762 18.587495,-33.665538 18.58664,-33.664442 18.58619,-33.664432 18.585509,-33.664924 18.585686,-33.665096 18.584832,-33.665713 18.584541,-33.665844 18.584225,-33.665858 18.583547,-33.66554</coordinates></LinearRing></outerBoundaryIs></Polygon>
  </Placemark>
  <Placemark id="Official_Planning_Suburbs.370">
	<name>WYNLAND INDUSTRIAL PARK</name><description>5557827</description><styleUrl>#suburbStyle</styleUrl><Polygon><outerBoundaryIs><LinearRing><coordinates>18.75268,-33.834212 18.751846,-33.830779 18.735567,-33.835379 18.735677,-33.838997 18.735668,-33.83915 18.735571,-33.839144 18.735607,-33.841212 18.738532,-33.840294 18.744674,-33.838821 18.746766,-33.837946 18.750459,-33.835742 18.752714,-33.834835 18.752775,-33.834467 18.752745,-33.834218 18.75268,-33.834212</coordinates></LinearRing></outerBoundaryIs></Polygon>
  </Placemark>
  <Placemark id="Official_Planning_Suburbs.371">
	<name>OLIVE GROVE</name><description>22042463</description><styleUrl>#suburbStyle</styleUrl><Polygon><outerBoundaryIs><LinearRing><coordinates>18.866855,-34.094983 18.869027,-34.093975 18.86527,-34.092051 18.864963,-34.092549 18.864641,-34.092794 18.862432,-34.093531 18.861376,-34.094366 18.863059,-34.095668 18.863952,-34.09509 18.864717,-34.095975 18.866855,-34.094983</coordinates></LinearRing></outerBoundaryIs></Polygon>
  </Placemark>
  <Placemark id="Official_Planning_Suburbs.372">
	<name>VYGEBOOM</name><description>5557854</description><styleUrl>#suburbStyle</styleUrl><Polygon><outerBoundaryIs><LinearRing><coordinates>18.658552,-33.845438 18.658572,-33.845332 18.656585,-33.845489 18.656415,-33.845444 18.656395,-33.845523 18.656111,-33.845456 18.65471,-33.845568 18.653687,-33.845794 18.653676,-33.84553 18.653056,-33.845732 18.647001,-33.845868 18.646886,-33.845887 18.646889,-33.845963 18.644538,-33.846018 18.644355,-33.846811 18.644087,-33.849258 18.6557,-33.849246 18.655432,-33.846818 18.657521,-33.846594 18.65833,-33.846639 18.658552,-33.845438</coordinates></LinearRing></outerBoundaryIs></Polygon>
  </Placemark>
  <Placemark id="Official_Planning_Suburbs.373">
	<name>ZEVENDAL</name><description>5558054</description><styleUrl>#suburbStyle</styleUrl><Polygon><outerBoundaryIs><LinearRing><coordinates>18.712269,-33.936133 18.711816,-33.936098 18.710275,-33.935689 18.708994,-33.935618 18.712735,-33.940818 18.717245,-33.940402 18.714441,-33.936256 18.714115,-33.936365 18.713865,-33.936313 18.713471,-33.935944 18.712984,-33.936135 18.712269,-33.936133</coordinates></LinearRing></outerBoundaryIs></Polygon>
  </Placemark>
  <Placemark id="Official_Planning_Suburbs.374">
	<name>ZEVENWACHT COUNTRY ESTATE</name><description>5558308</description><styleUrl>#suburbStyle</styleUrl><Polygon><outerBoundaryIs><LinearRing><coordinates>18.717247,-33.940401 18.71901,-33.939058 18.717809,-33.935268 18.716684,-33.93549 18.714438,-33.936252 18.717247,-33.940401</coordinates></LinearRing></outerBoundaryIs></Polygon>
  </Placemark>
  <Placemark id="Official_Planning_Suburbs.375">
	<name>STELLENBOSCH FARMS (KUILSRIVIER)</name><description>5558311</description><styleUrl>#suburbStyle</styleUrl><Polygon><outerBoundaryIs><LinearRing><coordinates>18.723331,-33.925224 18.71956,-33.923696 18.710808,-33.921173 18.708325,-33.92269 18.707839,-33.924232 18.707545,-33.925495 18.707222,-33.928057 18.707099,-33.935667 18.708173,-33.935643 18.708289,-33.928864 18.708357,-33.927573 18.708563,-33.926048 18.713175,-33.926398 18.713391,-33.928159 18.713351,-33.929347 18.713443,-33.930168 18.713562,-33.930456 18.71415,-33.931017 18.714415,-33.930853 18.716745,-33.931865 18.71901,-33.939058 18.717245,-33.940402 18.712735,-33.940818 18.712315,-33.940237 18.708083,-33.94081 18.706993,-33.941346 18.706169,-33.941422 18.704998,-33.942397 18.705342,-33.946439 18.703316,-33.947534 18.702813,-33.944099 18.70192,-33.944839 18.701947,-33.944928 18.701459,-33.945333 18.70205,-33.947263 18.701373,-33.947407 18.700472,-33.947248 18.700172,-33.948417 18.702656,-33.94907 18.702736,-33.94916 18.702679,-33.949325 18.704057,-33.949379 18.705187,-33.949554 18.713192,-33.951645 18.716005,-33.952466 18.716444,-33.952666 18.718007,-33.953611 18.728803,-33.961784 18.729773,-33.962304 18.730854,-33.962632 18.737847,-33.942209 18.73686,-33.940527 18.739836,-33.938232 18.740147,-33.937396 18.739823,-33.93585 18.742372,-33.936502 18.743646,-33.934331 18.743317,-33.934145 18.744039,-33.932324 18.745276,-33.931536 18.739844,-33.932816 18.733361,-33.929662 18.727533,-33.924635 18.724931,-33.92585 18.723331,-33.925224</coordinates></LinearRing></outerBoundaryIs></Polygon>
  </Placemark>
  <Placemark id="Official_Planning_Suburbs.376">
	<name>RUSTDAL</name><description>5558087</description><styleUrl>#suburbStyle</styleUrl><Polygon><outerBoundaryIs><LinearRing><coordinates>18.706673,-33.959702 18.706749,-33.955355 18.696363,-33.957565 18.699226,-33.96125 18.699644,-33.961497 18.699805,-33.961678 18.701715,-33.964128 18.703617,-33.963351 18.702259,-33.96128 18.703016,-33.960941 18.703304,-33.961273 18.703885,-33.961153 18.703933,-33.961088 18.70368,-33.960238 18.70607,-33.959744 18.706668,-33.959996 18.706673,-33.959702</coordinates></LinearRing></outerBoundaryIs></Polygon>
  </Placemark>
  <Placemark id="Official_Planning_Suburbs.377">
	<name>SAXENBURG PARK 1</name><description>5558430</description><styleUrl>#suburbStyle</styleUrl><Polygon><outerBoundaryIs><LinearRing><coordinates>18.699183,-33.956921 18.706749,-33.955355 18.706781,-33.95357 18.705765,-33.951774 18.704988,-33.950782 18.703721,-33.950454 18.703892,-33.949364 18.702809,-33.949318 18.701618,-33.94937 18.700691,-33.949478 18.69972,-33.949693 18.698413,-33.95019 18.695657,-33.951649 18.699183,-33.956921</coordinates></LinearRing></outerBoundaryIs></Polygon>
  </Placemark>
  <Placemark id="Official_Planning_Suburbs.378">
	<name>AVALON ESTATE</name><description>5557811</description><styleUrl>#suburbStyle</styleUrl><Polygon><outerBoundaryIs><LinearRing><coordinates>18.688033,-33.825039 18.697393,-33.821903 18.696882,-33.819859 18.688446,-33.82263 18.687575,-33.823927 18.6876,-33.824378 18.687934,-33.825073 18.688033,-33.825039</coordinates></LinearRing></outerBoundaryIs></Polygon>
  </Placemark>
  <Placemark id="Official_Planning_Suburbs.379">
	<name>PINEHURST</name><description>5557816</description><styleUrl>#suburbStyle</styleUrl><Polygon><outerBoundaryIs><LinearRing><coordinates>18.697465,-33.822192 18.697393,-33.821903 18.687934,-33.825073 18.6876,-33.824378 18.687575,-33.823927 18.688446,-33.82263 18.688563,-33.822591 18.683239,-33.822454 18.68302,-33.823422 18.681116,-33.823305 18.679484,-33.823632 18.679473,-33.823548 18.679332,-33.823566 18.677713,-33.824101 18.677833,-33.824149 18.679895,-33.827767 18.675499,-33.829159 18.675569,-33.829216 18.67463,-33.829531 18.675672,-33.831328 18.675762,-33.831362 18.677221,-33.833723 18.679476,-33.833734 18.679245,-33.8358 18.675305,-33.835496 18.679645,-33.838438 18.680091,-33.838678 18.68074,-33.838898 18.68588,-33.839267 18.687554,-33.839115 18.688517,-33.836618 18.689511,-33.836651 18.690048,-33.833987 18.697201,-33.832329 18.697482,-33.829212 18.699126,-33.829346 18.699268,-33.827948 18.699178,-33.827932 18.698148,-33.823777 18.697943,-33.824104 18.697465,-33.822192</coordinates></LinearRing></outerBoundaryIs></Polygon>
  </Placemark>
  <Placemark id="Official_Planning_Suburbs.380">
	<name>SONEIKE II</name><description>5557994</description><styleUrl>#suburbStyle</styleUrl><Polygon><outerBoundaryIs><LinearRing><coordinates>18.68347,-33.90724 18.680421,-33.907796 18.67962,-33.90812 18.674729,-33.909082 18.672471,-33.909791 18.672055,-33.912082 18.672158,-33.912771 18.673167,-33.913903 18.673751,-33.914244 18.674039,-33.914502 18.677959,-33.913484 18.677953,-33.913568 18.681805,-33.912607 18.682469,-33.912751 18.684472,-33.91377 18.685383,-33.912607 18.685686,-33.912335 18.686153,-33.912188 18.685335,-33.910062 18.683747,-33.907394 18.683641,-33.907241 18.68347,-33.90724</coordinates></LinearRing></outerBoundaryIs></Polygon>
  </Placemark>
  <Placemark id="Official_Planning_Suburbs.381">
	<name>ROUXVILLE</name><description>5558011</description><styleUrl>#suburbStyle</styleUrl><Polygon><outerBoundaryIs><LinearRing><coordinates>18.698784,-33.920968 18.698473,-33.913429 18.698278,-33.912366 18.697311,-33.912804 18.694011,-33.913872 18.692219,-33.914674 18.69258,-33.916086 18.692677,-33.916114 18.693021,-33.917977 18.693308,-33.91825 18.69316,-33.918353 18.693857,-33.921087 18.6942,-33.921088 18.693852,-33.923183 18.694429,-33.923325 18.694408,-33.923496 18.695076,-33.926134 18.695907,-33.926382 18.69614,-33.92627 18.697857,-33.923286 18.698771,-33.923262 18.698876,-33.923169 18.698784,-33.920968</coordinates></LinearRing></outerBoundaryIs></Polygon>
  </Placemark>
  <Placemark id="Official_Planning_Suburbs.382">
	<name>JAN KRIEL</name><description>5558015</description><styleUrl>#suburbStyle</styleUrl><Polygon><outerBoundaryIs><LinearRing><coordinates>18.687867,-33.919681 18.688496,-33.919244 18.687463,-33.915952 18.685831,-33.916335 18.685455,-33.91651 18.683818,-33.917713 18.683857,-33.91778 18.683518,-33.91808 18.68284,-33.918497 18.681239,-33.919659 18.681355,-33.919689 18.680266,-33.920406 18.680246,-33.920516 18.681653,-33.922571 18.682313,-33.92225 18.682994,-33.923108 18.687842,-33.919799 18.687961,-33.919844 18.687867,-33.919681</coordinates></LinearRing></outerBoundaryIs></Polygon>
  </Placemark>
  <Placemark id="Official_Planning_Suburbs.383">
	<name>AMANDELRUG</name><description>5558306</description><styleUrl>#suburbStyle</styleUrl><Polygon><outerBoundaryIs><LinearRing><coordinates>18.692263,-33.914846 18.692219,-33.914674 18.691141,-33.914916 18.690942,-33.914865 18.6873,-33.915408 18.688008,-33.917777 18.69037,-33.924887 18.690659,-33.924967 18.690746,-33.925143 18.690888,-33.925119 18.695076,-33.926134 18.694408,-33.923496 18.694429,-33.923325 18.693852,-33.923183 18.6942,-33.921088 18.693857,-33.921087 18.69316,-33.918353 18.693308,-33.91825 18.693021,-33.917977 18.692677,-33.916114 18.69258,-33.916086 18.692263,-33.914846</coordinates></LinearRing></outerBoundaryIs></Polygon>
  </Placemark>
  <Placemark id="Official_Planning_Suburbs.384">
	<name>BRANDWAG</name><description>5558454</description><styleUrl>#suburbStyle</styleUrl><Polygon><outerBoundaryIs><LinearRing><coordinates>18.681379,-33.919551 18.683518,-33.91808 18.683857,-33.91778 18.683818,-33.917713 18.685455,-33.91651 18.685831,-33.916335 18.687463,-33.915952 18.686153,-33.912188 18.685686,-33.912335 18.685383,-33.912607 18.681246,-33.917886 18.680438,-33.91943 18.681239,-33.919659 18.681379,-33.919551</coordinates></LinearRing></outerBoundaryIs></Polygon>
  </Placemark>
  <Placemark id="Official_Planning_Suburbs.385">
	<name>HINDLE PARK</name><description>5558128</description><styleUrl>#suburbStyle</styleUrl><Polygon><outerBoundaryIs><LinearRing><coordinates>18.677495,-33.981788 18.676913,-33.981718 18.676917,-33.983204 18.680023,-33.98442 18.680843,-33.98269 18.678709,-33.981915 18.678304,-33.981817 18.677495,-33.981788</coordinates></LinearRing></outerBoundaryIs></Polygon>
  </Placemark>
  <Placemark id="Official_Planning_Suburbs.386">
	<name>DELRO VILLAGE</name><description>5558132</description><styleUrl>#suburbStyle</styleUrl><Polygon><outerBoundaryIs><LinearRing><coordinates>18.683482,-33.985302 18.683234,-33.983558 18.680843,-33.98269 18.680023,-33.98442 18.683482,-33.985302</coordinates></LinearRing></outerBoundaryIs></Polygon>
  </Placemark>
  <Placemark id="Official_Planning_Suburbs.387">
	<name>WITSAND</name><description>5558485</description><styleUrl>#suburbStyle</styleUrl><Polygon><outerBoundaryIs><LinearRing><coordinates>18.506919,-33.581445 18.506301,-33.579381 18.500464,-33.590362 18.505095,-33.592126 18.504607,-33.592842 18.506226,-33.592918 18.507216,-33.592843 18.510152,-33.592238 18.506919,-33.581445</coordinates></LinearRing></outerBoundaryIs></Polygon>
  </Placemark>
  <Placemark id="Official_Planning_Suburbs.388">
	<name>ROBBEN ISLAND</name><description>5557796</description><styleUrl>#suburbStyle</styleUrl><Polygon><outerBoundaryIs><LinearRing><coordinates>18.368976,-33.789841 18.367868,-33.789712 18.366649,-33.789703 18.365985,-33.789571 18.364874,-33.790085 18.364101,-33.789824 18.363432,-33.79034 18.362329,-33.790344 18.362435,-33.790596 18.362424,-33.792156 18.36209,-33.792024 18.361868,-33.792285 18.361751,-33.793196 18.359187,-33.79526 18.358404,-33.796301 18.357843,-33.797339 18.357949,-33.79799 18.357943,-33.798901 18.357824,-33.799811 18.357043,-33.800589 18.356704,-33.801759 18.358462,-33.803589 18.359007,-33.804503 18.35944,-33.806067 18.359432,-33.807109 18.359868,-33.808023 18.360527,-33.808806 18.360962,-33.80985 18.361283,-33.811414 18.361052,-33.812714 18.360491,-33.813753 18.360708,-33.814402 18.361588,-33.815319 18.362249,-33.815583 18.362022,-33.816105 18.362576,-33.816107 18.363352,-33.816369 18.364127,-33.816507 18.364567,-33.816506 18.3639,-33.817024 18.364341,-33.817547 18.364894,-33.817549 18.368316,-33.819258 18.369532,-33.819525 18.370747,-33.820183 18.371966,-33.819927 18.372741,-33.819933 18.373303,-33.819157 18.373858,-33.818637 18.376744,-33.81813 18.37785,-33.818136 18.3794,-33.818274 18.379516,-33.817752 18.379961,-33.817497 18.380844,-33.81763 18.381183,-33.816852 18.380966,-33.816199 18.381083,-33.81542 18.382422,-33.814255 18.381655,-33.81295 18.382652,-33.812694 18.382876,-33.812434 18.381988,-33.812688 18.381325,-33.812555 18.381105,-33.812163 18.381444,-33.811255 18.381569,-33.809563 18.38113,-33.80865 18.380475,-33.807736 18.380035,-33.806953 18.379155,-33.806298 18.376626,-33.803685 18.375532,-33.801725 18.375546,-33.799903 18.375882,-33.799124 18.376657,-33.799128 18.37788,-33.798873 18.378324,-33.798484 18.376107,-33.798736 18.375332,-33.798731 18.375015,-33.796514 18.375901,-33.796389 18.376899,-33.796395 18.377671,-33.796789 18.378329,-33.797834 18.378774,-33.797707 18.378774,-33.797445 18.377235,-33.796006 18.376237,-33.79587 18.375574,-33.795998 18.37424,-33.796511 18.373133,-33.796636 18.373579,-33.795986 18.373362,-33.795467 18.373368,-33.794557 18.373926,-33.793907 18.373935,-33.792995 18.373829,-33.792215 18.372508,-33.791295 18.371624,-33.791032 18.370851,-33.790637 18.369635,-33.79024 18.368976,-33.789841</coordinates></LinearRing></outerBoundaryIs></Polygon>
  </Placemark>
  <Placemark id="Official_Planning_Suburbs.389">
	<name>MAMRE</name><description>5557784</description><styleUrl>#suburbStyle</styleUrl><Polygon><outerBoundaryIs><LinearRing><coordinates>18.476887,-33.508674 18.476388,-33.508399 18.47538,-33.508074 18.474215,-33.507564 18.473792,-33.508245 18.473991,-33.508331 18.473926,-33.508436 18.473453,-33.508656 18.472977,-33.508687 18.472906,-33.508591 18.471586,-33.509507 18.471617,-33.509682 18.470706,-33.509874 18.470312,-33.50908 18.470916,-33.508652 18.471166,-33.50829 18.470651,-33.50816 18.46986,-33.509011 18.469425,-33.509189 18.469017,-33.509221 18.468244,-33.508979 18.466442,-33.509127 18.466436,-33.509217 18.465899,-33.509264 18.465817,-33.508936 18.465441,-33.508972 18.465372,-33.508653 18.465216,-33.508704 18.465284,-33.508988 18.46411,-33.509167 18.464136,-33.509394 18.463232,-33.50976 18.463451,-33.510105 18.463238,-33.51024 18.463169,-33.510589 18.462614,-33.510535 18.46065,-33.510657 18.460463,-33.51249 18.461117,-33.512536 18.460924,-33.514458 18.461259,-33.514482 18.461269,-33.514573 18.461622,-33.514838 18.461598,-33.515106 18.462563,-33.515169 18.462744,-33.515305 18.463138,-33.515027 18.463334,-33.51522 18.465211,-33.51534 18.465358,-33.515278 18.466122,-33.515302 18.468405,-33.515478 18.468837,-33.515735 18.468907,-33.515652 18.469309,-33.515626 18.469565,-33.515778 18.469586,-33.515553 18.471517,-33.515679 18.471492,-33.515949 18.471766,-33.515988 18.472548,-33.517055 18.472328,-33.517221 18.472978,-33.518106 18.472878,-33.519181 18.475615,-33.519358 18.475615,-33.520553 18.484796,-33.520493 18.483866,-33.514351 18.48081,-33.513985 18.481189,-33.511818 18.48051,-33.510638 18.480803,-33.510482 18.480344,-33.509966 18.479737,-33.509774 18.479368,-33.509935 18.479483,-33.509656 18.479231,-33.509577 18.479357,-33.509297 18.479204,-33.509249 18.479128,-33.509418 18.478621,-33.509257 18.478708,-33.509071 18.478309,-33.508945 18.478229,-33.509132 18.477199,-33.508805 18.477325,-33.508527 18.477146,-33.50847 18.477,-33.508736 18.476887,-33.508674</coordinates></LinearRing></outerBoundaryIs></Polygon>
  </Placemark>
  <Placemark id="Official_Planning_Suburbs.390">
	<name>KUILSRIVIER GOLF COURSE</name><description>5557973</description><styleUrl>#suburbStyle</styleUrl><Polygon><outerBoundaryIs><LinearRing><coordinates>18.713968,-33.910574 18.715458,-33.906401 18.715588,-33.904854 18.715296,-33.903615 18.712929,-33.901101 18.7087,-33.901622 18.708776,-33.903279 18.709103,-33.905273 18.705526,-33.906011 18.704251,-33.906481 18.704785,-33.907487 18.71176,-33.909116 18.713834,-33.910875 18.713968,-33.910574</coordinates></LinearRing></outerBoundaryIs></Polygon>
  </Placemark>
  <Placemark id="Official_Planning_Suburbs.391">
	<name>HAASENDAL</name><description>5558006</description><styleUrl>#suburbStyle</styleUrl><Polygon><outerBoundaryIs><LinearRing><coordinates>18.700756,-33.927314 18.709786,-33.921798 18.713609,-33.91142 18.698643,-33.917561 18.699035,-33.926968 18.700672,-33.927364 18.700756,-33.927314</coordinates></LinearRing></outerBoundaryIs></Polygon>
  </Placemark>
  <Placemark id="Official_Planning_Suburbs.392">
	<name>ANNANDALE</name><description>5558297</description><styleUrl>#suburbStyle</styleUrl><Polygon><outerBoundaryIs><LinearRing><coordinates>18.697127,-33.904876 18.697054,-33.904547 18.688955,-33.906075 18.685684,-33.906852 18.683641,-33.907241 18.684912,-33.909286 18.68568,-33.910825 18.6873,-33.915408 18.690942,-33.914865 18.691141,-33.914916 18.692339,-33.914666 18.694011,-33.913872 18.697311,-33.912804 18.698278,-33.912366 18.698473,-33.913429 18.698643,-33.917561 18.698743,-33.917521 18.698622,-33.911529 18.697127,-33.904876</coordinates></LinearRing></outerBoundaryIs></Polygon>
  </Placemark>
  <Placemark id="Official_Planning_Suburbs.393">
	<name>FISANTEKRAAL INDUSTRIAL</name><description>5558278</description><styleUrl>#suburbStyle</styleUrl><Polygon><outerBoundaryIs><LinearRing><coordinates>18.711413,-33.784537 18.711657,-33.782758 18.707974,-33.784505 18.707098,-33.784839 18.706478,-33.78498 18.705628,-33.785007 18.704984,-33.784924 18.703311,-33.78435 18.702245,-33.785907 18.700297,-33.788091 18.696293,-33.792151 18.69872,-33.795505 18.708501,-33.796083 18.710468,-33.79378 18.710856,-33.790751 18.710705,-33.790687 18.710973,-33.788759 18.710979,-33.78788 18.711413,-33.784537</coordinates></LinearRing></outerBoundaryIs></Polygon>
  </Placemark>
  <Placemark id="Official_Planning_Suburbs.394">
	<name>KEWTOWN</name><description>5558067</description><styleUrl>#suburbStyle</styleUrl><Polygon><outerBoundaryIs><LinearRing><coordinates>18.519468,-33.950119 18.518713,-33.9501 18.518801,-33.947727 18.516689,-33.947667 18.516923,-33.942668 18.514094,-33.944643 18.513465,-33.944963 18.512787,-33.945181 18.510696,-33.945396 18.510329,-33.945505 18.509523,-33.946067 18.50917,-33.946496 18.508843,-33.947626 18.508448,-33.956108 18.508805,-33.959053 18.508603,-33.959904 18.50802,-33.961311 18.511661,-33.962328 18.511858,-33.961772 18.511872,-33.961166 18.51196,-33.961081 18.521737,-33.959442 18.522763,-33.959322 18.523333,-33.959491 18.523681,-33.958979 18.523655,-33.958695 18.522653,-33.957868 18.522193,-33.956241 18.522357,-33.956214 18.521388,-33.954198 18.521987,-33.953373 18.522139,-33.952389 18.521723,-33.951581 18.521677,-33.950177 18.519468,-33.950119</coordinates></LinearRing></outerBoundaryIs></Polygon>
  </Placemark>
  <Placemark id="Official_Planning_Suburbs.395">
	<name>BRIDGETOWN</name><description>5558077</description><styleUrl>#suburbStyle</styleUrl><Polygon><outerBoundaryIs><LinearRing><coordinates>18.54085,-33.955967 18.540972,-33.955202 18.52686,-33.950508 18.525259,-33.950269 18.521677,-33.950177 18.521723,-33.951581 18.522139,-33.952389 18.521987,-33.953373 18.521388,-33.954198 18.522357,-33.956214 18.522193,-33.956241 18.522678,-33.957909 18.523045,-33.95819 18.523357,-33.957997 18.524197,-33.957217 18.525053,-33.957686 18.531453,-33.95983 18.530323,-33.962214 18.533485,-33.962992 18.533681,-33.963076 18.533792,-33.963223 18.534434,-33.965648 18.533829,-33.967402 18.533413,-33.968212 18.538382,-33.968722 18.540299,-33.962526 18.540407,-33.961814 18.540678,-33.957362 18.54085,-33.955967</coordinates></LinearRing></outerBoundaryIs></Polygon>
  </Placemark>
  <Placemark id="Official_Planning_Suburbs.396">
	<name>SILVERTOWN</name><description>5558463</description><styleUrl>#suburbStyle</styleUrl><Polygon><outerBoundaryIs><LinearRing><coordinates>18.529997,-33.959339 18.525053,-33.957686 18.524197,-33.957217 18.523357,-33.957997 18.523045,-33.95819 18.523564,-33.958584 18.523687,-33.958821 18.523681,-33.958979 18.523333,-33.959491 18.522763,-33.959322 18.521737,-33.959442 18.51196,-33.961081 18.511872,-33.961166 18.511858,-33.961772 18.511661,-33.962328 18.526184,-33.966433 18.529261,-33.967242 18.533413,-33.968212 18.533829,-33.967402 18.534434,-33.965648 18.533792,-33.963223 18.533681,-33.963076 18.533485,-33.962992 18.530323,-33.962214 18.531453,-33.95983 18.529997,-33.959339</coordinates></LinearRing></outerBoundaryIs></Polygon>
  </Placemark>
  <Placemark id="Official_Planning_Suburbs.397">
	<name>MARINDA PARK</name><description>5558001</description><styleUrl>#suburbStyle</styleUrl><Polygon><outerBoundaryIs><LinearRing><coordinates>18.66567,-33.911916 18.665091,-33.913666 18.664579,-33.914129 18.664183,-33.915396 18.663607,-33.916581 18.665512,-33.918135 18.66544,-33.918273 18.66583,-33.918613 18.668529,-33.914041 18.66567,-33.911916</coordinates></LinearRing></outerBoundaryIs></Polygon>
  </Placemark>
  <Placemark id="Official_Planning_Suburbs.398">
	<name>MABILLE PARK</name><description>5558315</description><styleUrl>#suburbStyle</styleUrl><Polygon><outerBoundaryIs><LinearRing><coordinates>18.669955,-33.923477 18.670852,-33.923145 18.670692,-33.923067 18.671028,-33.922752 18.671367,-33.922228 18.673519,-33.9179 18.668529,-33.914041 18.665943,-33.918429 18.66687,-33.91939 18.66765,-33.92037 18.669955,-33.923477</coordinates></LinearRing></outerBoundaryIs></Polygon>
  </Placemark>
  <Placemark id="Official_Planning_Suburbs.399">
	<name>LLANDUDNO</name><description>5558221</description><styleUrl>#suburbStyle</styleUrl><Polygon><outerBoundaryIs><LinearRing><coordinates>18.347231,-34.006564 18.347189,-34.00624 18.347561,-34.00551 18.347591,-34.005041 18.344942,-34.005809 18.343016,-34.00612 18.341881,-34.006668 18.34006,-34.006598 18.339206,-34.008481 18.338466,-34.009556 18.338096,-34.009658 18.337271,-34.009477 18.336739,-34.009673 18.334844,-34.011024 18.333993,-34.011794 18.333581,-34.012279 18.338116,-34.014958 18.33868,-34.0143 18.337847,-34.013805 18.338895,-34.012958 18.34081,-34.012013 18.342406,-34.011346 18.344261,-34.011064 18.345488,-34.011071 18.346353,-34.010841 18.34761,-34.010208 18.347997,-34.009671 18.348122,-34.008203 18.347478,-34.007259 18.347388,-34.00701 18.347464,-34.006977 18.347231,-34.006564</coordinates></LinearRing></outerBoundaryIs></Polygon>
  </Placemark>
  <Placemark id="Official_Planning_Suburbs.400">
	<name>FLORIDA</name><description>5558023</description><styleUrl>#suburbStyle</styleUrl><Polygon><outerBoundaryIs><LinearRing><coordinates>18.59643,-33.9202 18.596026,-33.91799 18.590101,-33.920612 18.590184,-33.920903 18.590862,-33.920754 18.594097,-33.930775 18.598011,-33.928829 18.59643,-33.9202</coordinates></LinearRing></outerBoundaryIs></Polygon>
  </Placemark>
  <Placemark id="Official_Planning_Suburbs.401">
	<name>CRAVENBY</name><description>5558248</description><styleUrl>#suburbStyle</styleUrl><Polygon><outerBoundaryIs><LinearRing><coordinates>18.590183,-33.9209 18.590101,-33.920612 18.589455,-33.920824 18.587475,-33.921248 18.583449,-33.921662 18.585225,-33.928067 18.588104,-33.928023 18.589908,-33.927788 18.590161,-33.92864 18.590711,-33.929183 18.594003,-33.930851 18.594097,-33.930775 18.590862,-33.920754 18.590183,-33.9209</coordinates></LinearRing></outerBoundaryIs></Polygon>
  </Placemark>
  <Placemark id="Official_Planning_Suburbs.402">
	<name>MARVINPARK</name><description>22174702</description><styleUrl>#suburbStyle</styleUrl><Polygon><outerBoundaryIs><LinearRing><coordinates>18.776604,-34.063825 18.778925,-34.062936 18.779721,-34.062381 18.780687,-34.062011 18.776719,-34.06004 18.774522,-34.060881 18.774559,-34.061164 18.775708,-34.063245 18.776292,-34.063944 18.776604,-34.063825</coordinates></LinearRing></outerBoundaryIs></Polygon>
  </Placemark>
  <Placemark id="Official_Planning_Suburbs.403">
	<name>NEW SCHEME</name><description>25857187</description><styleUrl>#suburbStyle</styleUrl><Polygon><outerBoundaryIs><LinearRing><coordinates>18.774559,-34.061164 18.77453,-34.060979 18.771165,-34.061933 18.770667,-34.061968 18.770192,-34.062478 18.769661,-34.062388 18.769481,-34.062909 18.768728,-34.063536 18.768598,-34.064066 18.768035,-34.064016 18.767867,-34.064705 18.770169,-34.065096 18.77033,-34.065007 18.770783,-34.065115 18.771394,-34.06504 18.77197,-34.064779 18.774008,-34.064163 18.775179,-34.063715 18.775345,-34.063343 18.775697,-34.063225 18.774559,-34.061164</coordinates></LinearRing></outerBoundaryIs></Polygon>
  </Placemark>
  <Placemark id="Official_Planning_Suburbs.404">
	<name>PAROW EAST</name><description>5557977</description><styleUrl>#suburbStyle</styleUrl><Polygon><outerBoundaryIs><LinearRing><coordinates>18.611071,-33.902054 18.611013,-33.902007 18.608231,-33.902185 18.605897,-33.902387 18.591334,-33.904936 18.591955,-33.907859 18.5905,-33.908116 18.590677,-33.908953 18.597845,-33.90793 18.609442,-33.906447 18.610194,-33.905029 18.610733,-33.904476 18.611268,-33.904108 18.611071,-33.902054</coordinates></LinearRing></outerBoundaryIs></Polygon>
  </Placemark>
  <Placemark id="Official_Planning_Suburbs.405">
	<name>RUGBY</name><description>5557952</description><styleUrl>#suburbStyle</styleUrl><Polygon><outerBoundaryIs><LinearRing><coordinates>18.491108,-33.892248 18.490165,-33.892023 18.486268,-33.890847 18.48084,-33.900986 18.48245,-33.901831 18.482856,-33.901922 18.482918,-33.901788 18.483264,-33.901961 18.48565,-33.902703 18.486679,-33.902809 18.487786,-33.903158 18.488726,-33.902941 18.493077,-33.897081 18.493181,-33.897134 18.495296,-33.89431 18.494158,-33.89405 18.494658,-33.892521 18.493001,-33.892134 18.491108,-33.892248</coordinates></LinearRing></outerBoundaryIs></Polygon>
  </Placemark>
  <Placemark id="Official_Planning_Suburbs.406">
	<name>PLATTEKLOOF 2</name><description>5557891</description><styleUrl>#suburbStyle</styleUrl><Polygon><outerBoundaryIs><LinearRing><coordinates>18.584425,-33.882453 18.594445,-33.87705 18.595729,-33.876449 18.595427,-33.875537 18.594979,-33.867026 18.579889,-33.876675 18.583549,-33.881118 18.584001,-33.881815 18.584299,-33.88249 18.584425,-33.882453</coordinates></LinearRing></outerBoundaryIs></Polygon>
  </Placemark>
  <Placemark id="Official_Planning_Suburbs.407">
	<name>NOMZAMO</name><description>5558202</description><styleUrl>#suburbStyle</styleUrl><Polygon><outerBoundaryIs><LinearRing><coordinates>18.869258,-34.113807 18.869626,-34.113636 18.869903,-34.11362 18.867327,-34.112135 18.861135,-34.108346 18.853738,-34.112774 18.853626,-34.113036 18.852036,-34.113908 18.854069,-34.11639 18.855062,-34.117444 18.856104,-34.118356 18.857187,-34.119137 18.858749,-34.118251 18.859478,-34.119229 18.865875,-34.115514 18.866129,-34.115449 18.866964,-34.114974 18.867073,-34.11508 18.869258,-34.113807</coordinates></LinearRing></outerBoundaryIs></Polygon>
  </Placemark>
  <Placemark id="Official_Planning_Suburbs.408">
	<name>ONVERWACHT VILLAGE</name><description>22020834</description><styleUrl>#suburbStyle</styleUrl><Polygon><outerBoundaryIs><LinearRing><coordinates>18.866369,-34.106907 18.865336,-34.106434 18.864753,-34.105921 18.864797,-34.105841 18.864656,-34.105583 18.864638,-34.105299 18.864715,-34.105023 18.864948,-34.104817 18.864043,-34.104393 18.863776,-34.105369 18.861588,-34.107852 18.861476,-34.10826 18.861297,-34.108444 18.869163,-34.113187 18.869792,-34.113083 18.870629,-34.112374 18.871133,-34.111784 18.87109,-34.111602 18.871311,-34.111374 18.870361,-34.110608 18.86953,-34.110135 18.871311,-34.108153 18.87021,-34.106791 18.869332,-34.105213 18.868754,-34.105653 18.868648,-34.105653 18.867075,-34.10666 18.866973,-34.106542 18.866369,-34.106907</coordinates></LinearRing></outerBoundaryIs></Polygon>
  </Placemark>
  <Placemark id="Official_Planning_Suburbs.409">
	<name>ASLA PARK</name><description>22026713</description><styleUrl>#suburbStyle</styleUrl><Polygon><outerBoundaryIs><LinearRing><coordinates>18.856368,-34.10527 18.855466,-34.104522 18.851627,-34.100929 18.851337,-34.101026 18.850983,-34.101313 18.850932,-34.10353 18.851075,-34.103878 18.852666,-34.105342 18.852601,-34.10539 18.852717,-34.105498 18.852783,-34.10545 18.854459,-34.106993 18.854622,-34.106873 18.855098,-34.107188 18.855775,-34.106516 18.855416,-34.106272 18.856368,-34.10527</coordinates></LinearRing></outerBoundaryIs></Polygon>
  </Placemark>
  <Placemark id="Official_Planning_Suburbs.410">
	<name>FERNWOOD</name><description>22027621</description><styleUrl>#suburbStyle</styleUrl><Polygon><outerBoundaryIs><LinearRing><coordinates>18.873107,-34.109583 18.874507,-34.108179 18.874481,-34.107989 18.874704,-34.107768 18.874932,-34.107747 18.87639,-34.10622 18.876355,-34.105967 18.874049,-34.104426 18.868692,-34.100205 18.868568,-34.100206 18.867846,-34.100871 18.867501,-34.100988 18.869467,-34.105008 18.869332,-34.105213 18.86965,-34.105873 18.870374,-34.107028 18.871311,-34.108153 18.872415,-34.109157 18.873056,-34.109628 18.873107,-34.109583</coordinates></LinearRing></outerBoundaryIs></Polygon>
  </Placemark>
  <Placemark id="Official_Planning_Suburbs.411">
	<name>LANGEBERG VILLAGE</name><description>5557828</description><styleUrl>#suburbStyle</styleUrl><Polygon><outerBoundaryIs><LinearRing><coordinates>18.670224,-33.833921 18.671219,-33.833776 18.670934,-33.832532 18.667252,-33.830558 18.667935,-33.834251 18.670224,-33.833921</coordinates></LinearRing></outerBoundaryIs></Polygon>
  </Placemark>
  <Placemark id="Official_Planning_Suburbs.412">
	<name>DURBANVILLE MEADOWS</name><description>5557830</description><styleUrl>#suburbStyle</styleUrl><Polygon><outerBoundaryIs><LinearRing><coordinates>18.677891,-33.833726 18.677221,-33.833723 18.675932,-33.831639 18.672285,-33.833261 18.672346,-33.833549 18.67249,-33.833658 18.675305,-33.835496 18.679245,-33.8358 18.679476,-33.833734 18.677891,-33.833726</coordinates></LinearRing></outerBoundaryIs></Polygon>
  </Placemark>
  <Placemark id="Official_Planning_Suburbs.413">
	<name>PELLA</name><description>5558449</description><styleUrl>#suburbStyle</styleUrl><Polygon><outerBoundaryIs><LinearRing><coordinates>18.524075,-33.53475 18.524175,-33.531979 18.527385,-33.530541 18.527908,-33.52919 18.524666,-33.528429 18.516539,-33.530671 18.517135,-33.532758 18.518366,-33.54185 18.519298,-33.551149 18.525726,-33.547128 18.523826,-33.541805 18.524301,-33.540729 18.524285,-33.539581 18.523896,-33.53976 18.523959,-33.538012 18.524078,-33.537978 18.524034,-33.537866 18.524259,-33.537795 18.524217,-33.534891 18.524069,-33.534914 18.524075,-33.53475</coordinates></LinearRing></outerBoundaryIs></Polygon>
  </Placemark>
  <Placemark id="Official_Planning_Suburbs.414">
	<name>WALLACEDENE</name><description>5557862</description><styleUrl>#suburbStyle</styleUrl><Polygon><outerBoundaryIs><LinearRing><coordinates>18.742639,-33.850096 18.742904,-33.849281 18.742983,-33.848317 18.742908,-33.848124 18.743189,-33.847096 18.743431,-33.844702 18.740716,-33.845533 18.739035,-33.846298 18.735658,-33.848416 18.735693,-33.850245 18.735759,-33.850173 18.736016,-33.850171 18.736027,-33.850853 18.735898,-33.850855 18.735682,-33.850602 18.734767,-33.851094 18.736113,-33.8518 18.736113,-33.851967 18.734688,-33.852797 18.736336,-33.8538 18.735506,-33.854759 18.735024,-33.854554 18.735686,-33.853471 18.734716,-33.852886 18.734129,-33.853235 18.734258,-33.853385 18.734074,-33.853512 18.733878,-33.853271 18.732298,-33.854222 18.731255,-33.853778 18.728257,-33.855698 18.728754,-33.856338 18.727594,-33.857048 18.727794,-33.857282 18.727116,-33.857745 18.727463,-33.858341 18.726276,-33.858822 18.729406,-33.863692 18.732855,-33.868743 18.735442,-33.863999 18.745787,-33.860287 18.753122,-33.849979 18.742639,-33.850096</coordinates></LinearRing></outerBoundaryIs></Polygon>
  </Placemark>
  <Placemark id="Official_Planning_Suburbs.415">
	<name>BOTFONTEIN SMALLHOLDINGS</name><description>5558434</description><styleUrl>#suburbStyle</styleUrl><Polygon><outerBoundaryIs><LinearRing><coordinates>18.750229,-33.880621 18.745719,-33.873951 18.745787,-33.860287 18.735442,-33.863999 18.732692,-33.869042 18.734508,-33.871835 18.730261,-33.874314 18.73217,-33.878153 18.727405,-33.880703 18.724839,-33.877479 18.719591,-33.880539 18.721006,-33.884041 18.719096,-33.885109 18.721317,-33.890527 18.718817,-33.897283 18.718894,-33.897466 18.723439,-33.895439 18.735621,-33.891028 18.737022,-33.893523 18.738457,-33.892466 18.740838,-33.890466 18.743188,-33.889017 18.744738,-33.887329 18.745227,-33.886943 18.751198,-33.893691 18.753228,-33.885054 18.750229,-33.880621</coordinates></LinearRing></outerBoundaryIs></Polygon>
  </Placemark>
  <Placemark id="Official_Planning_Suburbs.416">
	<name>KUILS RIVER COMMON</name><description>5558319</description><styleUrl>#suburbStyle</styleUrl><Polygon><outerBoundaryIs><LinearRing><coordinates>18.686656,-33.955951 18.688002,-33.955525 18.689051,-33.95508 18.692562,-33.953198 18.689167,-33.948774 18.686601,-33.955967 18.686656,-33.955951</coordinates></LinearRing></outerBoundaryIs></Polygon>
  </Placemark>
  <Placemark id="Official_Planning_Suburbs.417">
	<name>BOTHASIG</name><description>5557858</description><styleUrl>#suburbStyle</styleUrl><Polygon><outerBoundaryIs><LinearRing><coordinates>18.530022,-33.873993 18.531941,-33.873093 18.540002,-33.870269 18.541228,-33.869637 18.541972,-33.869184 18.551445,-33.862277 18.551241,-33.862067 18.55721,-33.857716 18.557283,-33.857515 18.542952,-33.851458 18.539435,-33.85028 18.532731,-33.848255 18.52965,-33.864586 18.529482,-33.86697 18.529531,-33.869249 18.530022,-33.873993</coordinates></LinearRing></outerBoundaryIs></Polygon>
  </Placemark>
  <Placemark id="Official_Planning_Suburbs.418">
	<name>SONNEKUIL</name><description>5558296</description><styleUrl>#suburbStyle</styleUrl><Polygon><outerBoundaryIs><LinearRing><coordinates>18.673936,-33.914423 18.673064,-33.913801 18.672271,-33.912923 18.672082,-33.912563 18.672055,-33.912082 18.672471,-33.909791 18.670679,-33.910375 18.668529,-33.914041 18.673956,-33.918232 18.674246,-33.918546 18.675691,-33.920781 18.675926,-33.920266 18.675934,-33.918905 18.676982,-33.918777 18.676703,-33.917653 18.677647,-33.917711 18.677959,-33.913484 18.674039,-33.914502 18.673936,-33.914423</coordinates></LinearRing></outerBoundaryIs></Polygon>
  </Placemark>
  <Placemark id="Official_Planning_Suburbs.419">
	<name>SONEIKE I</name><description>5558298</description><styleUrl>#suburbStyle</styleUrl><Polygon><outerBoundaryIs><LinearRing><coordinates>18.684472,-33.91377 18.682469,-33.912751 18.681805,-33.912607 18.677953,-33.913568 18.677647,-33.917711 18.676703,-33.917653 18.676982,-33.918777 18.675934,-33.918905 18.675926,-33.920266 18.675691,-33.920781 18.676948,-33.922733 18.677826,-33.922064 18.681355,-33.919689 18.680438,-33.91943 18.68075,-33.918771 18.681246,-33.917886 18.684472,-33.91377</coordinates></LinearRing></outerBoundaryIs></Polygon>
  </Placemark>
  <Placemark id="Official_Planning_Suburbs.420">
	<name>BRANTWOOD</name><description>5558020</description><styleUrl>#suburbStyle</styleUrl><Polygon><outerBoundaryIs><LinearRing><coordinates>18.676585,-33.923097 18.676948,-33.922733 18.674246,-33.918546 18.673519,-33.9179 18.671977,-33.921024 18.673698,-33.921378 18.673855,-33.922082 18.669948,-33.92348 18.672565,-33.926843 18.672111,-33.926808 18.675172,-33.93085 18.67529,-33.93086 18.675487,-33.931112 18.67573,-33.930883 18.675353,-33.930139 18.675132,-33.929405 18.675083,-33.928664 18.675803,-33.927416 18.675822,-33.926556 18.676365,-33.926467 18.676471,-33.925907 18.676937,-33.924908 18.67593,-33.924594 18.676026,-33.923533 18.676585,-33.923097</coordinates></LinearRing></outerBoundaryIs></Polygon>
  </Placemark>
  <Placemark id="Official_Planning_Suburbs.421">
	<name>STUART'S HILL</name><description>5558481</description><styleUrl>#suburbStyle</styleUrl><Polygon><outerBoundaryIs><LinearRing><coordinates>18.850919,-34.077 18.850914,-34.076416 18.851098,-34.076026 18.851758,-34.075234 18.853045,-34.074046 18.852428,-34.073636 18.849358,-34.072259 18.84766,-34.074021 18.849842,-34.075148 18.847664,-34.0771 18.847561,-34.07702 18.846628,-34.077811 18.847201,-34.07832 18.847746,-34.079315 18.850014,-34.078539 18.8503,-34.078345 18.85091,-34.077829 18.850975,-34.077565 18.850919,-34.077</coordinates></LinearRing></outerBoundaryIs></Polygon>
  </Placemark>
  <Placemark id="Official_Planning_Suburbs.422">
	<name>NOORDHOEK</name><description>5558228</description><styleUrl>#suburbStyle</styleUrl><Polygon><outerBoundaryIs><LinearRing><coordinates>18.403011,-34.114407 18.403141,-34.113473 18.39847,-34.111614 18.398459,-34.110156 18.40276,-34.106815 18.405247,-34.090508 18.393046,-34.082266 18.38582,-34.0778 18.37544,-34.079418 18.35961,-34.088423 18.35698,-34.097389 18.359131,-34.101277 18.358214,-34.106446 18.36892,-34.111449 18.366503,-34.120618 18.372089,-34.123281 18.371882,-34.125009 18.372559,-34.125 18.372655,-34.124917 18.373484,-34.124912 18.376889,-34.124488 18.376859,-34.124592 18.378524,-34.123596 18.381256,-34.12121 18.382199,-34.120059 18.382121,-34.119996 18.385589,-34.115734 18.386634,-34.116264 18.387378,-34.116818 18.391088,-34.1203 18.391755,-34.120824 18.391861,-34.121057 18.392292,-34.119305 18.39228,-34.118456 18.395659,-34.119825 18.396369,-34.119589 18.397332,-34.120091 18.401639,-34.11916 18.402728,-34.116431 18.403011,-34.114407</coordinates></LinearRing></outerBoundaryIs></Polygon>
  </Placemark>
  <Placemark id="Official_Planning_Suburbs.423">
	<name>SAND INDUSTRIA</name><description>5558138</description><styleUrl>#suburbStyle</styleUrl><Polygon><outerBoundaryIs><LinearRing><coordinates>18.548856,-33.987742 18.542687,-33.988222 18.542702,-33.988569 18.538379,-33.988692 18.538595,-33.994454 18.539252,-33.99671 18.539706,-33.999764 18.544139,-33.99932 18.545538,-33.999326 18.54672,-33.999488 18.549475,-34.00012 18.549521,-33.99916 18.548856,-33.987742</coordinates></LinearRing></outerBoundaryIs></Polygon>
  </Placemark>
  <Placemark id="Official_Planning_Suburbs.424">
	<name>HANOVER PARK</name><description>5558141</description><styleUrl>#suburbStyle</styleUrl><Polygon><outerBoundaryIs><LinearRing><coordinates>18.538368,-33.988318 18.530303,-33.988534 18.528015,-33.988746 18.527635,-33.98901 18.52451,-33.993377 18.520981,-33.993648 18.520383,-33.997608 18.518556,-33.99768 18.5197,-33.998461 18.520438,-33.999253 18.521085,-34.000396 18.521457,-34.001894 18.527375,-34.000966 18.539706,-33.999764 18.539252,-33.99671 18.538595,-33.994454 18.538368,-33.988318</coordinates></LinearRing></outerBoundaryIs></Polygon>
  </Placemark>
  <Placemark id="Official_Planning_Suburbs.425">
	<name>STRANDFONTEIN</name><description>5558225</description><styleUrl>#suburbStyle</styleUrl><Polygon><outerBoundaryIs><LinearRing><coordinates>18.598226,-34.067014 18.595583,-34.065262 18.593981,-34.06317 18.59201,-34.0616 18.5954,-34.060592 18.59319,-34.05857 18.565095,-34.066909 18.550524,-34.069952 18.550369,-34.069866 18.549992,-34.070003 18.541355,-34.071808 18.53852,-34.072462 18.542263,-34.076078 18.545564,-34.079761 18.548594,-34.087553 18.549002,-34.088839 18.550281,-34.088636 18.55364,-34.08886 18.55406,-34.08873 18.55457,-34.08831 18.55514,-34.08802 18.55655,-34.0876 18.5575,-34.08704 18.55848,-34.08689 18.55919,-34.08658 18.55979,-34.08642 18.56339,-34.08566 18.565738,-34.085 18.56699,-34.08483 18.56787,-34.08451 18.56844,-34.08442 18.57216,-34.08327 18.57486,-34.08268 18.58012,-34.08169 18.58255,-34.08109 18.5833,-34.08099 18.58356,-34.08086 18.58736,-34.07992 18.58799,-34.07971 18.58846,-34.07937 18.58945,-34.07929 18.5904,-34.07901 18.59075,-34.07902 18.59203,-34.07874 18.59595,-34.07807 18.59744,-34.07761 18.59954,-34.07728 18.60061,-34.07721 18.60273,-34.07692 18.60589,-34.07638 18.60695,-34.07626 18.60955,-34.07579 18.60972,-34.0757 18.61078,-34.07559 18.611,-34.07565 18.6113,-34.07551 18.611649,-34.07548 18.61189,-34.07531 18.61281,-34.07534 18.61333,-34.07525 18.6168,-34.07513 18.61859,-34.07517 18.61881,-34.07518 18.61912,-34.07532 18.6196,-34.07525 18.61994,-34.07529 18.62054,-34.07557 18.620861,-34.075357 18.621064,-34.075358 18.62144,-34.07559 18.62167,-34.07547 18.62168,-34.07524 18.62229,-34.07483 18.62289,-34.07476 18.62385,-34.07443 18.62487,-34.07422 18.625404,-34.074324 18.62614,-34.074 18.62735,-34.07386 18.62784,-34.0737 18.628624,-34.073596 18.627985,-34.071584 18.626346,-34.071613 18.623762,-34.071479 18.617111,-34.070796 18.615005,-34.070812 18.612769,-34.071087 18.607404,-34.069072 18.606874,-34.069758 18.606225,-34.069876 18.606148,-34.069835 18.602988,-34.070172 18.60287,-34.069402 18.599902,-34.06844 18.598679,-34.06695 18.598312,-34.067071 18.598226,-34.067014</coordinates></LinearRing></outerBoundaryIs></Polygon>
  </Placemark>
  <Placemark id="Official_Planning_Suburbs.426">
	<name>GOODWOOD ESTATE</name><description>5557963</description><styleUrl>#suburbStyle</styleUrl><Polygon><outerBoundaryIs><LinearRing><coordinates>18.553552,-33.89808 18.552985,-33.895975 18.545021,-33.897341 18.545552,-33.899461 18.550353,-33.898643 18.551593,-33.903633 18.550865,-33.903759 18.550866,-33.904056 18.547677,-33.904603 18.547443,-33.903631 18.54663,-33.903765 18.549129,-33.913933 18.549918,-33.913686 18.549913,-33.913631 18.551446,-33.913199 18.55143,-33.91315 18.556895,-33.91154 18.553552,-33.89808</coordinates></LinearRing></outerBoundaryIs></Polygon>
  </Placemark>
  <Placemark id="Official_Planning_Suburbs.427">
	<name>RUWARI</name><description>5557921</description><styleUrl>#suburbStyle</styleUrl><Polygon><outerBoundaryIs><LinearRing><coordinates>18.708432,-33.878324 18.70403,-33.878408 18.704114,-33.879046 18.704411,-33.879748 18.705557,-33.880986 18.708739,-33.884877 18.712136,-33.882973 18.708432,-33.878324</coordinates></LinearRing></outerBoundaryIs></Polygon>
  </Placemark>
  <Placemark id="Official_Planning_Suburbs.428">
	<name>BOSKLOOF</name><description>22031336</description><styleUrl>#suburbStyle</styleUrl><Polygon><outerBoundaryIs><LinearRing><coordinates>18.876319,-34.098841 18.881649,-34.095248 18.881149,-34.093177 18.87691,-34.089661 18.872005,-34.092703 18.874172,-34.096178 18.87427,-34.096687 18.876319,-34.098841</coordinates></LinearRing></outerBoundaryIs></Polygon>
  </Placemark>
  <Placemark id="Official_Planning_Suburbs.429">
	<name>HEIDEVELD</name><description>5558092</description><styleUrl>#suburbStyle</styleUrl><Polygon><outerBoundaryIs><LinearRing><coordinates>18.561408,-33.973482 18.561887,-33.96974 18.562033,-33.96723 18.562614,-33.961792 18.547736,-33.957283 18.547295,-33.966019 18.545323,-33.969737 18.55228,-33.970592 18.554101,-33.970896 18.556436,-33.971547 18.561408,-33.973482</coordinates></LinearRing></outerBoundaryIs></Polygon>
  </Placemark>
  <Placemark id="Official_Planning_Suburbs.430">
	<name>MANENBERG</name><description>5558115</description><styleUrl>#suburbStyle</styleUrl><Polygon><outerBoundaryIs><LinearRing><coordinates>18.560455,-33.984025 18.561407,-33.973493 18.556218,-33.971471 18.554101,-33.970896 18.551014,-33.970434 18.547924,-33.980639 18.548998,-33.980866 18.548329,-33.983521 18.548918,-33.983647 18.54902,-33.98378 18.548695,-33.98485 18.549521,-33.99916 18.549475,-34.00012 18.554748,-34.001293 18.55842,-34.001969 18.558483,-34.000092 18.559323,-33.99293 18.559464,-33.990722 18.559883,-33.990845 18.560455,-33.984025</coordinates></LinearRing></outerBoundaryIs></Polygon>
  </Placemark>
  <Placemark id="Official_Planning_Suburbs.431">
	<name>PARKLANDS</name><description>5557798</description><styleUrl>#suburbStyle</styleUrl><Polygon><outerBoundaryIs><LinearRing><coordinates>18.496697,-33.789698 18.491187,-33.789682 18.486703,-33.791431 18.494365,-33.805744 18.493673,-33.809912 18.494115,-33.814971 18.492936,-33.815044 18.492974,-33.81521 18.491045,-33.815323 18.49171,-33.815532 18.492465,-33.816013 18.494755,-33.818866 18.495412,-33.819227 18.495452,-33.819119 18.495599,-33.819084 18.495712,-33.819166 18.495691,-33.819274 18.496299,-33.819402 18.497381,-33.819127 18.498271,-33.819007 18.499129,-33.819024 18.501789,-33.819398 18.505164,-33.819287 18.505878,-33.819076 18.506931,-33.818451 18.507605,-33.818231 18.509163,-33.818124 18.511723,-33.818132 18.513844,-33.817546 18.516231,-33.817271 18.519278,-33.817603 18.519413,-33.817518 18.520801,-33.81766 18.519268,-33.814215 18.515667,-33.808106 18.52579,-33.804072 18.52529,-33.8026 18.525027,-33.800832 18.525046,-33.799329 18.524601,-33.799309 18.524684,-33.795982 18.520206,-33.795954 18.520191,-33.798549 18.521206,-33.798593 18.521512,-33.799118 18.521246,-33.79915 18.521128,-33.799013 18.520683,-33.798909 18.51955,-33.798843 18.518095,-33.798894 18.516973,-33.799239 18.516458,-33.799601 18.516285,-33.799508 18.515996,-33.799516 18.511901,-33.800724 18.510315,-33.801035 18.508757,-33.801112 18.505211,-33.800947 18.50374,-33.801092 18.503792,-33.801064 18.503659,-33.800728 18.503472,-33.800495 18.503212,-33.80059 18.503106,-33.799754 18.502911,-33.799104 18.502288,-33.79804 18.501818,-33.797539 18.498769,-33.795231 18.498354,-33.794762 18.497276,-33.793097 18.496905,-33.792295 18.49675,-33.791667 18.496697,-33.789698</coordinates></LinearRing></outerBoundaryIs></Polygon>
  </Placemark>
  <Placemark id="Official_Planning_Suburbs.432">
	<name>SANDOWN</name><description>22317943</description><styleUrl>#suburbStyle</styleUrl><Polygon><outerBoundaryIs><LinearRing><coordinates>18.51324,-33.79148 18.513203,-33.788471 18.513107,-33.787787 18.512904,-33.787123 18.512366,-33.786194 18.510841,-33.78426 18.504853,-33.789706 18.505594,-33.790987 18.503932,-33.791669 18.499871,-33.791661 18.499877,-33.789704 18.496697,-33.789695 18.49675,-33.791667 18.496905,-33.792295 18.497276,-33.793097 18.498354,-33.794762 18.498769,-33.795231 18.501818,-33.797539 18.502288,-33.79804 18.502911,-33.799104 18.503106,-33.799754 18.503212,-33.80059 18.503472,-33.800495 18.503659,-33.800728 18.503792,-33.801064 18.50374,-33.801092 18.505211,-33.800947 18.508757,-33.801112 18.510315,-33.801035 18.511901,-33.800724 18.515996,-33.799516 18.516285,-33.799508 18.516458,-33.799601 18.516973,-33.799239 18.518095,-33.798894 18.51955,-33.798843 18.520683,-33.798909 18.521128,-33.799013 18.521246,-33.79915 18.521512,-33.799118 18.521206,-33.798593 18.520539,-33.79856 18.518889,-33.798525 18.518281,-33.798574 18.516659,-33.798926 18.516536,-33.798874 18.516215,-33.798958 18.513515,-33.792426 18.51324,-33.79148</coordinates></LinearRing></outerBoundaryIs></Polygon>
  </Placemark>
  <Placemark id="Official_Planning_Suburbs.433">
	<name>RIVERGATE</name><description>22336067</description><styleUrl>#suburbStyle</styleUrl><Polygon><outerBoundaryIs><LinearRing><coordinates>18.535173,-33.780949 18.529835,-33.780979 18.528963,-33.781173 18.528318,-33.781475 18.527787,-33.781956 18.527373,-33.782615 18.525509,-33.788062 18.525267,-33.795109 18.525054,-33.798716 18.525027,-33.800832 18.52529,-33.8026 18.52579,-33.804072 18.529311,-33.80267 18.52885,-33.806051 18.528877,-33.808095 18.529494,-33.810133 18.530689,-33.809547 18.53115,-33.808828 18.530398,-33.806287 18.531472,-33.804205 18.534621,-33.802454 18.535419,-33.80152 18.536988,-33.798834 18.535483,-33.793156 18.53283,-33.793093 18.531644,-33.790671 18.534157,-33.789803 18.535285,-33.792107 18.540844,-33.790679 18.540932,-33.787769 18.544462,-33.787465 18.543672,-33.789952 18.545413,-33.789503 18.547119,-33.783209 18.535173,-33.780949</coordinates></LinearRing></outerBoundaryIs></Polygon>
  </Placemark>
  <Placemark id="Official_Planning_Suburbs.434">
	<name>DE LA HAYE</name><description>5557960</description><styleUrl>#suburbStyle</styleUrl><Polygon><outerBoundaryIs><LinearRing><coordinates>18.656381,-33.901061 18.652752,-33.895929 18.651609,-33.89445 18.646709,-33.89757 18.647791,-33.903587 18.647689,-33.903743 18.654848,-33.905666 18.65496,-33.905595 18.654482,-33.905037 18.655539,-33.904655 18.656705,-33.904061 18.657906,-33.903205 18.657502,-33.902631 18.657504,-33.902421 18.657311,-33.90215 18.657207,-33.902203 18.656381,-33.901061</coordinates></LinearRing></outerBoundaryIs></Polygon>
  </Placemark>
  <Placemark id="Official_Planning_Suburbs.435">
	<name>STIKLAND</name><description>5557985</description><styleUrl>#suburbStyle</styleUrl><Polygon><outerBoundaryIs><LinearRing><coordinates>18.653323,-33.90596 18.654848,-33.905666 18.64994,-33.90434 18.649274,-33.905973 18.648476,-33.906042 18.649153,-33.90639 18.649335,-33.906305 18.650038,-33.906217 18.653323,-33.90596</coordinates></LinearRing></outerBoundaryIs></Polygon>
  </Placemark>
  <Placemark id="Official_Planning_Suburbs.436">
	<name>PINELANDS</name><description>5558026</description><styleUrl>#suburbStyle</styleUrl><Polygon><outerBoundaryIs><LinearRing><coordinates>18.528078,-33.919708 18.528015,-33.919332 18.524404,-33.919792 18.524352,-33.919627 18.52399,-33.919646 18.524026,-33.91984 18.506447,-33.922063 18.507823,-33.92945 18.503597,-33.929947 18.503468,-33.930032 18.503022,-33.929748 18.501584,-33.931262 18.501242,-33.93149 18.493017,-33.933169 18.493019,-33.933293 18.492846,-33.933394 18.492479,-33.933381 18.49149,-33.935015 18.491131,-33.935998 18.490676,-33.936158 18.490444,-33.937907 18.490385,-33.937898 18.490251,-33.938548 18.490131,-33.938555 18.491058,-33.944613 18.491381,-33.9453 18.491824,-33.945022 18.492666,-33.945845 18.493049,-33.946091 18.494437,-33.944703 18.495708,-33.94461 18.498758,-33.944636 18.498745,-33.944706 18.501768,-33.948377 18.501607,-33.949054 18.501676,-33.949547 18.502524,-33.949301 18.502872,-33.949726 18.502779,-33.949836 18.504769,-33.949704 18.508776,-33.949785 18.508882,-33.947345 18.50917,-33.946496 18.509647,-33.945951 18.510329,-33.945505 18.510696,-33.945396 18.512787,-33.945181 18.513465,-33.944963 18.514094,-33.944643 18.520174,-33.940412 18.520766,-33.939932 18.521653,-33.938903 18.522265,-33.937657 18.522489,-33.93644 18.522445,-33.933195 18.522169,-33.931296 18.521676,-33.929565 18.521061,-33.928139 18.51842,-33.924687 18.51806,-33.924302 18.517604,-33.924005 18.517963,-33.92363 18.518145,-33.923547 18.528948,-33.919992 18.528613,-33.919776 18.528102,-33.919839 18.528078,-33.919708</coordinates></LinearRing></outerBoundaryIs></Polygon>
  </Placemark>
  <Placemark id="Official_Planning_Suburbs.437">
	<name>CAPE TOWN AIRPORT</name><description>5558274</description><styleUrl>#suburbStyle</styleUrl><Polygon><outerBoundaryIs><LinearRing><coordinates>18.626496,-33.952318 18.626511,-33.95211 18.607876,-33.950547 18.605751,-33.9501 18.598382,-33.947872 18.587933,-33.955431 18.58895,-33.956496 18.59125,-33.960191 18.591679,-33.96108 18.591859,-33.961917 18.591863,-33.962947 18.590691,-33.969792 18.5902,-33.973373 18.592943,-33.973493 18.593368,-33.975842 18.59283,-33.977704 18.594634,-33.981829 18.600136,-33.982208 18.601866,-33.986304 18.597754,-33.987289 18.604579,-33.989978 18.60418,-33.990094 18.624365,-33.998067 18.624937,-33.997307 18.625441,-33.995695 18.625618,-33.994422 18.62561,-33.993743 18.624999,-33.991107 18.624896,-33.990292 18.624935,-33.989597 18.62508,-33.988946 18.625402,-33.988355 18.626081,-33.987529 18.626455,-33.987219 18.627453,-33.986645 18.630148,-33.985412 18.630844,-33.984984 18.631685,-33.984205 18.63208,-33.983686 18.631902,-33.983609 18.631849,-33.983435 18.631939,-33.983271 18.63215,-33.983209 18.632429,-33.982621 18.632727,-33.981295 18.632692,-33.980395 18.632293,-33.979089 18.627782,-33.971746 18.627564,-33.971687 18.627446,-33.971534 18.627515,-33.971353 18.62542,-33.967787 18.624771,-33.965249 18.625006,-33.962675 18.625492,-33.959422 18.625342,-33.959272 18.625363,-33.959091 18.625539,-33.958969 18.625925,-33.955526 18.625969,-33.95426 18.626212,-33.95298 18.626496,-33.952318</coordinates></LinearRing></outerBoundaryIs></Polygon>
  </Placemark>
  <Placemark id="Official_Planning_Suburbs.438">
	<name>SILVERSANDS</name><description>5558104</description><styleUrl>#suburbStyle</styleUrl><Polygon><outerBoundaryIs><LinearRing><coordinates>18.682078,-33.976012 18.681293,-33.970884 18.682489,-33.967525 18.682438,-33.967442 18.675249,-33.96571 18.674578,-33.966006 18.674513,-33.96622 18.676094,-33.971683 18.676801,-33.976119 18.674819,-33.97616 18.674839,-33.976208 18.671515,-33.976235 18.670244,-33.980403 18.671461,-33.980837 18.676917,-33.983204 18.676913,-33.981718 18.678304,-33.981817 18.678709,-33.981915 18.680843,-33.98269 18.680974,-33.982414 18.680475,-33.979195 18.680829,-33.97699 18.682234,-33.977031 18.682078,-33.976012</coordinates></LinearRing></outerBoundaryIs></Polygon>
  </Placemark>
  <Placemark id="Official_Planning_Suburbs.439">
	<name>HIGHGATE</name><description>5558109</description><styleUrl>#suburbStyle</styleUrl><Polygon><outerBoundaryIs><LinearRing><coordinates>18.674822,-33.976176 18.676801,-33.976119 18.676094,-33.971683 18.675156,-33.968442 18.669345,-33.968559 18.669426,-33.968638 18.66791,-33.980109 18.668982,-33.980172 18.670244,-33.980403 18.671515,-33.976235 18.674822,-33.976176</coordinates></LinearRing></outerBoundaryIs></Polygon>
  </Placemark>
  <Placemark id="Official_Planning_Suburbs.440">
	<name>LWANDLE</name><description>5558204</description><styleUrl>#suburbStyle</styleUrl><Polygon><outerBoundaryIs><LinearRing><coordinates>18.861239,-34.126409 18.868138,-34.122564 18.872462,-34.119983 18.866964,-34.114974 18.866129,-34.115449 18.865875,-34.115514 18.856666,-34.120829 18.856815,-34.121012 18.856753,-34.121048 18.861239,-34.126409</coordinates></LinearRing></outerBoundaryIs></Polygon>
  </Placemark>
  <Placemark id="Official_Planning_Suburbs.441">
	<name>PANORAMA</name><description>5557913</description><styleUrl>#suburbStyle</styleUrl><Polygon><outerBoundaryIs><LinearRing><coordinates>18.577526,-33.88102 18.582423,-33.87974 18.578256,-33.874691 18.563923,-33.879966 18.565333,-33.880575 18.565301,-33.880628 18.566318,-33.881055 18.566349,-33.881003 18.567877,-33.881713 18.567914,-33.881651 18.569476,-33.882344 18.569451,-33.882385 18.574155,-33.884394 18.57902,-33.884047 18.577526,-33.88102</coordinates></LinearRing></outerBoundaryIs></Polygon>
  </Placemark>
  <Placemark id="Official_Planning_Suburbs.442">
	<name>SURREY ESTATE</name><description>74856225</description><styleUrl>#suburbStyle</styleUrl><Polygon><outerBoundaryIs><LinearRing><coordinates>18.548343,-33.979227 18.551014,-33.970434 18.541719,-33.969279 18.540278,-33.968938 18.538382,-33.968722 18.538261,-33.969305 18.538131,-33.970959 18.537854,-33.976443 18.538075,-33.981596 18.542448,-33.981396 18.542368,-33.979467 18.547924,-33.980639 18.548343,-33.979227</coordinates></LinearRing></outerBoundaryIs></Polygon>
  </Placemark>
  <Placemark id="Official_Planning_Suburbs.443">
	<name>SIMON'S TOWN</name><description>5558239</description><styleUrl>#suburbStyle</styleUrl><Polygon><outerBoundaryIs><LinearRing><coordinates>18.412347,-34.16535 18.411206,-34.163647 18.399941,-34.164612 18.399875,-34.165555 18.401229,-34.166354 18.399669,-34.166626 18.383322,-34.164797 18.382738,-34.165319 18.392516,-34.179459 18.390199,-34.184127 18.405372,-34.190528 18.411255,-34.192833 18.413446,-34.188344 18.416064,-34.186623 18.418197,-34.188866 18.418671,-34.189618 18.418093,-34.19018 18.4175,-34.192378 18.423945,-34.197099 18.433783,-34.201253 18.435877,-34.202435 18.440793,-34.206478 18.442733,-34.208426 18.446768,-34.210626 18.450812,-34.208872 18.451891,-34.210316 18.458937,-34.214959 18.459586,-34.216394 18.459226,-34.216508 18.458895,-34.216837 18.457173,-34.219181 18.461292,-34.218386 18.461381,-34.218158 18.462769,-34.217928 18.462415,-34.215983 18.462571,-34.215714 18.463879,-34.215111 18.46405,-34.214823 18.463835,-34.214425 18.463633,-34.21424 18.463593,-34.213858 18.463327,-34.213454 18.463321,-34.213083 18.462794,-34.21274 18.462805,-34.212173 18.462964,-34.212036 18.462975,-34.211797 18.462425,-34.210923 18.462259,-34.209836 18.462101,-34.20967 18.461925,-34.209611 18.461542,-34.208964 18.461417,-34.208533 18.461432,-34.208264 18.461278,-34.20816 18.461067,-34.20821 18.460018,-34.207785 18.459629,-34.20783 18.459246,-34.207291 18.458825,-34.207036 18.458449,-34.206295 18.458082,-34.205971 18.458055,-34.205719 18.458315,-34.20536 18.458042,-34.205169 18.45804,-34.20503 18.458163,-34.204876 18.457513,-34.204273 18.457013,-34.204132 18.456773,-34.203745 18.456763,-34.203351 18.457207,-34.203194 18.457427,-34.202919 18.457324,-34.202785 18.457009,-34.202717 18.456918,-34.202285 18.457374,-34.20208 18.45716,-34.201847 18.456258,-34.201459 18.456099,-34.201211 18.456293,-34.200871 18.45592,-34.200658 18.455935,-34.200397 18.456265,-34.200294 18.456186,-34.200098 18.45585,-34.199918 18.455534,-34.199599 18.455261,-34.199522 18.455328,-34.199443 18.455254,-34.199393 18.454895,-34.199303 18.454675,-34.199106 18.454793,-34.198976 18.454424,-34.198747 18.454557,-34.198615 18.454216,-34.198286 18.453732,-34.198132 18.45416,-34.19805 18.454087,-34.197859 18.453757,-34.197806 18.453606,-34.197622 18.453366,-34.19754 18.453134,-34.197241 18.452985,-34.197208 18.452836,-34.197311 18.452754,-34.197734 18.452545,-34.197831 18.452402,-34.198068 18.452028,-34.198152 18.451901,-34.198102 18.451482,-34.197839 18.451291,-34.197603 18.451258,-34.197285 18.451041,-34.197158 18.450977,-34.196969 18.450799,-34.196956 18.450732,-34.196846 18.45084,-34.196727 18.450555,-34.196563 18.450393,-34.196327 18.450497,-34.195889 18.450864,-34.195751 18.450821,-34.195493 18.45069,-34.195458 18.450584,-34.195291 18.450379,-34.19542 18.449416,-34.195123 18.448766,-34.195086 18.448389,-34.19483 18.448143,-34.19431 18.447615,-34.194078 18.447702,-34.193841 18.447541,-34.19382 18.447498,-34.193748 18.447207,-34.193837 18.44717,-34.193959 18.44729,-34.194014 18.447292,-34.194189 18.446645,-34.194263 18.44646,-34.194168 18.446329,-34.194047 18.44633,-34.193857 18.445815,-34.193275 18.445959,-34.192969 18.445983,-34.192546 18.445808,-34.192402 18.444936,-34.192281 18.444174,-34.192058 18.444037,-34.191667 18.443833,-34.19167 18.442291,-34.187617 18.440726,-34.187209 18.438044,-34.18569 18.437924,-34.185565 18.437792,-34.184749 18.437631,-34.184767 18.437762,-34.185688 18.437394,-34.18593 18.43761,-34.186146 18.437679,-34.186094 18.437577,-34.185979 18.437882,-34.185784 18.440554,-34.187299 18.439462,-34.187983 18.439416,-34.188091 18.439505,-34.188192 18.439635,-34.188192 18.440748,-34.187491 18.442066,-34.187831 18.44272,-34.18957 18.442559,-34.189684 18.442898,-34.190573 18.442333,-34.190838 18.44174,-34.190201 18.441631,-34.190262 18.442218,-34.190918 18.441499,-34.19124 18.441281,-34.191 18.441385,-34.190924 18.441265,-34.190957 18.441162,-34.190856 18.441226,-34.190747 18.441116,-34.190828 18.441019,-34.190703 18.441089,-34.190598 18.440553,-34.190949 18.44061,-34.191021 18.440362,-34.191172 18.440293,-34.191105 18.44,-34.191233 18.438143,-34.189128 18.438682,-34.188734 18.43859,-34.188616 18.438172,-34.188561 18.436797,-34.189405 18.436859,-34.189463 18.437113,-34.189297 18.438115,-34.190647 18.437896,-34.190756 18.437748,-34.190569 18.43765,-34.190616 18.437855,-34.19088 18.4377,-34.19095 18.437494,-34.190692 18.437298,-34.190791 18.43744,-34.191007 18.436899,-34.191267 18.435254,-34.190873 18.435654,-34.190221 18.436571,-34.189631 18.436514,-34.189573 18.435624,-34.190132 18.435162,-34.190822 18.434034,-34.188315 18.434118,-34.188152 18.436614,-34.186578 18.436746,-34.186681 18.436809,-34.186641 18.436544,-34.186348 18.43627,-34.186524 18.43633,-34.186588 18.433998,-34.188057 18.433921,-34.187994 18.433661,-34.188165 18.433823,-34.188492 18.433929,-34.18847 18.434984,-34.19084 18.434471,-34.192251 18.43401,-34.19232 18.433686,-34.192121 18.433857,-34.192334 18.433731,-34.192414 18.433376,-34.192107 18.433352,-34.192215 18.433543,-34.192399 18.433438,-34.192637 18.433028,-34.192604 18.43299,-34.1928 18.432658,-34.192801 18.432273,-34.192585 18.432492,-34.192132 18.431201,-34.191702 18.430281,-34.191885 18.429511,-34.191545 18.429124,-34.19197 18.428417,-34.191498 18.428466,-34.191411 18.428173,-34.191149 18.428441,-34.190835 18.428014,-34.189874 18.426641,-34.188171 18.426123,-34.186897 18.426171,-34.186742 18.425612,-34.185046 18.42551,-34.183524 18.4256,-34.181212 18.425976,-34.178243 18.426181,-34.177654 18.426755,-34.176569 18.42778,-34.175334 18.428145,-34.174034 18.425858,-34.173755 18.424623,-34.17267 18.41888,-34.170174 18.416776,-34.170191 18.412347,-34.16535</coordinates></LinearRing></outerBoundaryIs></Polygon>
  </Placemark>
  <Placemark id="Official_Planning_Suburbs.444">
	<name>WELMOED CEMETERY</name><description>5558129</description><styleUrl>#suburbStyle</styleUrl><Polygon><outerBoundaryIs><LinearRing><coordinates>18.734595,-33.988565 18.729876,-33.982056 18.718619,-33.986767 18.719049,-33.987374 18.719495,-33.988315 18.719887,-33.988821 18.71888,-33.989016 18.719298,-33.989012 18.719819,-33.98921 18.72012,-33.989453 18.721667,-33.991297 18.721998,-33.991195 18.724286,-33.994166 18.724302,-33.994632 18.735731,-33.990152 18.734595,-33.988565</coordinates></LinearRing></outerBoundaryIs></Polygon>
  </Placemark>
  <Placemark id="Official_Planning_Suburbs.445">
	<name>PENHILL</name><description>5558142</description><styleUrl>#suburbStyle</styleUrl><Polygon><outerBoundaryIs><LinearRing><coordinates>18.729222,-33.998353 18.741463,-33.993283 18.738133,-33.9898 18.737982,-33.989753 18.73805,-33.989638 18.737728,-33.989298 18.737125,-33.989535 18.737095,-33.989613 18.724837,-33.99442 18.729162,-33.998377 18.729222,-33.998353</coordinates></LinearRing></outerBoundaryIs></Polygon>
  </Placemark>
  <Placemark id="Official_Planning_Suburbs.446">
	<name>EERSTERIVIER INDUSTRIA</name><description>5558143</description><styleUrl>#suburbStyle</styleUrl><Polygon><outerBoundaryIs><LinearRing><coordinates>18.745416,-33.997436 18.741479,-33.993269 18.729162,-33.998377 18.724837,-33.99442 18.724643,-33.994495 18.72463,-33.994704 18.726163,-33.996688 18.729208,-33.999839 18.72918,-34.000007 18.733174,-34.002592 18.730849,-34.005081 18.740667,-34.020285 18.741675,-34.020606 18.739383,-34.016163 18.739379,-34.015993 18.735728,-34.008686 18.73495,-34.005497 18.736517,-34.004297 18.737226,-34.004655 18.737425,-34.004378 18.739459,-34.005218 18.739473,-34.005133 18.743214,-34.006132 18.744883,-34.006375 18.74717,-34.006357 18.748759,-34.006197 18.750888,-34.005702 18.75177,-34.005316 18.746369,-33.998444 18.745416,-33.997436</coordinates></LinearRing></outerBoundaryIs></Polygon>
  </Placemark>
  <Placemark id="Official_Planning_Suburbs.447">
	<name>JOE SLOVO PARK</name><description>22275789</description><styleUrl>#suburbStyle</styleUrl><Polygon><outerBoundaryIs><LinearRing><coordinates>18.512836,-33.8702 18.511401,-33.869435 18.510801,-33.870219 18.510036,-33.869811 18.509582,-33.870403 18.509561,-33.870612 18.509938,-33.872043 18.509887,-33.872233 18.508483,-33.874068 18.508445,-33.874251 18.508843,-33.875734 18.508578,-33.876983 18.51114,-33.877371 18.511145,-33.876436 18.511271,-33.875519 18.511643,-33.874239 18.512297,-33.87293 18.51375,-33.870687 18.512836,-33.8702</coordinates></LinearRing></outerBoundaryIs></Polygon>
  </Placemark>
  <Placemark id="Official_Planning_Suburbs.448">
	<name>VREDEHOEK</name><description>5558052</description><styleUrl>#suburbStyle</styleUrl><Polygon><outerBoundaryIs><LinearRing><coordinates>18.429216,-33.934238 18.426725,-33.934012 18.426154,-33.933769 18.425957,-33.933565 18.42443,-33.934177 18.423711,-33.934221 18.423755,-33.934652 18.423522,-33.935199 18.421021,-33.934445 18.419087,-33.934177 18.418635,-33.936913 18.418816,-33.938472 18.418619,-33.939266 18.418112,-33.940163 18.417944,-33.941188 18.417418,-33.943248 18.419275,-33.942729 18.419232,-33.943053 18.419587,-33.943909 18.419695,-33.944011 18.419545,-33.944073 18.419653,-33.945379 18.420096,-33.946702 18.418802,-33.946531 18.418525,-33.946827 18.41917,-33.947773 18.419153,-33.948104 18.421232,-33.948634 18.421187,-33.947146 18.421719,-33.946849 18.422525,-33.946163 18.422906,-33.945646 18.423384,-33.945347 18.423473,-33.944836 18.423828,-33.944344 18.424272,-33.943957 18.424334,-33.943451 18.424459,-33.943502 18.424753,-33.943246 18.425681,-33.942768 18.426519,-33.942594 18.427213,-33.942268 18.428242,-33.941527 18.431368,-33.940926 18.431741,-33.94063 18.43235,-33.939213 18.434748,-33.93855 18.434791,-33.940027 18.435335,-33.939936 18.436376,-33.937413 18.435838,-33.937223 18.435092,-33.937148 18.434725,-33.937013 18.434496,-33.936816 18.434041,-33.936005 18.433435,-33.935567 18.431837,-33.935125 18.429708,-33.934337 18.429216,-33.934238</coordinates></LinearRing></outerBoundaryIs></Polygon>
  </Placemark>
  <Placemark id="Official_Planning_Suburbs.449">
	<name>SUNSET BEACH</name><description>22293009</description><styleUrl>#suburbStyle</styleUrl><Polygon><outerBoundaryIs><LinearRing><coordinates>18.491317,-33.861636 18.491624,-33.861543 18.49154,-33.861226 18.491574,-33.860779 18.492614,-33.859296 18.494469,-33.857527 18.497519,-33.856344 18.497223,-33.855844 18.497006,-33.855203 18.49653,-33.852877 18.496192,-33.851991 18.495199,-33.850318 18.494513,-33.849578 18.489414,-33.845407 18.488258,-33.843927 18.487287,-33.844078 18.487893,-33.845589 18.488195,-33.846688 18.489144,-33.853018 18.489191,-33.8539 18.488956,-33.853905 18.489127,-33.857077 18.489038,-33.859624 18.489126,-33.861877 18.489309,-33.861912 18.491097,-33.861641 18.491141,-33.861806 18.490596,-33.862353 18.490127,-33.863126 18.490624,-33.866717 18.490515,-33.867005 18.490622,-33.867199 18.490716,-33.867193 18.490769,-33.867728 18.489725,-33.872663 18.489855,-33.872771 18.490241,-33.872464 18.49211,-33.871366 18.492413,-33.871416 18.492545,-33.871512 18.493313,-33.870921 18.492581,-33.870415 18.491389,-33.869091 18.491373,-33.868488 18.491539,-33.868373 18.490979,-33.867657 18.490932,-33.867194 18.491995,-33.866913 18.492356,-33.866949 18.491725,-33.864583 18.491883,-33.861898 18.491675,-33.861719 18.491352,-33.86177 18.491317,-33.861636</coordinates></LinearRing></outerBoundaryIs></Polygon>
  </Placemark>
  <Placemark id="Official_Planning_Suburbs.450">
	<name>BONNIE BROOK</name><description>5557832</description><styleUrl>#suburbStyle</styleUrl><Polygon><outerBoundaryIs><LinearRing><coordinates>18.70224,-33.834975 18.698709,-33.83339 18.698815,-33.832401 18.697384,-33.832287 18.697201,-33.832329 18.697062,-33.835712 18.698492,-33.835419 18.698256,-33.837759 18.699604,-33.8381 18.700243,-33.838358 18.70477,-33.84041 18.706925,-33.837022 18.70224,-33.834975</coordinates></LinearRing></outerBoundaryIs></Polygon>
  </Placemark>
  <Placemark id="Official_Planning_Suburbs.451">
	<name>ZOO PARK</name><description>5557840</description><styleUrl>#suburbStyle</styleUrl><Polygon><outerBoundaryIs><LinearRing><coordinates>18.701703,-33.839025 18.699604,-33.8381 18.698181,-33.837769 18.697777,-33.842374 18.697845,-33.843641 18.701623,-33.845318 18.70477,-33.84041 18.701703,-33.839025</coordinates></LinearRing></outerBoundaryIs></Polygon>
  </Placemark>
  <Placemark id="Official_Planning_Suburbs.452">
	<name>WINDSOR PARK ESTATE</name><description>5557829</description><styleUrl>#suburbStyle</styleUrl><Polygon><outerBoundaryIs><LinearRing><coordinates>18.721115,-33.833535 18.72159,-33.832802 18.713016,-33.830967 18.71128,-33.833641 18.709582,-33.832898 18.70477,-33.84041 18.71412,-33.844558 18.714299,-33.844144 18.721115,-33.833535</coordinates></LinearRing></outerBoundaryIs></Polygon>
  </Placemark>
  <Placemark id="Official_Planning_Suburbs.453">
	<name>WINDSOR ESTATE</name><description>5557845</description><styleUrl>#suburbStyle</styleUrl><Polygon><outerBoundaryIs><LinearRing><coordinates>18.70477,-33.84041 18.701623,-33.845318 18.697845,-33.843641 18.698483,-33.855049 18.698443,-33.856141 18.715245,-33.845244 18.714557,-33.844769 18.714055,-33.844527 18.70477,-33.84041</coordinates></LinearRing></outerBoundaryIs></Polygon>
  </Placemark>
  <Placemark id="Official_Planning_Suburbs.454">
	<name>WELTEVREDEN VALLEY</name><description>5558444</description><styleUrl>#suburbStyle</styleUrl><Polygon><outerBoundaryIs><LinearRing><coordinates>18.562827,-34.010638 18.562829,-34.010581 18.56232,-34.010322 18.560031,-34.009384 18.560862,-34.012586 18.561514,-34.01457 18.5619,-34.015493 18.56443,-34.0206 18.564981,-34.021553 18.573782,-34.034122 18.574939,-34.035421 18.577519,-34.037601 18.578275,-34.038359 18.579415,-34.039823 18.586234,-34.051534 18.587132,-34.052898 18.587711,-34.053473 18.587317,-34.052795 18.587293,-34.05083 18.586925,-34.04887 18.583071,-34.03728 18.581787,-34.034381 18.58082,-34.03283 18.578865,-34.030238 18.584906,-34.028884 18.583809,-34.025665 18.576587,-34.027307 18.574289,-34.024252 18.573929,-34.024122 18.569134,-34.017953 18.5653,-34.012866 18.564106,-34.01148 18.563416,-34.010952 18.562816,-34.01099 18.562827,-34.010638</coordinates></LinearRing></outerBoundaryIs></Polygon>
  </Placemark>
  <Placemark id="Official_Planning_Suburbs.455">
	<name>SCARBOROUGH</name><description>5558241</description><styleUrl>#suburbStyle</styleUrl><Polygon><outerBoundaryIs><LinearRing><coordinates>18.382758,-34.201395 18.379113,-34.198321 18.376584,-34.195528 18.375987,-34.193523 18.374723,-34.193171 18.372943,-34.194214 18.373539,-34.196025 18.372306,-34.196312 18.373965,-34.201259 18.374117,-34.202105 18.379312,-34.203257 18.382188,-34.201853 18.38271,-34.201769 18.383479,-34.202032 18.382758,-34.201395</coordinates></LinearRing></outerBoundaryIs></Polygon>
  </Placemark>
  <Placemark id="Official_Planning_Suburbs.456">
	<name>FLAMINGO VLEI</name><description>22360543</description><styleUrl>#suburbStyle</styleUrl><Polygon><outerBoundaryIs><LinearRing><coordinates>18.496548,-33.830001 18.495936,-33.829018 18.495093,-33.829435 18.494611,-33.830048 18.492381,-33.829695 18.490094,-33.830679 18.491484,-33.833486 18.491623,-33.833632 18.492182,-33.833966 18.494459,-33.834852 18.49505,-33.835019 18.495983,-33.835061 18.498824,-33.834835 18.501242,-33.83515 18.50208,-33.83553 18.505272,-33.837746 18.506273,-33.838141 18.507235,-33.838236 18.508012,-33.838144 18.509534,-33.837554 18.509332,-33.837387 18.50594,-33.831885 18.505521,-33.832292 18.503474,-33.831752 18.502908,-33.830843 18.501776,-33.831333 18.501565,-33.830993 18.501078,-33.83097 18.500449,-33.830677 18.500436,-33.830306 18.50008,-33.829957 18.498711,-33.83055 18.498193,-33.829719 18.49676,-33.830341 18.496548,-33.830001</coordinates></LinearRing></outerBoundaryIs></Polygon>
  </Placemark>
  <Placemark id="Official_Planning_Suburbs.457">
	<name>STELLENDALE</name><description>5558063</description><styleUrl>#suburbStyle</styleUrl><Polygon><outerBoundaryIs><LinearRing><coordinates>18.685185,-33.95013 18.683493,-33.947974 18.683349,-33.948065 18.683327,-33.948501 18.681437,-33.95116 18.681463,-33.951229 18.678191,-33.956022 18.677939,-33.956295 18.681333,-33.956514 18.683,-33.956475 18.684217,-33.956394 18.686601,-33.955967 18.687584,-33.953213 18.687178,-33.952679 18.686869,-33.952081 18.686771,-33.952138 18.685185,-33.95013</coordinates></LinearRing></outerBoundaryIs></Polygon>
  </Placemark>
  <Placemark id="Official_Planning_Suburbs.458">
	<name>RUYTERWACHT</name><description>23823011</description><styleUrl>#suburbStyle</styleUrl><Polygon><outerBoundaryIs><LinearRing><coordinates>18.556099,-33.913947 18.555322,-33.912003 18.549913,-33.913631 18.550895,-33.924449 18.550937,-33.925084 18.550843,-33.925085 18.550994,-33.92694 18.556127,-33.9271 18.559959,-33.927091 18.560675,-33.926984 18.56163,-33.926721 18.562846,-33.926207 18.564316,-33.92536 18.564031,-33.925086 18.564151,-33.925027 18.564112,-33.92494 18.563059,-33.923402 18.563333,-33.923452 18.560086,-33.912659 18.55775,-33.913365 18.557588,-33.913485 18.556099,-33.913947</coordinates></LinearRing></outerBoundaryIs></Polygon>
  </Placemark>
  <Placemark id="Official_Planning_Suburbs.459">
	<name>SEAWINDS</name><description>5558227</description><styleUrl>#suburbStyle</styleUrl><Polygon><outerBoundaryIs><LinearRing><coordinates>18.495742,-34.074714 18.493228,-34.074658 18.479496,-34.07515 18.479225,-34.076829 18.479318,-34.079452 18.47966,-34.079431 18.483908,-34.080178 18.491616,-34.081012 18.494435,-34.080699 18.495381,-34.079944 18.496509,-34.078219 18.496315,-34.076253 18.495742,-34.074714</coordinates></LinearRing></outerBoundaryIs></Polygon>
  </Placemark>
  <Placemark id="Official_Planning_Suburbs.460">
	<name>ZEEKOEVLEI</name><description>86084039</description><styleUrl>#suburbStyle</styleUrl><Polygon><outerBoundaryIs><LinearRing><coordinates>18.512671,-34.047512 18.511993,-34.046767 18.51114,-34.047325 18.511301,-34.047496 18.507188,-34.050167 18.506665,-34.049621 18.505896,-34.050124 18.506414,-34.050677 18.506361,-34.050717 18.497464,-34.056506 18.499045,-34.058172 18.499565,-34.057834 18.500109,-34.058391 18.501437,-34.058395 18.502902,-34.059059 18.503414,-34.059605 18.503546,-34.059597 18.504274,-34.063079 18.504493,-34.063389 18.50516,-34.063896 18.505276,-34.064318 18.505186,-34.064366 18.504952,-34.065839 18.502562,-34.066348 18.502991,-34.070975 18.501453,-34.071988 18.502726,-34.073216 18.504506,-34.072124 18.504089,-34.071676 18.504106,-34.070879 18.503919,-34.06991 18.504119,-34.069273 18.504486,-34.068828 18.50499,-34.068471 18.505663,-34.068286 18.5063,-34.067695 18.507571,-34.066867 18.508536,-34.066465 18.511451,-34.064886 18.51273,-34.063995 18.512821,-34.063903 18.512758,-34.063842 18.513046,-34.063483 18.513098,-34.063188 18.512658,-34.062535 18.512277,-34.06175 18.512025,-34.06186 18.511927,-34.062124 18.511443,-34.062802 18.51098,-34.063229 18.510401,-34.063569 18.507583,-34.064649 18.50722,-34.064573 18.50608,-34.063941 18.505538,-34.06346 18.505326,-34.063366 18.50541,-34.063273 18.505026,-34.063004 18.504779,-34.062607 18.504432,-34.061396 18.504453,-34.06071 18.504651,-34.060346 18.505685,-34.059389 18.50581,-34.058657 18.506383,-34.058111 18.507659,-34.057396 18.50788,-34.057189 18.507551,-34.056568 18.508032,-34.055327 18.508542,-34.054342 18.508318,-34.053225 18.508214,-34.053075 18.508834,-34.052064 18.51015,-34.05169 18.510578,-34.051897 18.511344,-34.051836 18.511473,-34.052034 18.511405,-34.052079 18.511839,-34.052508 18.513085,-34.052198 18.513779,-34.05178 18.514123,-34.05119 18.515773,-34.050907 18.516586,-34.050899 18.517306,-34.050749 18.517554,-34.050605 18.517517,-34.050109 18.517305,-34.049563 18.517485,-34.049227 18.518107,-34.048778 18.5183,-34.048738 18.518075,-34.047649 18.514823,-34.048095 18.514407,-34.048221 18.513429,-34.048315 18.512671,-34.047512</coordinates></LinearRing></outerBoundaryIs></Polygon>
  </Placemark>
  <Placemark id="Official_Planning_Suburbs.461">
	<name>FALSE BAY COASTAL PARK</name><description>5558224</description><styleUrl>#suburbStyle</styleUrl><Polygon><outerBoundaryIs><LinearRing><coordinates>18.518536,-34.050734 18.518662,-34.050585 18.51913,-34.050338 18.519215,-34.049642 18.518834,-34.048824 18.518928,-34.048478 18.518847,-34.04827 18.51862,-34.048135 18.518607,-34.04718 18.517567,-34.045188 18.5183,-34.048738 18.518107,-34.048778 18.517485,-34.049227 18.517305,-34.049563 18.517517,-34.050109 18.517554,-34.050605 18.517461,-34.050681 18.516582,-34.0509 18.515773,-34.050907 18.514123,-34.05119 18.513779,-34.05178 18.513085,-34.052198 18.511839,-34.052508 18.511405,-34.052079 18.511473,-34.052034 18.511344,-34.051836 18.510578,-34.051897 18.51015,-34.05169 18.508834,-34.052064 18.508214,-34.053075 18.508318,-34.053225 18.508542,-34.054342 18.508032,-34.055327 18.507551,-34.056568 18.50788,-34.057189 18.507659,-34.057396 18.506383,-34.058111 18.505914,-34.058533 18.50581,-34.058657 18.505685,-34.059389 18.504651,-34.060346 18.504453,-34.06071 18.504432,-34.061396 18.504779,-34.062607 18.505026,-34.063004 18.50541,-34.063273 18.505326,-34.063366 18.505538,-34.06346 18.50608,-34.063941 18.506919,-34.064429 18.507539,-34.06465 18.510063,-34.063722 18.51098,-34.063229 18.511443,-34.062802 18.511927,-34.062124 18.512025,-34.06186 18.512277,-34.06175 18.512658,-34.062535 18.513098,-34.063188 18.513046,-34.063483 18.512758,-34.063842 18.512821,-34.063903 18.51273,-34.063995 18.511451,-34.064886 18.508536,-34.066465 18.507571,-34.066867 18.5063,-34.067695 18.505663,-34.068286 18.50499,-34.068471 18.504486,-34.068828 18.504119,-34.069273 18.503919,-34.06991 18.504106,-34.070879 18.504089,-34.071676 18.504506,-34.072124 18.502726,-34.073216 18.501453,-34.071988 18.502991,-34.070975 18.502562,-34.066348 18.497587,-34.067408 18.491079,-34.065524 18.492404,-34.067521 18.491962,-34.067724 18.49255,-34.068606 18.495088,-34.072958 18.496315,-34.076253 18.496509,-34.078219 18.495381,-34.079944 18.494435,-34.080699 18.491616,-34.081012 18.483908,-34.080178 18.47966,-34.079431 18.479318,-34.079452 18.47938,-34.080521 18.482935,-34.080674 18.48672,-34.081073 18.493376,-34.082119 18.494633,-34.082097 18.494949,-34.081855 18.496682,-34.081916 18.499307,-34.081498 18.499084,-34.082539 18.498543,-34.083704 18.496736,-34.085685 18.496733,-34.086135 18.497093,-34.086241 18.497638,-34.086561 18.498018,-34.087018 18.498188,-34.087555 18.498148,-34.094362 18.501942,-34.093271 18.502211,-34.092754 18.502972,-34.093523 18.502873,-34.093977 18.502966,-34.09437 18.503628,-34.095407 18.503908,-34.096286 18.503265,-34.096415 18.50364,-34.097222 18.50544,-34.09685 18.512428,-34.096073 18.513476,-34.095839 18.51471,-34.09532 18.51583,-34.095 18.52329,-34.09327 18.53761,-34.09025 18.549,-34.088833 18.548594,-34.087553 18.54727,-34.087917 18.535125,-34.090315 18.529085,-34.075919 18.525735,-34.075182 18.524524,-34.072687 18.522988,-34.070281 18.522242,-34.062482 18.52208,-34.062414 18.520188,-34.053165 18.519411,-34.053274 18.518417,-34.053091 18.518484,-34.052987 18.518315,-34.052916 18.518398,-34.052391 18.51815,-34.052136 18.518497,-34.051907 18.518532,-34.051798 18.518536,-34.050734</coordinates></LinearRing></outerBoundaryIs></Polygon>
  </Placemark>
  <Placemark id="Official_Planning_Suburbs.462">
	<name>O'KENNEDYVILLE</name><description>5557903</description><styleUrl>#suburbStyle</styleUrl><Polygon><outerBoundaryIs><LinearRing><coordinates>18.642988,-33.872583 18.643238,-33.872561 18.642917,-33.870777 18.638884,-33.87014 18.638452,-33.871934 18.642988,-33.872583</coordinates></LinearRing></outerBoundaryIs></Polygon>
  </Placemark>
  <Placemark id="Official_Planning_Suburbs.463">
	<name>NATURES VALLEY</name><description>5557819</description><styleUrl>#suburbStyle</styleUrl><Polygon><outerBoundaryIs><LinearRing><coordinates>18.646651,-33.825014 18.647602,-33.822845 18.646706,-33.822643 18.646314,-33.823546 18.644158,-33.824555 18.644918,-33.825254 18.644307,-33.825918 18.645113,-33.825971 18.645452,-33.825548 18.646619,-33.825084 18.646651,-33.825014</coordinates></LinearRing></outerBoundaryIs></Polygon>
  </Placemark>
  <Placemark id="Official_Planning_Suburbs.464">
	<name>BONTEHEUWEL</name><description>5558345</description><styleUrl>#suburbStyle</styleUrl><Polygon><outerBoundaryIs><LinearRing><coordinates>18.546368,-33.941635 18.542966,-33.941402 18.542759,-33.941529 18.542614,-33.947204 18.540972,-33.955202 18.562768,-33.961839 18.563432,-33.955299 18.563555,-33.95505 18.563754,-33.954969 18.564012,-33.954424 18.564335,-33.951076 18.564131,-33.950095 18.563756,-33.94899 18.563828,-33.948895 18.563522,-33.948455 18.563493,-33.948055 18.563053,-33.947019 18.562885,-33.947022 18.562225,-33.945107 18.56192,-33.944471 18.560998,-33.943512 18.560449,-33.943152 18.55907,-33.942507 18.553403,-33.942118 18.552341,-33.941803 18.548438,-33.941534 18.547331,-33.941701 18.546368,-33.941635</coordinates></LinearRing></outerBoundaryIs></Polygon>
  </Placemark>
  <Placemark id="Official_Planning_Suburbs.465">
	<name>HELENA HEIGHTS</name><description>5558391</description><styleUrl>#suburbStyle</styleUrl><Polygon><outerBoundaryIs><LinearRing><coordinates>18.846188,-34.054697 18.85065,-34.051591 18.843681,-34.055144 18.843697,-34.055208 18.840153,-34.057029 18.839725,-34.056629 18.837091,-34.055147 18.834142,-34.053906 18.831466,-34.052931 18.829608,-34.053012 18.830369,-34.054545 18.831696,-34.058933 18.833077,-34.063023 18.83337,-34.063506 18.846006,-34.054746 18.846188,-34.054697</coordinates></LinearRing></outerBoundaryIs></Polygon>
  </Placemark>
  <Placemark id="Official_Planning_Suburbs.466">
	<name>FRAAIGELEGEN</name><description>5558395</description><styleUrl>#suburbStyle</styleUrl><Polygon><outerBoundaryIs><LinearRing><coordinates>18.823045,-34.052373 18.822413,-34.051743 18.821211,-34.051085 18.820074,-34.052501 18.824733,-34.055108 18.826152,-34.054319 18.823633,-34.052043 18.823285,-34.052447 18.823156,-34.052484 18.823045,-34.052373</coordinates></LinearRing></outerBoundaryIs></Polygon>
  </Placemark>
  <Placemark id="Official_Planning_Suburbs.467">
	<name>LYNN'S VIEW</name><description>5558458</description><styleUrl>#suburbStyle</styleUrl><Polygon><outerBoundaryIs><LinearRing><coordinates>18.824324,-34.041983 18.823836,-34.042059 18.822024,-34.045185 18.818827,-34.049683 18.818847,-34.049787 18.817858,-34.051151 18.817872,-34.051259 18.815241,-34.05128 18.81511,-34.051421 18.814911,-34.051467 18.814657,-34.052035 18.814794,-34.052034 18.814117,-34.053657 18.820967,-34.055463 18.823462,-34.055541 18.824733,-34.055108 18.820074,-34.052501 18.821211,-34.051085 18.821866,-34.051443 18.824021,-34.048653 18.823964,-34.048624 18.825446,-34.046505 18.825528,-34.046577 18.825638,-34.046436 18.82603,-34.047305 18.827744,-34.050163 18.828407,-34.051866 18.828587,-34.05176 18.829061,-34.051827 18.828964,-34.050588 18.828813,-34.050326 18.829166,-34.04999 18.829291,-34.049586 18.829046,-34.047746 18.828959,-34.047771 18.828853,-34.047286 18.828127,-34.042324 18.824518,-34.042646 18.824324,-34.041983</coordinates></LinearRing></outerBoundaryIs></Polygon>
  </Placemark>
  <Placemark id="Official_Planning_Suburbs.468">
	<name>STEENBRAS VIEW</name><description>22145862</description><styleUrl>#suburbStyle</styleUrl><Polygon><outerBoundaryIs><LinearRing><coordinates>18.829081,-34.051714 18.829061,-34.051827 18.828587,-34.05176 18.828407,-34.051866 18.828729,-34.053087 18.827775,-34.053392 18.824764,-34.055093 18.829639,-34.05719 18.829849,-34.058128 18.830404,-34.059144 18.831611,-34.058669 18.830369,-34.054545 18.829608,-34.053012 18.829081,-34.051714</coordinates></LinearRing></outerBoundaryIs></Polygon>
  </Placemark>
  <Placemark id="Official_Planning_Suburbs.469">
	<name>OCEAN VIEW</name><description>5558237</description><styleUrl>#suburbStyle</styleUrl><Polygon><outerBoundaryIs><LinearRing><coordinates>18.358843,-34.143702 18.358622,-34.143052 18.354609,-34.141658 18.352825,-34.142703 18.352028,-34.143079 18.351059,-34.143412 18.350049,-34.143603 18.349059,-34.143665 18.346054,-34.143388 18.346089,-34.143771 18.345883,-34.145037 18.345943,-34.14574 18.34755,-34.149512 18.347746,-34.15035 18.347764,-34.151015 18.347596,-34.15189 18.347328,-34.152534 18.346881,-34.153214 18.347463,-34.153611 18.34758,-34.153509 18.347662,-34.153573 18.347614,-34.153615 18.350737,-34.156117 18.35119,-34.155722 18.354253,-34.158165 18.358983,-34.155923 18.35912,-34.150055 18.358565,-34.149396 18.359173,-34.148852 18.359439,-34.148964 18.359469,-34.148826 18.359729,-34.148897 18.359748,-34.148808 18.360112,-34.148907 18.36016,-34.148683 18.360524,-34.148782 18.360627,-34.148296 18.360087,-34.14672 18.359364,-34.145226 18.358843,-34.143702</coordinates></LinearRing></outerBoundaryIs></Polygon>
  </Placemark>
  <Placemark id="Official_Planning_Suburbs.470">
	<name>GLENCAIRN</name><description>5558238</description><styleUrl>#suburbStyle</styleUrl><Polygon><outerBoundaryIs><LinearRing><coordinates>18.437858,-34.153838 18.43851,-34.152963 18.439195,-34.15227 18.439493,-34.151847 18.421434,-34.145647 18.414239,-34.153806 18.411993,-34.153082 18.410433,-34.150457 18.399633,-34.15123 18.397151,-34.155529 18.396008,-34.157163 18.398179,-34.158929 18.399327,-34.159126 18.400351,-34.161016 18.400141,-34.161725 18.399941,-34.164612 18.411206,-34.163647 18.412347,-34.16535 18.416776,-34.170191 18.41888,-34.170174 18.424623,-34.17267 18.425858,-34.173755 18.428145,-34.174034 18.42877,-34.171999 18.430132,-34.170352 18.430909,-34.168983 18.431251,-34.168866 18.431603,-34.168383 18.431478,-34.168032 18.431735,-34.167622 18.431649,-34.167317 18.431819,-34.167063 18.432555,-34.166126 18.433,-34.166035 18.433034,-34.165779 18.432715,-34.165282 18.4324,-34.165021 18.432214,-34.164115 18.432298,-34.163825 18.432093,-34.163329 18.432156,-34.163203 18.431985,-34.162701 18.431949,-34.162278 18.43169,-34.16204 18.431629,-34.162098 18.431253,-34.161852 18.431118,-34.161667 18.430958,-34.161355 18.431032,-34.160824 18.43162,-34.159638 18.432397,-34.15857 18.432919,-34.158179 18.433831,-34.158013 18.434106,-34.158039 18.434674,-34.157863 18.434914,-34.157864 18.435287,-34.157689 18.435504,-34.157183 18.435768,-34.156972 18.435886,-34.156682 18.435751,-34.15622 18.436365,-34.155503 18.436604,-34.155382 18.436732,-34.155421 18.436732,-34.155014 18.436918,-34.154654 18.437194,-34.15447 18.437346,-34.154252 18.437553,-34.154172 18.437858,-34.153838</coordinates></LinearRing></outerBoundaryIs></Polygon>
  </Placemark>
  <Placemark id="Official_Planning_Suburbs.471">
	<name>GREEN POINT</name><description>5558465</description><styleUrl>#suburbStyle</styleUrl><Polygon><outerBoundaryIs><LinearRing><coordinates>18.414972,-33.907335 18.41815,-33.905236 18.416879,-33.903993 18.415916,-33.903172 18.41479,-33.902554 18.413752,-33.901738 18.412312,-33.900876 18.411943,-33.900521 18.411525,-33.900422 18.411132,-33.900201 18.411072,-33.900061 18.405505,-33.900587 18.400233,-33.902125 18.398929,-33.90593 18.399071,-33.905937 18.399258,-33.908003 18.402152,-33.90781 18.402389,-33.910351 18.401712,-33.910314 18.398477,-33.910485 18.399598,-33.913092 18.399704,-33.913173 18.400882,-33.912368 18.401731,-33.911995 18.402454,-33.911852 18.403808,-33.911739 18.411338,-33.913797 18.412138,-33.913425 18.413134,-33.913087 18.413793,-33.913643 18.412265,-33.914662 18.412648,-33.914721 18.412903,-33.916114 18.413459,-33.915712 18.413903,-33.9163 18.413977,-33.916298 18.415982,-33.91571 18.418065,-33.914981 18.417039,-33.913036 18.416854,-33.911357 18.416411,-33.911227 18.415931,-33.910966 18.413641,-33.908958 18.41338,-33.908626 18.413384,-33.908481 18.413536,-33.908291 18.414972,-33.907335</coordinates></LinearRing></outerBoundaryIs></Polygon>
  </Placemark>
  <Placemark id="Official_Planning_Suburbs.472">
	<name>STEENBERG</name><description>5558226</description><styleUrl>#suburbStyle</styleUrl><Polygon><outerBoundaryIs><LinearRing><coordinates>18.478661,-34.064165 18.477781,-34.063778 18.476493,-34.063343 18.472351,-34.062403 18.471249,-34.062324 18.468434,-34.062465 18.468779,-34.06942 18.463705,-34.069593 18.464003,-34.075648 18.462662,-34.075656 18.457097,-34.074888 18.455566,-34.083044 18.455576,-34.083634 18.457121,-34.08266 18.45738,-34.08252 18.457603,-34.082523 18.45832,-34.082037 18.461408,-34.081124 18.462308,-34.080951 18.463302,-34.080915 18.463488,-34.079202 18.465949,-34.079118 18.473322,-34.079156 18.479318,-34.079452 18.479225,-34.076829 18.47951,-34.075056 18.479798,-34.074235 18.480071,-34.073673 18.484651,-34.067042 18.478661,-34.064165</coordinates></LinearRing></outerBoundaryIs></Polygon>
  </Placemark>
  <Placemark id="Official_Planning_Suburbs.473">
	<name>MAITLAND GARDEN VILLAGE</name><description>5558043</description><styleUrl>#suburbStyle</styleUrl><Polygon><outerBoundaryIs><LinearRing><coordinates>18.486529,-33.930704 18.48559,-33.928737 18.481064,-33.931028 18.481082,-33.931083 18.481204,-33.931022 18.481381,-33.93158 18.480166,-33.932268 18.480248,-33.932949 18.480452,-33.933509 18.483393,-33.938137 18.483663,-33.938723 18.487768,-33.937151 18.487708,-33.937052 18.489308,-33.936526 18.487666,-33.932753 18.486529,-33.930704</coordinates></LinearRing></outerBoundaryIs></Polygon>
  </Placemark>
  <Placemark id="Official_Planning_Suburbs.474">
	<name>TABLE MOUNTAIN</name><description>5558214</description><styleUrl>#suburbStyle</styleUrl><Polygon><outerBoundaryIs><LinearRing><coordinates>18.441278,-33.938896 18.440854,-33.93879 18.440104,-33.938304 18.439744,-33.938165 18.43745,-33.937947 18.436376,-33.937413 18.435335,-33.939936 18.434791,-33.940027 18.434748,-33.93855 18.43235,-33.939213 18.431741,-33.94063 18.431368,-33.940926 18.428242,-33.941527 18.427213,-33.942268 18.426519,-33.942594 18.425681,-33.942768 18.424753,-33.943246 18.424459,-33.943502 18.424334,-33.943451 18.424272,-33.943957 18.423828,-33.944344 18.423473,-33.944836 18.423384,-33.945347 18.422906,-33.945646 18.422525,-33.946163 18.421719,-33.946849 18.421187,-33.947146 18.421232,-33.948634 18.419153,-33.948104 18.41917,-33.947773 18.418525,-33.946827 18.418802,-33.946531 18.420096,-33.946702 18.419653,-33.945379 18.419545,-33.944073 18.419695,-33.944011 18.419587,-33.943909 18.419232,-33.943053 18.419275,-33.942729 18.417418,-33.943248 18.417362,-33.943753 18.41699,-33.943888 18.416879,-33.944917 18.417042,-33.945509 18.417219,-33.947335 18.417186,-33.947654 18.416408,-33.947205 18.416333,-33.947064 18.415486,-33.946918 18.415429,-33.946982 18.412435,-33.946825 18.412,-33.946408 18.410432,-33.946043 18.40964,-33.946028 18.408885,-33.945553 18.407018,-33.94488 18.407284,-33.944288 18.405561,-33.943934 18.405621,-33.943633 18.404094,-33.943438 18.403582,-33.942965 18.402451,-33.942225 18.401611,-33.942221 18.40122,-33.942038 18.401027,-33.941267 18.399706,-33.941436 18.397719,-33.942192 18.396566,-33.942218 18.396643,-33.941664 18.395865,-33.941795 18.395944,-33.941855 18.395616,-33.94188 18.395465,-33.94202 18.395212,-33.941842 18.394867,-33.942059 18.394448,-33.942141 18.393579,-33.941568 18.39276,-33.941551 18.392526,-33.941642 18.392195,-33.941927 18.390994,-33.942457 18.390267,-33.942424 18.389834,-33.942528 18.388759,-33.940147 18.385507,-33.941182 18.381376,-33.942321 18.379557,-33.94538 18.378719,-33.946046 18.378785,-33.946129 18.379612,-33.945565 18.38044,-33.945359 18.380535,-33.945691 18.381876,-33.945376 18.383072,-33.945294 18.384529,-33.945295 18.387519,-33.945597 18.388227,-33.945779 18.388312,-33.945923 18.388865,-33.945778 18.389533,-33.946067 18.389947,-33.945732 18.391588,-33.9468 18.389128,-33.95083 18.38872,-33.950931 18.390033,-33.951688 18.389878,-33.952015 18.389711,-33.951954 18.389432,-33.953254 18.388807,-33.953972 18.388599,-33.95446 18.388487,-33.95533 18.388576,-33.955807 18.388386,-33.95672 18.388785,-33.958028 18.38874,-33.95861 18.388616,-33.958831 18.388155,-33.958778 18.38792,-33.958924 18.387767,-33.959477 18.387853,-33.959712 18.387759,-33.959967 18.386844,-33.960326 18.38658,-33.960126 18.386211,-33.960286 18.386395,-33.960642 18.386197,-33.960763 18.38588,-33.961323 18.385677,-33.961502 18.385528,-33.961867 18.385533,-33.96215 18.38524,-33.962726 18.384795,-33.962911 18.384295,-33.962925 18.383769,-33.963569 18.383545,-33.963962 18.383575,-33.964388 18.383306,-33.964955 18.38257,-33.965911 18.382487,-33.96647 18.382606,-33.966975 18.382425,-33.968059 18.381977,-33.9679 18.381907,-33.968011 18.382246,-33.968328 18.381135,-33.968861 18.380992,-33.96909 18.391955,-33.973822 18.391839,-33.973832 18.388525,-33.976457 18.3855,-33.981466 18.389084,-33.982973 18.38454,-33.98953 18.383907,-34.002617 18.377848,-33.998652 18.37558,-34.001106 18.385859,-34.007699 18.388708,-34.010125 18.392371,-34.010134 18.394489,-34.011857 18.398838,-34.008629 18.40143,-34.009036 18.405165,-34.011857 18.40571,-34.012016 18.406313,-34.00981 18.406459,-34.009826 18.406591,-34.009752 18.402911,-34.008033 18.405001,-33.995572 18.4075,-33.993605 18.407926,-33.994118 18.410116,-33.995574 18.414538,-33.992026 18.41456,-33.989032 18.416879,-33.985701 18.410438,-33.982189 18.411657,-33.980158 18.41376,-33.978433 18.416033,-33.97409 18.425521,-33.966825 18.435254,-33.969865 18.44656,-33.973891 18.449023,-33.971606 18.449707,-33.972062 18.449766,-33.972024 18.449789,-33.972116 18.450173,-33.972371 18.451682,-33.970794 18.451987,-33.970599 18.452182,-33.970749 18.452384,-33.970774 18.45576,-33.967232 18.456132,-33.967444 18.457238,-33.966284 18.457102,-33.96617 18.458143,-33.964727 18.457725,-33.964426 18.458221,-33.964056 18.457047,-33.962988 18.459171,-33.963549 18.459612,-33.962671 18.460027,-33.961536 18.460033,-33.961118 18.459957,-33.960924 18.459686,-33.960635 18.455892,-33.958905 18.456119,-33.958751 18.456347,-33.958438 18.45826,-33.955614 18.458631,-33.955029 18.45886,-33.954262 18.461896,-33.95505 18.462102,-33.955187 18.462213,-33.955527 18.462485,-33.955643 18.462648,-33.955619 18.462916,-33.955216 18.463927,-33.955432 18.464118,-33.954988 18.46576,-33.952295 18.466923,-33.949695 18.466896,-33.949048 18.466519,-33.947362 18.465462,-33.944737 18.465024,-33.944219 18.464381,-33.943734 18.463407,-33.943375 18.462378,-33.943294 18.459886,-33.94341 18.459208,-33.943251 18.458745,-33.942988 18.458434,-33.942696 18.457696,-33.941333 18.457416,-33.941023 18.456914,-33.940742 18.455108,-33.940179 18.454212,-33.940119 18.452325,-33.940379 18.450913,-33.940298 18.449869,-33.940512 18.449405,-33.940505 18.448839,-33.940287 18.447936,-33.939446 18.447543,-33.939183 18.445947,-33.938614 18.446001,-33.938113 18.445942,-33.938078 18.443012,-33.937765 18.442896,-33.937781 18.442804,-33.93838 18.441811,-33.938837 18.441278,-33.938896</coordinates></LinearRing></outerBoundaryIs></Polygon>
  </Placemark>
  <Placemark id="Official_Planning_Suburbs.475">
	<name>FIRGROVE RURAL</name><description>5558192</description><styleUrl>#suburbStyle</styleUrl><Polygon><outerBoundaryIs><LinearRing><coordinates>18.792159,-34.053282 18.79181,-34.052983 18.790221,-34.052872 18.788889,-34.055153 18.796116,-34.059482 18.794936,-34.058907 18.793658,-34.058488 18.791839,-34.058146 18.789764,-34.058089 18.783795,-34.058752 18.782326,-34.058525 18.782261,-34.058413 18.782404,-34.058115 18.782216,-34.058039 18.781294,-34.059489 18.781378,-34.059568 18.782692,-34.05944 18.785129,-34.059048 18.785625,-34.059266 18.783943,-34.059616 18.78236,-34.060237 18.781133,-34.060366 18.780694,-34.062009 18.779721,-34.062381 18.778925,-34.062936 18.775992,-34.064058 18.777475,-34.066737 18.776779,-34.067378 18.773911,-34.070659 18.772325,-34.072323 18.771445,-34.072931 18.768706,-34.073392 18.769066,-34.073558 18.769696,-34.073678 18.769795,-34.074008 18.769828,-34.074737 18.769592,-34.075181 18.769682,-34.078084 18.768154,-34.081843 18.7687,-34.081906 18.773455,-34.083016 18.77523,-34.08378 18.776906,-34.084386 18.777704,-34.08455 18.77872,-34.08498 18.77942,-34.08499 18.77994,-34.08511 18.78045,-34.08536 18.78113,-34.08585 18.78245,-34.0862 18.78464,-34.08722 18.78557,-34.08752 18.78678,-34.08816 18.78765,-34.0884 18.78956,-34.08933 18.79017,-34.08977 18.79071,-34.08987 18.79305,-34.09109 18.79363,-34.09126 18.79398,-34.09127 18.79528,-34.09169 18.79561,-34.09192 18.79674,-34.09244 18.79788,-34.0927 18.79864,-34.09311 18.7997,-34.09353 18.80095,-34.09424 18.80245,-34.09485 18.80279,-34.09507 18.80347,-34.09518 18.80413,-34.09569 18.80572,-34.09655 18.80653,-34.0971 18.80683,-34.09746 18.80728,-34.0978 18.80872,-34.0986 18.81128,-34.09952 18.81187,-34.09961 18.81222,-34.09975 18.81295,-34.10015 18.813118,-34.100441 18.81339,-34.10052 18.813758,-34.100909 18.813931,-34.100972 18.815112,-34.100992 18.814912,-34.099836 18.815229,-34.099106 18.81596,-34.098239 18.815921,-34.097782 18.815704,-34.097632 18.815503,-34.097288 18.815499,-34.097006 18.814304,-34.095768 18.814557,-34.095599 18.813621,-34.094629 18.813856,-34.094472 18.814506,-34.094536 18.814507,-34.09443 18.814698,-34.094466 18.814894,-34.09435 18.815372,-34.094299 18.815382,-34.093217 18.815491,-34.093218 18.815493,-34.092984 18.814063,-34.092974 18.814067,-34.092487 18.812313,-34.092475 18.811593,-34.092956 18.809382,-34.090673 18.809004,-34.090224 18.808968,-34.089962 18.81352,-34.090236 18.814123,-34.090214 18.815601,-34.089797 18.819073,-34.089179 18.818841,-34.090105 18.819037,-34.090137 18.819997,-34.08632 18.819977,-34.085401 18.819867,-34.085013 18.818938,-34.085066 18.818664,-34.084855 18.817422,-34.08329 18.811207,-34.069262 18.810749,-34.067789 18.807187,-34.065675 18.809223,-34.063387 18.806041,-34.054007 18.797581,-34.053393 18.797602,-34.053446 18.794925,-34.053745 18.794275,-34.053599 18.79343,-34.053098 18.792829,-34.05306 18.792546,-34.05336 18.792269,-34.053376 18.792159,-34.053282</coordinates></LinearRing></outerBoundaryIs></Polygon>
  </Placemark>
  <Placemark id="Official_Planning_Suburbs.476">
	<name>DEACONVILLE</name><description>22178234</description><styleUrl>#suburbStyle</styleUrl><Polygon><outerBoundaryIs><LinearRing><coordinates>18.768239,-34.062709 18.769233,-34.061025 18.769154,-34.060604 18.768974,-34.060232 18.765166,-34.058073 18.765079,-34.058089 18.764485,-34.058931 18.764196,-34.059658 18.764301,-34.060483 18.764768,-34.061143 18.765295,-34.061621 18.76695,-34.062492 18.768239,-34.062709</coordinates></LinearRing></outerBoundaryIs></Polygon>
  </Placemark>
  <Placemark id="Official_Planning_Suburbs.477">
	<name>SMARTIE TOWN</name><description>22191676</description><styleUrl>#suburbStyle</styleUrl><Polygon><outerBoundaryIs><LinearRing><coordinates>18.748259,-34.057862 18.748094,-34.05785 18.747839,-34.058661 18.750122,-34.059197 18.750378,-34.058385 18.748259,-34.057862</coordinates></LinearRing></outerBoundaryIs></Polygon>
  </Placemark>
  <Placemark id="Official_Planning_Suburbs.478">
	<name>MACASSAR VILLAGE</name><description>22194188</description><styleUrl>#suburbStyle</styleUrl><Polygon><outerBoundaryIs><LinearRing><coordinates>18.753985,-34.05513 18.754614,-34.054249 18.755095,-34.053778 18.755929,-34.053337 18.755606,-34.052449 18.754416,-34.051286 18.752905,-34.050355 18.752298,-34.050135 18.750665,-34.049853 18.749506,-34.04969 18.749378,-34.04976 18.747433,-34.057564 18.748455,-34.057788 18.748639,-34.057269 18.748634,-34.05649 18.748876,-34.055151 18.751067,-34.05567 18.753038,-34.056334 18.753188,-34.056297 18.753985,-34.05513</coordinates></LinearRing></outerBoundaryIs></Polygon>
  </Placemark>
  <Placemark id="Official_Planning_Suburbs.479">
	<name>BELL GLEN</name><description>22199552</description><styleUrl>#suburbStyle</styleUrl><Polygon><outerBoundaryIs><LinearRing><coordinates>18.754362,-34.057558 18.753185,-34.056659 18.75242,-34.056321 18.749465,-34.055483 18.749048,-34.056657 18.749222,-34.057145 18.749328,-34.057292 18.749614,-34.057373 18.749572,-34.057475 18.750516,-34.057741 18.750558,-34.057639 18.750671,-34.05767 18.750637,-34.057753 18.751365,-34.058257 18.751341,-34.058316 18.751505,-34.058362 18.75142,-34.058572 18.751556,-34.059104 18.751128,-34.059706 18.751235,-34.059765 18.751158,-34.059861 18.75105,-34.059801 18.75088,-34.060012 18.75091,-34.060125 18.751965,-34.06071 18.752867,-34.060787 18.754197,-34.061095 18.756364,-34.062357 18.756369,-34.061829 18.755995,-34.059953 18.756485,-34.059307 18.755868,-34.058893 18.754362,-34.057558</coordinates></LinearRing></outerBoundaryIs></Polygon>
  </Placemark>
  <Placemark id="Official_Planning_Suburbs.480">
	<name>NEW MACASSAR</name><description>22201196</description><styleUrl>#suburbStyle</styleUrl><Polygon><outerBoundaryIs><LinearRing><coordinates>18.754615,-34.057177 18.753598,-34.056408 18.754021,-34.055771 18.753832,-34.055682 18.753363,-34.056368 18.75339,-34.056508 18.754227,-34.057109 18.756053,-34.058727 18.756766,-34.059206 18.757883,-34.059753 18.759182,-34.060268 18.759337,-34.06023 18.760987,-34.057928 18.760587,-34.057702 18.760505,-34.057818 18.760468,-34.057711 18.760314,-34.057636 18.760113,-34.057917 18.758782,-34.05726 18.759097,-34.056818 18.758659,-34.056602 18.75854,-34.056858 18.757552,-34.05637 18.757607,-34.056293 18.756731,-34.055861 18.756533,-34.05614 18.75568,-34.055719 18.754615,-34.057177</coordinates></LinearRing></outerBoundaryIs></Polygon>
  </Placemark>
  <Placemark id="Official_Planning_Suburbs.481">
	<name>KRAAIFONTEIN</name><description>5557800</description><styleUrl>#suburbStyle</styleUrl><Polygon><outerBoundaryIs><LinearRing><coordinates>18.709838,-33.803857 18.702003,-33.803717 18.694421,-33.809742 18.697943,-33.824104 18.698148,-33.823777 18.699178,-33.827932 18.709032,-33.829987 18.711071,-33.830555 18.714799,-33.831362 18.715686,-33.82845 18.714021,-33.82452 18.710701,-33.818194 18.717328,-33.816624 18.720421,-33.822068 18.720883,-33.823338 18.720969,-33.823836 18.721375,-33.824824 18.722994,-33.829996 18.723247,-33.830035 18.724299,-33.833316 18.724616,-33.833382 18.721543,-33.823812 18.720238,-33.821272 18.714089,-33.803971 18.709838,-33.803857</coordinates></LinearRing></outerBoundaryIs></Polygon>
  </Placemark>
  <Placemark id="Official_Planning_Suburbs.482">
	<name>FISANTEKRAAL</name><description>5558277</description><styleUrl>#suburbStyle</styleUrl><Polygon><outerBoundaryIs><LinearRing><coordinates>18.723304,-33.778673 18.723335,-33.778636 18.719747,-33.779434 18.719687,-33.779226 18.71925,-33.779354 18.71835,-33.779693 18.712479,-33.782374 18.711559,-33.788522 18.711729,-33.78871 18.711756,-33.788523 18.714929,-33.788541 18.723304,-33.778673</coordinates></LinearRing></outerBoundaryIs></Polygon>
  </Placemark>
  <Placemark id="Official_Planning_Suburbs.483">
	<name>UITZICHT</name><description>5557802</description><styleUrl>#suburbStyle</styleUrl><Polygon><outerBoundaryIs><LinearRing><coordinates>18.695846,-33.8202 18.696882,-33.819859 18.694421,-33.809742 18.682999,-33.818368 18.683039,-33.818459 18.67862,-33.820172 18.678586,-33.820107 18.675603,-33.821249 18.677301,-33.824219 18.679332,-33.823566 18.679473,-33.823548 18.679484,-33.823632 18.681116,-33.823305 18.68302,-33.823422 18.683239,-33.822454 18.688566,-33.82259 18.695846,-33.8202</coordinates></LinearRing></outerBoundaryIs></Polygon>
  </Placemark>
  <Placemark id="Official_Planning_Suburbs.484">
	<name>PAARL FARMS</name><description>5557794</description><styleUrl>#suburbStyle</styleUrl><Polygon><outerBoundaryIs><LinearRing><coordinates>18.770235,-33.729121 18.769232,-33.726838 18.771386,-33.721491 18.775565,-33.718869 18.774184,-33.717561 18.773317,-33.718382 18.772932,-33.718652 18.771695,-33.719285 18.770781,-33.719584 18.770225,-33.71993 18.769448,-33.720257 18.768673,-33.721134 18.76829,-33.721447 18.767134,-33.722148 18.765977,-33.723068 18.765591,-33.723284 18.764996,-33.723811 18.764385,-33.724501 18.762665,-33.726041 18.761798,-33.726572 18.758589,-33.728814 18.757789,-33.729215 18.755085,-33.729914 18.754636,-33.729981 18.752488,-33.729787 18.752167,-33.729827 18.751562,-33.730155 18.750477,-33.736529 18.749483,-33.740625 18.729421,-33.751106 18.731026,-33.769571 18.723372,-33.778592 18.746851,-33.774572 18.752449,-33.782595 18.760324,-33.786496 18.757103,-33.790912 18.722773,-33.794566 18.722839,-33.795161 18.723479,-33.795119 18.723286,-33.795772 18.724231,-33.796061 18.727143,-33.804329 18.714089,-33.803971 18.720238,-33.821272 18.721332,-33.82338 18.742952,-33.82257 18.742952,-33.823397 18.742518,-33.824217 18.739254,-33.834059 18.739044,-33.83442 18.751846,-33.830779 18.752688,-33.834249 18.753974,-33.833844 18.756734,-33.833424 18.768386,-33.832614 18.76777,-33.826218 18.785721,-33.82121 18.78573,-33.82128 18.78976,-33.82015 18.787971,-33.816525 18.784678,-33.803681 18.79624,-33.798154 18.809766,-33.78133 18.78743,-33.76651 18.788791,-33.76626 18.79352,-33.764938 18.806006,-33.761299 18.807626,-33.760541 18.810922,-33.758714 18.810099,-33.757758 18.809459,-33.740784 18.832997,-33.738174 18.825622,-33.731285 18.820611,-33.725893 18.820859,-33.725678 18.818197,-33.722315 18.81376,-33.729497 18.805783,-33.732848 18.799213,-33.729493 18.79193,-33.73252 18.770235,-33.729121</coordinates></LinearRing></outerBoundaryIs></Polygon>
  </Placemark>
  <Placemark id="Official_Planning_Suburbs.485">
	<name>NORTHPINE</name><description>5557888</description><styleUrl>#suburbStyle</styleUrl><Polygon><outerBoundaryIs><LinearRing><coordinates>18.7154,-33.875896 18.719439,-33.875691 18.719404,-33.874542 18.719453,-33.874456 18.719561,-33.874451 18.719412,-33.869849 18.719307,-33.869704 18.719241,-33.869263 18.719164,-33.866748 18.71836,-33.864614 18.717625,-33.863824 18.718796,-33.863055 18.716616,-33.860711 18.714887,-33.861764 18.712524,-33.863373 18.704561,-33.868493 18.706762,-33.870855 18.706224,-33.871203 18.710806,-33.87613 18.7154,-33.875896</coordinates></LinearRing></outerBoundaryIs></Polygon>
  </Placemark>
  <Placemark id="Official_Planning_Suburbs.486">
	<name>BLACKHEATH INDUSTRIA</name><description>5558078</description><styleUrl>#suburbStyle</styleUrl><Polygon><outerBoundaryIs><LinearRing><coordinates>18.698917,-33.956575 18.695647,-33.951633 18.692953,-33.952985 18.689557,-33.954843 18.687259,-33.955778 18.691319,-33.960264 18.690354,-33.963385 18.68904,-33.968629 18.687305,-33.975893 18.687378,-33.976053 18.692269,-33.976715 18.693349,-33.976616 18.697652,-33.974584 18.707285,-33.96948 18.703373,-33.963433 18.701715,-33.964128 18.699805,-33.961678 18.699644,-33.961497 18.699226,-33.96125 18.696363,-33.957565 18.699178,-33.95696 18.698917,-33.956575</coordinates></LinearRing></outerBoundaryIs></Polygon>
  </Placemark>
  <Placemark id="Official_Planning_Suburbs.487">
	<name>HOOGSTEDE</name><description>5557904</description><styleUrl>#suburbStyle</styleUrl><Polygon><outerBoundaryIs><LinearRing><coordinates>18.67435,-33.873089 18.674156,-33.872194 18.6743,-33.872003 18.674219,-33.871977 18.674148,-33.871667 18.673957,-33.871447 18.676508,-33.869675 18.680585,-33.867698 18.681759,-33.867023 18.683027,-33.866169 18.683032,-33.865888 18.681121,-33.867107 18.678578,-33.868369 18.663694,-33.874712 18.663822,-33.87493 18.668181,-33.873731 18.668961,-33.873654 18.669798,-33.873778 18.670627,-33.874224 18.671163,-33.874851 18.671919,-33.876333 18.672916,-33.879023 18.674728,-33.878749 18.675522,-33.878614 18.67435,-33.873089</coordinates></LinearRing></outerBoundaryIs></Polygon>
  </Placemark>
  <Placemark id="Official_Planning_Suburbs.488">
	<name>DURBANVILLE HILLS</name><description>5557851</description><styleUrl>#suburbStyle</styleUrl><Polygon><outerBoundaryIs><LinearRing><coordinates>18.63652,-33.845065 18.637007,-33.842983 18.635152,-33.843296 18.635005,-33.844357 18.634809,-33.844721 18.63419,-33.845392 18.638426,-33.853208 18.643896,-33.851066 18.644275,-33.847609 18.643147,-33.84752 18.642932,-33.846773 18.642484,-33.846019 18.642388,-33.845582 18.641522,-33.845758 18.641355,-33.845076 18.641112,-33.844982 18.641218,-33.844675 18.641161,-33.84422 18.638726,-33.844626 18.638715,-33.844965 18.637367,-33.844977 18.6365,-33.845157 18.63652,-33.845065</coordinates></LinearRing></outerBoundaryIs></Polygon>
  </Placemark>
  <Placemark id="Official_Planning_Suburbs.489">
	<name>SANDDRIFT</name><description>5557926</description><styleUrl>#suburbStyle</styleUrl><Polygon><outerBoundaryIs><LinearRing><coordinates>18.519968,-33.880941 18.521115,-33.88026 18.52106,-33.880085 18.511387,-33.87862 18.511367,-33.879251 18.510998,-33.880992 18.503476,-33.879821 18.502529,-33.879484 18.500987,-33.87872 18.502857,-33.883062 18.502721,-33.885286 18.504784,-33.885599 18.509757,-33.88599 18.509972,-33.885827 18.510157,-33.884951 18.510765,-33.885036 18.511271,-33.884994 18.514148,-33.88351 18.514452,-33.883162 18.514629,-33.882814 18.514913,-33.881584 18.515941,-33.88173 18.516957,-33.881766 18.51873,-33.881387 18.519968,-33.880941</coordinates></LinearRing></outerBoundaryIs></Polygon>
  </Placemark>
  <Placemark id="Official_Planning_Suburbs.490">
	<name>SUMMER GREENS</name><description>5557914</description><styleUrl>#suburbStyle</styleUrl><Polygon><outerBoundaryIs><LinearRing><coordinates>18.530133,-33.875159 18.529969,-33.873532 18.529314,-33.873763 18.52774,-33.875875 18.527166,-33.875611 18.526407,-33.876292 18.524365,-33.877829 18.523806,-33.880081 18.521889,-33.886771 18.521195,-33.888894 18.521032,-33.889836 18.5211,-33.889872 18.521077,-33.890251 18.523851,-33.887749 18.524689,-33.887133 18.52561,-33.886607 18.526876,-33.886017 18.528464,-33.885536 18.529846,-33.88528 18.531221,-33.885165 18.530133,-33.875159</coordinates></LinearRing></outerBoundaryIs></Polygon>
  </Placemark>
  <Placemark id="Official_Planning_Suburbs.491">
	<name>SIGNAL HILL / LIONS HEAD</name><description>5558008</description><styleUrl>#suburbStyle</styleUrl><Polygon><outerBoundaryIs><LinearRing><coordinates>18.409107,-33.913219 18.40486,-33.91199 18.403617,-33.911741 18.402167,-33.911894 18.401384,-33.912118 18.400754,-33.912448 18.3998,-33.913149 18.399614,-33.913126 18.399667,-33.913249 18.398368,-33.913771 18.39767,-33.913375 18.396164,-33.914547 18.395791,-33.915192 18.395412,-33.916269 18.396393,-33.916816 18.392957,-33.921034 18.393171,-33.921206 18.392838,-33.92467 18.389442,-33.928534 18.389256,-33.928455 18.38762,-33.928724 18.385839,-33.929427 18.385202,-33.929354 18.38445,-33.929905 18.383051,-33.930502 18.382573,-33.930526 18.382351,-33.93068 18.381621,-33.931729 18.380934,-33.931769 18.376788,-33.930286 18.37674,-33.930366 18.376929,-33.93048 18.377119,-33.931029 18.377747,-33.931766 18.378984,-33.932323 18.37967,-33.932495 18.379877,-33.93262 18.38008,-33.932934 18.380523,-33.933165 18.381275,-33.93716 18.379609,-33.937044 18.379075,-33.938 18.378556,-33.938566 18.378403,-33.938914 18.378472,-33.939291 18.378964,-33.939774 18.378917,-33.93999 18.378475,-33.940242 18.378438,-33.940174 18.37747,-33.939934 18.377414,-33.939863 18.376999,-33.940282 18.376792,-33.940912 18.3766,-33.94115 18.375701,-33.941549 18.37541,-33.941928 18.375441,-33.942417 18.375802,-33.943494 18.376024,-33.943908 18.376698,-33.944761 18.377447,-33.945436 18.377588,-33.945527 18.377886,-33.945109 18.377783,-33.944837 18.377753,-33.944266 18.377534,-33.943828 18.376979,-33.94322 18.376892,-33.942672 18.377052,-33.942292 18.377508,-33.941871 18.377915,-33.941353 18.378039,-33.940722 18.378622,-33.940918 18.379062,-33.940962 18.379266,-33.943528 18.378987,-33.943632 18.379696,-33.945146 18.381376,-33.942321 18.385507,-33.941182 18.388759,-33.940147 18.389834,-33.942528 18.390267,-33.942424 18.390994,-33.942457 18.392195,-33.941927 18.392526,-33.941642 18.392803,-33.941546 18.393579,-33.941568 18.394448,-33.942141 18.394867,-33.942059 18.395164,-33.941889 18.39652,-33.940496 18.396615,-33.94022 18.396515,-33.939525 18.39668,-33.939269 18.396933,-33.939137 18.39763,-33.939059 18.397975,-33.93889 18.398165,-33.93869 18.398283,-33.938382 18.398188,-33.93778 18.398346,-33.937431 18.39976,-33.936839 18.402138,-33.935063 18.402311,-33.934699 18.402524,-33.934479 18.402286,-33.934317 18.399441,-33.935102 18.398093,-33.935253 18.397482,-33.933884 18.397909,-33.932913 18.397888,-33.932441 18.397197,-33.931266 18.396994,-33.930072 18.397868,-33.928398 18.398345,-33.92788 18.399624,-33.927146 18.399844,-33.926446 18.399742,-33.926005 18.400057,-33.925634 18.400611,-33.925597 18.401961,-33.925163 18.402351,-33.924697 18.402382,-33.9243 18.402305,-33.92398 18.403077,-33.924432 18.404565,-33.92265 18.405044,-33.92359 18.405293,-33.923817 18.405299,-33.924096 18.40551,-33.924425 18.406265,-33.924639 18.406699,-33.923852 18.407556,-33.923592 18.404276,-33.918285 18.40624,-33.917138 18.409378,-33.9145 18.412265,-33.914662 18.413793,-33.913643 18.413134,-33.913087 18.412138,-33.913425 18.411338,-33.913797 18.409107,-33.913219</coordinates></LinearRing></outerBoundaryIs></Polygon>
  </Placemark>
  <Placemark id="Official_Planning_Suburbs.492">
	<name>CLIFTON</name><description>5558046</description><styleUrl>#suburbStyle</styleUrl><Polygon><outerBoundaryIs><LinearRing><coordinates>18.374887,-33.929618 18.374954,-33.929708 18.374898,-33.929802 18.375058,-33.929814 18.375052,-33.929912 18.37478,-33.929979 18.374959,-33.93002 18.375281,-33.930431 18.375244,-33.930508 18.375346,-33.930555 18.375315,-33.930645 18.375419,-33.930677 18.375376,-33.930796 18.37547,-33.930849 18.375503,-33.931313 18.375592,-33.931322 18.375512,-33.931468 18.375601,-33.93149 18.375464,-33.931551 18.375536,-33.93164 18.375434,-33.931724 18.375434,-33.932098 18.375102,-33.932361 18.37529,-33.932495 18.37562,-33.932549 18.375744,-33.932748 18.375792,-33.932656 18.376022,-33.932728 18.376085,-33.932669 18.376203,-33.932737 18.376473,-33.932716 18.376409,-33.932902 18.376533,-33.933051 18.376342,-33.933066 18.376661,-33.933291 18.376678,-33.933373 18.376577,-33.933348 18.376574,-33.933419 18.376891,-33.933646 18.377103,-33.934177 18.377289,-33.934925 18.377351,-33.935797 18.377084,-33.936743 18.377142,-33.937305 18.377084,-33.937533 18.377024,-33.937677 18.376747,-33.937911 18.376166,-33.938943 18.375718,-33.939276 18.375599,-33.939505 18.37494,-33.940114 18.374348,-33.940419 18.373906,-33.940833 18.373706,-33.940876 18.37343,-33.94071 18.372786,-33.940796 18.372191,-33.940681 18.371885,-33.940802 18.371647,-33.941076 18.371621,-33.941263 18.371358,-33.941542 18.371433,-33.941863 18.37182,-33.942448 18.371826,-33.942835 18.371981,-33.943345 18.371693,-33.943465 18.37113,-33.943251 18.370921,-33.943268 18.370835,-33.943514 18.371186,-33.944114 18.371436,-33.944274 18.371709,-33.944029 18.371897,-33.944047 18.371938,-33.944135 18.371791,-33.944223 18.371833,-33.944293 18.372334,-33.944367 18.372583,-33.944526 18.372623,-33.944755 18.37279,-33.944745 18.372831,-33.944618 18.373181,-33.944654 18.373271,-33.944748 18.373163,-33.944905 18.373333,-33.944956 18.373623,-33.945236 18.374727,-33.945372 18.374934,-33.945526 18.3754,-33.945518 18.375997,-33.945966 18.376434,-33.945949 18.376537,-33.945795 18.376847,-33.945991 18.377039,-33.946313 18.377427,-33.945944 18.377448,-33.945682 18.377588,-33.945527 18.376913,-33.944985 18.376024,-33.943908 18.375802,-33.943494 18.375441,-33.942417 18.37541,-33.941928 18.375701,-33.941549 18.3766,-33.94115 18.376792,-33.940912 18.376999,-33.940282 18.377414,-33.939863 18.37747,-33.939934 18.378438,-33.940174 18.378475,-33.940242 18.378917,-33.93999 18.378964,-33.939774 18.378472,-33.939291 18.378403,-33.938914 18.378556,-33.938566 18.379075,-33.938 18.379609,-33.937044 18.381275,-33.93716 18.380523,-33.933165 18.38008,-33.932934 18.379877,-33.93262 18.37967,-33.932495 18.378984,-33.932323 18.377747,-33.931766 18.377119,-33.931029 18.376929,-33.93048 18.37674,-33.930366 18.376788,-33.930286 18.374887,-33.929618</coordinates></LinearRing></outerBoundaryIs></Polygon>
  </Placemark>
  <Placemark id="Official_Planning_Suburbs.493">
	<name>TAFELSIG</name><description>5558189</description><styleUrl>#suburbStyle</styleUrl><Polygon><outerBoundaryIs><LinearRing><coordinates>18.65746,-34.065035 18.653144,-34.061318 18.651972,-34.060032 18.648925,-34.056349 18.643691,-34.049165 18.642574,-34.048069 18.641346,-34.047081 18.630367,-34.055912 18.629064,-34.056611 18.627598,-34.057157 18.623226,-34.05855 18.623335,-34.059438 18.623248,-34.060357 18.622355,-34.063341 18.622124,-34.064531 18.620959,-34.068168 18.620992,-34.069061 18.622214,-34.070726 18.623762,-34.071479 18.626346,-34.071613 18.627985,-34.071584 18.627789,-34.070964 18.629358,-34.070299 18.633379,-34.067945 18.635069,-34.067105 18.637102,-34.066464 18.638121,-34.066264 18.640703,-34.066073 18.640762,-34.065799 18.641359,-34.065825 18.654011,-34.065334 18.657013,-34.065928 18.658127,-34.066252 18.659015,-34.066369 18.65746,-34.065035</coordinates></LinearRing></outerBoundaryIs></Polygon>
  </Placemark>
  <Placemark id="Official_Planning_Suburbs.494">
	<name>BELHAR EXT 21</name><description>5558322</description><styleUrl>#suburbStyle</styleUrl><Polygon><outerBoundaryIs><LinearRing><coordinates>18.655073,-33.939455 18.648316,-33.941206 18.64752,-33.940873 18.647524,-33.941194 18.647667,-33.941173 18.647686,-33.94151 18.647798,-33.941753 18.647838,-33.94488 18.65128,-33.944858 18.653441,-33.946081 18.65553,-33.946218 18.657129,-33.945129 18.657379,-33.943838 18.655578,-33.942086 18.655225,-33.940406 18.655332,-33.940218 18.655267,-33.940228 18.655073,-33.939455</coordinates></LinearRing></outerBoundaryIs></Polygon>
  </Placemark>
  <Placemark id="Official_Planning_Suburbs.495">
	<name>MATROOSFONTEIN</name><description>5558058</description><styleUrl>#suburbStyle</styleUrl><Polygon><outerBoundaryIs><LinearRing><coordinates>18.577984,-33.937034 18.577939,-33.936967 18.572782,-33.937031 18.566468,-33.936964 18.566397,-33.943009 18.569203,-33.943 18.57271,-33.942681 18.577988,-33.942728 18.578045,-33.937369 18.577984,-33.937034</coordinates></LinearRing></outerBoundaryIs></Polygon>
  </Placemark>
  <Placemark id="Official_Planning_Suburbs.496">
	<name>CLARKES ESTATE</name><description>5558256</description><styleUrl>#suburbStyle</styleUrl><Polygon><outerBoundaryIs><LinearRing><coordinates>18.58431,-33.942668 18.583859,-33.937423 18.583831,-33.936178 18.57796,-33.936965 18.578045,-33.937274 18.577988,-33.942728 18.580302,-33.942748 18.581822,-33.942889 18.582569,-33.942675 18.584314,-33.942928 18.58431,-33.942668</coordinates></LinearRing></outerBoundaryIs></Polygon>
  </Placemark>
  <Placemark id="Official_Planning_Suburbs.497">
	<name>MODDERDAM</name><description>5558273</description><styleUrl>#suburbStyle</styleUrl><Polygon><outerBoundaryIs><LinearRing><coordinates>18.603711,-33.940699 18.603699,-33.9406 18.603639,-33.940609 18.596799,-33.942146 18.59672,-33.942008 18.593054,-33.942855 18.594898,-33.94599 18.595313,-33.946483 18.595939,-33.947021 18.596591,-33.947422 18.59731,-33.947734 18.598212,-33.947996 18.59928,-33.94719 18.600652,-33.946415 18.604209,-33.944896 18.603711,-33.940699</coordinates></LinearRing></outerBoundaryIs></Polygon>
  </Placemark>
  <Placemark id="Official_Planning_Suburbs.498">
	<name>BISHOP LAVIS</name><description>5558068</description><styleUrl>#suburbStyle</styleUrl><Polygon><outerBoundaryIs><LinearRing><coordinates>18.582992,-33.942737 18.582569,-33.942675 18.581822,-33.942889 18.580302,-33.942748 18.57271,-33.942681 18.569203,-33.943 18.566397,-33.943009 18.56633,-33.949055 18.572892,-33.949123 18.572863,-33.950208 18.576544,-33.952078 18.576499,-33.952194 18.579187,-33.95355 18.579344,-33.953342 18.580166,-33.953563 18.583643,-33.953776 18.585554,-33.953861 18.586186,-33.953757 18.586638,-33.954209 18.587279,-33.953761 18.587888,-33.954374 18.588346,-33.954068 18.589413,-33.954166 18.589507,-33.954097 18.589775,-33.95411 18.598212,-33.947996 18.59731,-33.947734 18.596591,-33.947422 18.595939,-33.947021 18.595313,-33.946483 18.594898,-33.94599 18.593054,-33.942855 18.590774,-33.943376 18.588655,-33.943703 18.587067,-33.943639 18.58633,-33.943534 18.585813,-33.943147 18.582992,-33.942737</coordinates></LinearRing></outerBoundaryIs></Polygon>
  </Placemark>
  <Placemark id="Official_Planning_Suburbs.499">
	<name>ADRIAANSE</name><description>5558252</description><styleUrl>#suburbStyle</styleUrl><Polygon><outerBoundaryIs><LinearRing><coordinates>18.592916,-33.942621 18.592424,-33.941984 18.591854,-33.941434 18.589306,-33.939661 18.588333,-33.938803 18.587847,-33.938141 18.587475,-33.937433 18.587031,-33.935774 18.583831,-33.936178 18.583859,-33.937423 18.584314,-33.942928 18.585813,-33.943147 18.58633,-33.943534 18.587067,-33.943639 18.588655,-33.943703 18.590774,-33.943376 18.593088,-33.942847 18.592916,-33.942621</coordinates></LinearRing></outerBoundaryIs></Polygon>
  </Placemark>
  <Placemark id="Official_Planning_Suburbs.500">
	<name>NONQUBELA</name><description>5558158</description><styleUrl>#suburbStyle</styleUrl><Polygon><outerBoundaryIs><LinearRing><coordinates>18.662642,-34.01593 18.656647,-34.015983 18.655933,-34.017025 18.655535,-34.017398 18.657157,-34.017684 18.658947,-34.018424 18.659831,-34.019159 18.660303,-34.019699 18.660624,-34.020198 18.661223,-34.021635 18.664064,-34.029474 18.666294,-34.028881 18.671268,-34.029605 18.671894,-34.029581 18.67234,-34.029538 18.672897,-34.029377 18.675413,-34.028507 18.674021,-34.025893 18.670268,-34.020404 18.66945,-34.019728 18.666495,-34.018314 18.664117,-34.01643 18.663374,-34.016094 18.662642,-34.01593</coordinates></LinearRing></outerBoundaryIs></Polygon>
  </Placemark>
  <Placemark id="Official_Planning_Suburbs.501">
	<name>SABATA DALINDYEBO SQUARE</name><description>5558164</description><styleUrl>#suburbStyle</styleUrl><Polygon><outerBoundaryIs><LinearRing><coordinates>18.679017,-34.029939 18.677835,-34.025159 18.677371,-34.024307 18.67401,-34.025899 18.674799,-34.02725 18.67661,-34.030958 18.677823,-34.034404 18.67839,-34.035704 18.679083,-34.036837 18.679841,-34.037799 18.68171,-34.036881 18.679948,-34.033849 18.679502,-34.031837 18.679405,-34.031874 18.679017,-34.029939</coordinates></LinearRing></outerBoundaryIs></Polygon>
  </Placemark>
  <Placemark id="Official_Planning_Suburbs.502">
	<name>EYETHU</name><description>5558169</description><styleUrl>#suburbStyle</styleUrl><Polygon><outerBoundaryIs><LinearRing><coordinates>18.675925,-34.029536 18.675413,-34.028507 18.672897,-34.029377 18.67234,-34.029538 18.671894,-34.029581 18.671268,-34.029605 18.666294,-34.028881 18.664064,-34.029474 18.668219,-34.040885 18.670725,-34.040059 18.677299,-34.03885 18.678472,-34.03847 18.679856,-34.037822 18.679083,-34.036837 18.67839,-34.035704 18.677823,-34.034404 18.676804,-34.031407 18.675925,-34.029536</coordinates></LinearRing></outerBoundaryIs></Polygon>
  </Placemark>
  <Placemark id="Official_Planning_Suburbs.503">
	<name>SCOTTSDENE</name><description>5557880</description><styleUrl>#suburbStyle</styleUrl><Polygon><outerBoundaryIs><LinearRing><coordinates>18.724744,-33.859309 18.723522,-33.85739 18.718961,-33.860115 18.717701,-33.860071 18.716616,-33.860711 18.718797,-33.863064 18.717625,-33.863824 18.71836,-33.864614 18.719164,-33.866748 18.719241,-33.869263 18.719307,-33.869704 18.719412,-33.869849 18.719561,-33.874451 18.719453,-33.874456 18.719404,-33.874542 18.719591,-33.880539 18.724839,-33.877479 18.727405,-33.880703 18.73217,-33.878153 18.730261,-33.874314 18.734508,-33.871835 18.732692,-33.869042 18.732854,-33.868742 18.729406,-33.863692 18.726276,-33.858822 18.724947,-33.859648 18.724744,-33.859309</coordinates></LinearRing></outerBoundaryIs></Polygon>
  </Placemark>
  <Placemark id="Official_Planning_Suburbs.504">
	<name>PAREL VALLEI</name><description>5558479</description><styleUrl>#suburbStyle</styleUrl><Polygon><outerBoundaryIs><LinearRing><coordinates>18.854819,-34.064826 18.854573,-34.062973 18.851578,-34.06331 18.852202,-34.065912 18.851466,-34.067041 18.850484,-34.068288 18.849636,-34.069134 18.848546,-34.070627 18.849358,-34.072259 18.852428,-34.073636 18.855836,-34.075879 18.855982,-34.076053 18.862659,-34.070351 18.862843,-34.066467 18.859195,-34.065792 18.859413,-34.064636 18.859333,-34.064633 18.856141,-34.064904 18.856086,-34.065167 18.855722,-34.065821 18.855011,-34.066368 18.8553,-34.064975 18.854844,-34.065014 18.854819,-34.064826</coordinates></LinearRing></outerBoundaryIs></Polygon>
  </Placemark>
  <Placemark id="Official_Planning_Suburbs.505">
	<name>SUNNINGDALE</name><description>5557799</description><styleUrl>#suburbStyle</styleUrl><Polygon><outerBoundaryIs><LinearRing><coordinates>18.485296,-33.785903 18.477908,-33.786496 18.475334,-33.787029 18.474777,-33.78695 18.475906,-33.790468 18.476234,-33.792081 18.476351,-33.792292 18.47665,-33.794111 18.477217,-33.795125 18.477598,-33.794977 18.47824,-33.796126 18.484939,-33.808151 18.488121,-33.814347 18.488607,-33.815505 18.492974,-33.81521 18.492936,-33.815044 18.494115,-33.814971 18.493673,-33.809912 18.494365,-33.805744 18.486703,-33.791431 18.485895,-33.78826 18.48505,-33.788409 18.484846,-33.787624 18.485715,-33.787554 18.485296,-33.785903</coordinates></LinearRing></outerBoundaryIs></Polygon>
  </Placemark>
  <Placemark id="Official_Planning_Suburbs.506">
	<name>BLUE DOWNS CBD</name><description>5558120</description><styleUrl>#suburbStyle</styleUrl><Polygon><outerBoundaryIs><LinearRing><coordinates>18.687273,-33.975892 18.681941,-33.975115 18.682234,-33.977031 18.680829,-33.97699 18.680475,-33.979195 18.680974,-33.982414 18.680843,-33.98269 18.683234,-33.983558 18.683485,-33.985325 18.690785,-33.987232 18.691845,-33.982261 18.694887,-33.981598 18.695296,-33.98144 18.695239,-33.981384 18.695167,-33.981426 18.693222,-33.976627 18.692269,-33.976715 18.691819,-33.976666 18.687378,-33.976053 18.687273,-33.975892</coordinates></LinearRing></outerBoundaryIs></Polygon>
  </Placemark>
  <Placemark id="Official_Planning_Suburbs.507">
	<name>HELDERVUE</name><description>5558396</description><styleUrl>#suburbStyle</styleUrl><Polygon><outerBoundaryIs><LinearRing><coordinates>18.821344,-34.055475 18.820967,-34.055463 18.814117,-34.053657 18.81408,-34.05375 18.81548,-34.05411 18.81447,-34.0568 18.812963,-34.056291 18.813809,-34.058356 18.809611,-34.062963 18.813443,-34.064587 18.81355,-34.064493 18.815132,-34.065051 18.821591,-34.068053 18.825295,-34.069434 18.829083,-34.060868 18.829434,-34.059735 18.829608,-34.058775 18.829639,-34.05719 18.824764,-34.055093 18.823462,-34.055541 18.821344,-34.055475</coordinates></LinearRing></outerBoundaryIs></Polygon>
  </Placemark>
  <Placemark id="Official_Planning_Suburbs.508">
	<name>JACARANDAS</name><description>5558051</description><styleUrl>#suburbStyle</styleUrl><Polygon><outerBoundaryIs><LinearRing><coordinates>18.707316,-33.927124 18.707545,-33.925495 18.707839,-33.924232 18.708324,-33.922691 18.700672,-33.927364 18.698897,-33.926935 18.698758,-33.932891 18.699438,-33.932962 18.701916,-33.931646 18.702364,-33.933192 18.698909,-33.935141 18.700581,-33.935605 18.701313,-33.935706 18.702782,-33.935786 18.707099,-33.935667 18.707222,-33.928057 18.707316,-33.927124</coordinates></LinearRing></outerBoundaryIs></Polygon>
  </Placemark>
  <Placemark id="Official_Planning_Suburbs.509">
	<name>GUGULETU</name><description>5558100</description><styleUrl>#suburbStyle</styleUrl><Polygon><outerBoundaryIs><LinearRing><coordinates>18.573666,-33.967508 18.572135,-33.965878 18.571141,-33.96509 18.569991,-33.964365 18.567961,-33.963458 18.562589,-33.961803 18.562033,-33.96723 18.561887,-33.96974 18.561544,-33.972097 18.561008,-33.977407 18.560018,-33.989804 18.559883,-33.990845 18.559464,-33.990722 18.559323,-33.99293 18.558483,-34.000092 18.55842,-34.001969 18.561801,-34.002506 18.56741,-34.002461 18.56988,-34.002266 18.569779,-34.001288 18.573805,-34.000982 18.57365,-34.000436 18.572802,-33.990056 18.572944,-33.989579 18.577242,-33.982979 18.573934,-33.981623 18.574484,-33.980849 18.575503,-33.979073 18.586844,-33.983559 18.587272,-33.982851 18.587569,-33.981926 18.585426,-33.980432 18.584533,-33.979648 18.573666,-33.967508</coordinates></LinearRing></outerBoundaryIs></Polygon>
  </Placemark>
  <Placemark id="Official_Planning_Suburbs.510">
	<name>LAKESIDE</name><description>5558201</description><styleUrl>#suburbStyle</styleUrl><Polygon><outerBoundaryIs><LinearRing><coordinates>18.456222,-34.079393 18.450129,-34.079414 18.449225,-34.079474 18.453831,-34.084762 18.450234,-34.087068 18.450049,-34.087082 18.449768,-34.087258 18.449922,-34.087775 18.450176,-34.088112 18.450779,-34.088549 18.452393,-34.089323 18.453459,-34.089971 18.456046,-34.090457 18.456718,-34.090649 18.457477,-34.091196 18.458424,-34.092667 18.458834,-34.093108 18.45935,-34.093345 18.460922,-34.093665 18.46198,-34.094114 18.462646,-34.094554 18.46337,-34.095195 18.463861,-34.095785 18.464222,-34.096417 18.464463,-34.096142 18.465556,-34.096857 18.465179,-34.095575 18.465976,-34.095164 18.46674,-34.096177 18.467634,-34.095631 18.466806,-34.090953 18.465949,-34.089482 18.465237,-34.089277 18.465164,-34.089314 18.464707,-34.089095 18.463429,-34.088279 18.462565,-34.087861 18.462543,-34.087503 18.463302,-34.080915 18.462308,-34.080951 18.461408,-34.081124 18.45832,-34.082037 18.457603,-34.082523 18.45738,-34.08252 18.457121,-34.08266 18.455576,-34.083634 18.455566,-34.083044 18.456222,-34.079393</coordinates></LinearRing></outerBoundaryIs></Polygon>
  </Placemark>
  <Placemark id="Official_Planning_Suburbs.511">
	<name>SOMERSET WEST BUSINESS PARK</name><description>22024526</description><styleUrl>#suburbStyle</styleUrl><Polygon><outerBoundaryIs><LinearRing><coordinates>18.855966,-34.100895 18.853906,-34.098886 18.853311,-34.099067 18.852173,-34.099589 18.850285,-34.101108 18.850744,-34.101504 18.851337,-34.101026 18.851627,-34.100929 18.855466,-34.104522 18.856958,-34.105728 18.859348,-34.103516 18.858537,-34.102886 18.858241,-34.10315 18.857515,-34.102617 18.857081,-34.102472 18.857522,-34.102074 18.856483,-34.101382 18.855966,-34.100895</coordinates></LinearRing></outerBoundaryIs></Polygon>
  </Placemark>
  <Placemark id="Official_Planning_Suburbs.512">
	<name>CROYDON VINEYARD ESTATE</name><description>55117487</description><styleUrl>#suburbStyle</styleUrl><Polygon><outerBoundaryIs><LinearRing><coordinates>18.749984,-34.043651 18.758089,-34.040948 18.758135,-34.040865 18.757566,-34.040463 18.755362,-34.038437 18.751459,-34.034613 18.750741,-34.03516 18.750222,-34.035706 18.749924,-34.036219 18.749748,-34.036857 18.749648,-34.038166 18.74982,-34.043706 18.749984,-34.043651</coordinates></LinearRing></outerBoundaryIs></Polygon>
  </Placemark>
  <Placemark id="Official_Planning_Suburbs.513">
	<name>CROYDON OLIVE ESTATE</name><description>55118345</description><styleUrl>#suburbStyle</styleUrl><Polygon><outerBoundaryIs><LinearRing><coordinates>18.755741,-34.045663 18.763126,-34.043019 18.758135,-34.040865 18.758089,-34.040948 18.749821,-34.043707 18.75168,-34.045281 18.754075,-34.046252 18.755741,-34.045663</coordinates></LinearRing></outerBoundaryIs></Polygon>
  </Placemark>
  <Placemark id="Official_Planning_Suburbs.514">
	<name>MONTAGUE GARDENS</name><description>5557867</description><styleUrl>#suburbStyle</styleUrl><Polygon><outerBoundaryIs><LinearRing><coordinates>18.529509,-33.868688 18.529482,-33.86697 18.52965,-33.864586 18.531353,-33.855309 18.529587,-33.855066 18.528655,-33.853889 18.528211,-33.853474 18.527133,-33.852852 18.522815,-33.851414 18.521842,-33.85102 18.519378,-33.850265 18.515564,-33.856253 18.512598,-33.860527 18.515009,-33.861677 18.517474,-33.869175 18.517786,-33.869161 18.517818,-33.86977 18.517955,-33.870331 18.520529,-33.878097 18.520987,-33.878784 18.521911,-33.879651 18.526407,-33.876292 18.527166,-33.875611 18.52774,-33.875875 18.529314,-33.873763 18.529969,-33.873532 18.52955,-33.869702 18.529509,-33.868688</coordinates></LinearRing></outerBoundaryIs></Polygon>
  </Placemark>
  <Placemark id="Official_Planning_Suburbs.515">
	<name>MARCONI BEAM</name><description>5557889</description><styleUrl>#suburbStyle</styleUrl><Polygon><outerBoundaryIs><LinearRing><coordinates>18.517474,-33.869175 18.515009,-33.861677 18.512598,-33.860527 18.508671,-33.866128 18.499635,-33.877926 18.500987,-33.87872 18.502386,-33.879413 18.503476,-33.879821 18.510998,-33.880992 18.511367,-33.879251 18.511387,-33.87862 18.52106,-33.880085 18.521115,-33.88026 18.521911,-33.879651 18.520987,-33.878784 18.520529,-33.878097 18.517955,-33.870331 18.517818,-33.86977 18.517786,-33.869161 18.517474,-33.869175</coordinates></LinearRing></outerBoundaryIs><innerBoundaryIs><LinearRing><coordinates>18.50692,-33.871791 18.508895,-33.869202 18.509891,-33.869733 18.50939,-33.870386 18.509798,-33.872018 18.509306,-33.872789 18.508256,-33.874103 18.508116,-33.874128 18.508273,-33.874274 18.508667,-33.875752 18.508406,-33.876957 18.507929,-33.876885 18.507703,-33.877401 18.506353,-33.877197 18.506314,-33.877379 18.505296,-33.877225 18.50438,-33.876713 18.505263,-33.875536 18.503343,-33.87447 18.503648,-33.874072 18.503904,-33.874208 18.505664,-33.871902 18.506534,-33.872157 18.50692,-33.871791</coordinates></LinearRing></innerBoundaryIs><innerBoundaryIs><LinearRing><coordinates>18.511131,-33.869788 18.511401,-33.869435 18.51375,-33.870687 18.512297,-33.87293 18.511643,-33.874239 18.511271,-33.875519 18.511145,-33.876436 18.51114,-33.877371 18.508578,-33.876983 18.508843,-33.875734 18.508445,-33.874251 18.508483,-33.874068 18.509913,-33.87216 18.509561,-33.870612 18.509582,-33.870403 18.510036,-33.869811 18.510801,-33.870219 18.511131,-33.869788</coordinates></LinearRing></innerBoundaryIs></Polygon>
  </Placemark>
  <Placemark id="Official_Planning_Suburbs.516">
	<name>KALKFONTEIN</name><description>79765469</description><styleUrl>#suburbStyle</styleUrl><Polygon><outerBoundaryIs><LinearRing><coordinates>18.662016,-33.940872 18.659961,-33.94061 18.658592,-33.947341 18.659472,-33.947527 18.664963,-33.949089 18.665168,-33.948346 18.66639,-33.948647 18.666456,-33.947662 18.666718,-33.947802 18.666767,-33.945838 18.670511,-33.945595 18.671117,-33.945708 18.671266,-33.944825 18.671454,-33.94428 18.671731,-33.943761 18.672574,-33.942577 18.670753,-33.942261 18.670783,-33.941846 18.67025,-33.941819 18.666882,-33.941271 18.66688,-33.941361 18.662088,-33.940634 18.662016,-33.940872</coordinates></LinearRing></outerBoundaryIs></Polygon>
  </Placemark>
  <Placemark id="Official_Planning_Suburbs.517">
	<name>BELHAR EXT 22</name><description>5558324</description><styleUrl>#suburbStyle</styleUrl><Polygon><outerBoundaryIs><LinearRing><coordinates>18.660484,-33.93804 18.655072,-33.939449 18.655267,-33.940228 18.655332,-33.940218 18.655225,-33.940406 18.655578,-33.942086 18.657379,-33.943838 18.657129,-33.945129 18.655611,-33.946184 18.655812,-33.947077 18.654304,-33.948914 18.655074,-33.949719 18.655506,-33.949447 18.655811,-33.949775 18.658027,-33.950115 18.660484,-33.93804</coordinates></LinearRing></outerBoundaryIs></Polygon>
  </Placemark>
  <Placemark id="Official_Planning_Suburbs.518">
	<name>OOSTERZEE-BELLVILLE</name><description>5557949</description><styleUrl>#suburbStyle</styleUrl><Polygon><outerBoundaryIs><LinearRing><coordinates>18.610477,-33.894316 18.610067,-33.890034 18.610143,-33.889414 18.605307,-33.889714 18.605493,-33.894356 18.602246,-33.894352 18.601276,-33.894434 18.601895,-33.903073 18.605897,-33.902387 18.611069,-33.902005 18.610477,-33.894316</coordinates></LinearRing></outerBoundaryIs></Polygon>
  </Placemark>
  <Placemark id="Official_Planning_Suburbs.519">
	<name>TRANSNET MARSHALLING YARD</name><description>5557978</description><styleUrl>#suburbStyle</styleUrl><Polygon><outerBoundaryIs><LinearRing><coordinates>18.627175,-33.904526 18.626774,-33.902596 18.625442,-33.902788 18.624318,-33.902794 18.622995,-33.903953 18.622362,-33.90462 18.620891,-33.904614 18.619392,-33.904703 18.609588,-33.906167 18.609442,-33.906447 18.610573,-33.906301 18.610933,-33.906895 18.616857,-33.9064 18.61867,-33.908039 18.61929,-33.913579 18.61693,-33.918832 18.617568,-33.919948 18.617563,-33.923303 18.622981,-33.923244 18.622753,-33.925209 18.621148,-33.928199 18.618088,-33.928207 18.620586,-33.932986 18.631254,-33.92625 18.63094,-33.925312 18.630902,-33.924658 18.630982,-33.924266 18.633238,-33.91876 18.633685,-33.917329 18.633624,-33.916325 18.632173,-33.908401 18.633499,-33.908732 18.63391,-33.907657 18.641874,-33.906939 18.641904,-33.907072 18.64296,-33.907016 18.643233,-33.906992 18.643224,-33.906889 18.64632,-33.906601 18.646336,-33.906717 18.647771,-33.906583 18.647754,-33.906478 18.648875,-33.906401 18.649069,-33.906462 18.649153,-33.90639 18.648476,-33.906042 18.643025,-33.906514 18.640001,-33.906535 18.64,-33.906482 18.639451,-33.906477 18.636743,-33.906616 18.636566,-33.906667 18.636326,-33.906896 18.632295,-33.906418 18.632271,-33.906571 18.63061,-33.906318 18.627376,-33.905463 18.627175,-33.904526</coordinates></LinearRing></outerBoundaryIs></Polygon>
  </Placemark>
  <Placemark id="Official_Planning_Suburbs.520">
	<name>PLATTEKLOOF 1</name><description>5558288</description><styleUrl>#suburbStyle</styleUrl><Polygon><outerBoundaryIs><LinearRing><coordinates>18.599868,-33.884276 18.597026,-33.880523 18.595729,-33.876449 18.594445,-33.87705 18.584299,-33.88249 18.584874,-33.885092 18.587998,-33.884512 18.588884,-33.88442 18.590301,-33.884486 18.591853,-33.884725 18.592923,-33.885008 18.593671,-33.88529 18.599033,-33.888125 18.599167,-33.887959 18.599295,-33.887521 18.599963,-33.887641 18.600307,-33.885165 18.600139,-33.884933 18.600165,-33.884672 18.599868,-33.884276</coordinates></LinearRing></outerBoundaryIs></Polygon>
  </Placemark>
  <Placemark id="Official_Planning_Suburbs.521">
	<name>AVONDALE - PAROW</name><description>71230278</description><styleUrl>#suburbStyle</styleUrl><Polygon><outerBoundaryIs><LinearRing><coordinates>18.60361,-33.889748 18.602726,-33.889652 18.601602,-33.889409 18.600958,-33.889187 18.601021,-33.890083 18.600069,-33.890078 18.600076,-33.890363 18.599889,-33.890363 18.599892,-33.890079 18.59752,-33.890071 18.597499,-33.891704 18.596418,-33.891703 18.596559,-33.891795 18.596547,-33.894313 18.597466,-33.894316 18.597148,-33.898872 18.596704,-33.90334 18.596779,-33.903983 18.601895,-33.903073 18.601276,-33.894434 18.602246,-33.894352 18.605493,-33.894356 18.605307,-33.889714 18.60361,-33.889748</coordinates></LinearRing></outerBoundaryIs></Polygon>
  </Placemark>
  <Placemark id="Official_Planning_Suburbs.522">
	<name>VREDELUST BELLVILLE</name><description>5558290</description><styleUrl>#suburbStyle</styleUrl><Polygon><outerBoundaryIs><LinearRing><coordinates>18.611082,-33.902004 18.614736,-33.9018 18.613583,-33.88919 18.610143,-33.889414 18.610089,-33.890333 18.610617,-33.895751 18.611082,-33.902004</coordinates></LinearRing></outerBoundaryIs></Polygon>
  </Placemark>
  <Placemark id="Official_Planning_Suburbs.523">
	<name>BOSBELL</name><description>5558349</description><styleUrl>#suburbStyle</styleUrl><Polygon><outerBoundaryIs><LinearRing><coordinates>18.627598,-33.894892 18.627586,-33.894822 18.626065,-33.894938 18.624826,-33.895601 18.625004,-33.897784 18.625073,-33.897828 18.627585,-33.897684 18.627525,-33.897544 18.62769,-33.896834 18.627626,-33.896473 18.627704,-33.896022 18.627616,-33.895767 18.627665,-33.895311 18.627598,-33.894892</coordinates></LinearRing></outerBoundaryIs></Polygon>
  </Placemark>
  <Placemark id="Official_Planning_Suburbs.524">
	<name>KENRIDGE</name><description>71209238</description><styleUrl>#suburbStyle</styleUrl><Polygon><outerBoundaryIs><LinearRing><coordinates>18.639504,-33.855069 18.639415,-33.855042 18.639152,-33.854577 18.634187,-33.845392 18.630636,-33.84878 18.632029,-33.854562 18.631916,-33.854581 18.632748,-33.857941 18.632777,-33.858714 18.632647,-33.859831 18.632767,-33.862922 18.63337,-33.868863 18.633901,-33.869067 18.636657,-33.871402 18.637337,-33.871713 18.638452,-33.871934 18.640573,-33.862881 18.642402,-33.858891 18.641375,-33.858471 18.639504,-33.855069</coordinates></LinearRing></outerBoundaryIs></Polygon>
  </Placemark>
  <Placemark id="Official_Planning_Suburbs.525">
	<name>DE BRON</name><description>88665932</description><styleUrl>#suburbStyle</styleUrl><Polygon><outerBoundaryIs><LinearRing><coordinates>18.630823,-33.849589 18.630636,-33.84878 18.628693,-33.850633 18.628178,-33.852063 18.627565,-33.855872 18.627236,-33.85613 18.627166,-33.860419 18.628734,-33.860304 18.629282,-33.860434 18.629664,-33.86067 18.630295,-33.86124 18.630904,-33.862184 18.631243,-33.862503 18.632002,-33.862811 18.632769,-33.862834 18.632647,-33.859831 18.632777,-33.858714 18.632748,-33.857941 18.631916,-33.854581 18.632029,-33.854562 18.630823,-33.849589</coordinates></LinearRing></outerBoundaryIs></Polygon>
  </Placemark>
  <Placemark id="Official_Planning_Suburbs.526">
	<name>EVERSDAL </name><description>71209436</description><styleUrl>#suburbStyle</styleUrl><MultiGeometry><Polygon><outerBoundaryIs><LinearRing><coordinates>18.656685,-33.852456 18.656029,-33.849919 18.651869,-33.851397 18.652232,-33.853705 18.650812,-33.853068 18.649995,-33.852974 18.649167,-33.852989 18.64905,-33.855203 18.652891,-33.854015 18.653195,-33.854178 18.651694,-33.858041 18.648986,-33.857747 18.647277,-33.857397 18.647124,-33.857512 18.646769,-33.859178 18.64665,-33.859235 18.643979,-33.859195 18.643839,-33.859111 18.642904,-33.859064 18.642402,-33.858891 18.641325,-33.861222 18.641753,-33.861366 18.641865,-33.861303 18.642693,-33.861684 18.642963,-33.862271 18.643252,-33.862241 18.64344,-33.863494 18.643586,-33.863815 18.643894,-33.864041 18.644125,-33.864111 18.644505,-33.863856 18.644457,-33.864191 18.644208,-33.864261 18.644131,-33.864724 18.64443,-33.864759 18.644543,-33.86489 18.644756,-33.864794 18.645231,-33.864847 18.645249,-33.864779 18.645607,-33.864817 18.645734,-33.864938 18.645851,-33.864849 18.646987,-33.864983 18.647012,-33.864897 18.647353,-33.864944 18.647253,-33.865491 18.647588,-33.866062 18.647663,-33.867102 18.647976,-33.867334 18.64804,-33.867573 18.647567,-33.868566 18.64721,-33.868768 18.647263,-33.868833 18.646483,-33.869105 18.646603,-33.869397 18.645728,-33.869614 18.646153,-33.871019 18.64481,-33.87136 18.644724,-33.871535 18.644952,-33.872174 18.647531,-33.87155 18.648052,-33.871583 18.649336,-33.8719 18.649684,-33.870945 18.651349,-33.867948 18.651761,-33.867566 18.652188,-33.867299 18.656803,-33.864695 18.655778,-33.862905 18.655086,-33.863306 18.655773,-33.858627 18.656494,-33.855711 18.66079,-33.856838 18.662348,-33.851091 18.65678,-33.852811 18.656685,-33.852456</coordinates></LinearRing></outerBoundaryIs></Polygon><Polygon><outerBoundaryIs><LinearRing><coordinates>18.657893,-33.848989 18.657817,-33.848928 18.65833,-33.846639 18.657521,-33.846594 18.655432,-33.846818 18.655706,-33.849286 18.657837,-33.849291 18.657893,-33.848989</coordinates></LinearRing></outerBoundaryIs></Polygon></MultiGeometry>
  </Placemark>
  <Placemark id="Official_Planning_Suburbs.527">
	<name>PROTEA VALLEY</name><description>71203303</description><styleUrl>#suburbStyle</styleUrl><Polygon><outerBoundaryIs><LinearRing><coordinates>18.618443,-33.859139 18.616922,-33.858999 18.613829,-33.859271 18.613832,-33.859575 18.613451,-33.859319 18.61341,-33.859386 18.613593,-33.859839 18.613711,-33.861031 18.610866,-33.861385 18.60878,-33.861901 18.608713,-33.862217 18.608581,-33.862072 18.607832,-33.861998 18.607537,-33.862426 18.605863,-33.863708 18.608179,-33.8694 18.608791,-33.869101 18.608899,-33.869128 18.611,-33.868116 18.611174,-33.868414 18.611298,-33.868332 18.611228,-33.868286 18.611214,-33.86804 18.62071,-33.866563 18.620226,-33.859377 18.618443,-33.859139</coordinates></LinearRing></outerBoundaryIs></Polygon>
  </Placemark>
  <Placemark id="Official_Planning_Suburbs.528">
	<name>ROSENDAL</name><description>5557890</description><styleUrl>#suburbStyle</styleUrl><Polygon><outerBoundaryIs><LinearRing><coordinates>18.641547,-33.861296 18.641325,-33.861222 18.640708,-33.862501 18.640117,-33.864797 18.64113,-33.864958 18.642016,-33.867164 18.643771,-33.868852 18.643495,-33.869052 18.643245,-33.868815 18.641957,-33.869758 18.642896,-33.870648 18.643238,-33.872561 18.644952,-33.872174 18.644724,-33.871535 18.64481,-33.87136 18.646153,-33.871019 18.645728,-33.869614 18.646603,-33.869397 18.646483,-33.869105 18.647263,-33.868833 18.64721,-33.868768 18.647567,-33.868566 18.64804,-33.867573 18.647976,-33.867334 18.647663,-33.867102 18.647588,-33.866062 18.647253,-33.865491 18.647353,-33.864944 18.647012,-33.864897 18.646987,-33.864983 18.645851,-33.864849 18.645734,-33.864938 18.645607,-33.864817 18.645249,-33.864779 18.645231,-33.864847 18.644756,-33.864794 18.644543,-33.86489 18.64443,-33.864759 18.644131,-33.864724 18.644208,-33.864261 18.644457,-33.864191 18.644505,-33.863856 18.644125,-33.864111 18.643894,-33.864041 18.643586,-33.863815 18.64344,-33.863494 18.643252,-33.862241 18.642963,-33.862271 18.642693,-33.861684 18.641865,-33.861303 18.641753,-33.861366 18.641547,-33.861296</coordinates></LinearRing></outerBoundaryIs></Polygon>
  </Placemark>
  <Placemark id="Official_Planning_Suburbs.529">
	<name>WELGEMOED</name><description>5557898</description><styleUrl>#suburbStyle</styleUrl><Polygon><outerBoundaryIs><LinearRing><coordinates>18.620669,-33.866577 18.611214,-33.86804 18.611228,-33.868286 18.611298,-33.868332 18.611174,-33.868414 18.611,-33.868116 18.610785,-33.868187 18.599906,-33.873447 18.595427,-33.875537 18.596662,-33.879264 18.613754,-33.877043 18.617672,-33.878489 18.617695,-33.878351 18.61785,-33.878386 18.617872,-33.878479 18.618787,-33.878822 18.621559,-33.877247 18.621997,-33.877827 18.622094,-33.877778 18.622886,-33.876846 18.623032,-33.87656 18.622935,-33.876456 18.627518,-33.873864 18.626228,-33.870436 18.620669,-33.866577</coordinates></LinearRing></outerBoundaryIs></Polygon>
  </Placemark>
  <Placemark id="Official_Planning_Suburbs.530">
	<name>TYGERVALLEY</name><description>5557902</description><styleUrl>#suburbStyle</styleUrl><Polygon><outerBoundaryIs><LinearRing><coordinates>18.633599,-33.86892 18.633242,-33.868855 18.633334,-33.870474 18.633112,-33.871589 18.631699,-33.874956 18.630876,-33.87629 18.630685,-33.876843 18.630749,-33.877537 18.631633,-33.878899 18.631822,-33.879689 18.631315,-33.882265 18.63047,-33.885659 18.630465,-33.886511 18.630628,-33.887836 18.634121,-33.887069 18.634508,-33.884618 18.636591,-33.875462 18.636701,-33.875315 18.637402,-33.872486 18.637624,-33.872336 18.637497,-33.872142 18.637781,-33.872013 18.637441,-33.871958 18.6375,-33.87176 18.636891,-33.871531 18.636456,-33.871265 18.633915,-33.869078 18.633599,-33.86892</coordinates></LinearRing></outerBoundaryIs></Polygon>
  </Placemark>
  <Placemark id="Official_Planning_Suburbs.531">
	<name>RIDGEWORTH</name><description>5557906</description><styleUrl>#suburbStyle</styleUrl><Polygon><outerBoundaryIs><LinearRing><coordinates>18.647706,-33.871546 18.647273,-33.871585 18.643744,-33.872466 18.642964,-33.872584 18.638559,-33.871948 18.637335,-33.877139 18.639086,-33.877431 18.641816,-33.877707 18.648948,-33.8794 18.648957,-33.879467 18.649832,-33.87967 18.650057,-33.879135 18.64828,-33.874191 18.649417,-33.873457 18.650439,-33.872276 18.649336,-33.8719 18.647706,-33.871546</coordinates></LinearRing></outerBoundaryIs></Polygon>
  </Placemark>
  <Placemark id="Official_Planning_Suburbs.532">
	<name>STELLENRIDGE</name><description>5557909</description><styleUrl>#suburbStyle</styleUrl><Polygon><outerBoundaryIs><LinearRing><coordinates>18.650619,-33.880566 18.658892,-33.877019 18.656838,-33.874934 18.65617,-33.874479 18.65443,-33.873725 18.652109,-33.873021 18.650439,-33.872276 18.649417,-33.873457 18.64828,-33.874191 18.650057,-33.879135 18.649864,-33.87961 18.650321,-33.879715 18.650551,-33.880594 18.650619,-33.880566</coordinates></LinearRing></outerBoundaryIs></Polygon>
  </Placemark>
  <Placemark id="Official_Planning_Suburbs.533">
	<name>STELLENBOSCH UNIV</name><description>5557910</description><styleUrl>#suburbStyle</styleUrl><Polygon><outerBoundaryIs><LinearRing><coordinates>18.627413,-33.875198 18.627518,-33.873864 18.622935,-33.876456 18.623032,-33.87656 18.622886,-33.876846 18.622094,-33.877778 18.621997,-33.877827 18.621559,-33.877247 18.620108,-33.878082 18.621632,-33.880907 18.621778,-33.880745 18.62169,-33.880392 18.62333,-33.880539 18.623346,-33.881278 18.623094,-33.882334 18.622422,-33.88237 18.622774,-33.883023 18.624224,-33.888191 18.624232,-33.888516 18.627303,-33.888282 18.630628,-33.887836 18.630456,-33.885753 18.631405,-33.88166 18.63096,-33.880985 18.630468,-33.88116 18.630019,-33.878821 18.628734,-33.878114 18.627711,-33.87679 18.627817,-33.876683 18.627461,-33.875631 18.627413,-33.875198</coordinates></LinearRing></outerBoundaryIs></Polygon>
  </Placemark>
  <Placemark id="Official_Planning_Suburbs.534">
	<name>VREDENBERG - BELLVILLE</name><description>71247744</description><styleUrl>#suburbStyle</styleUrl><Polygon><outerBoundaryIs><LinearRing><coordinates>18.671953,-33.876436 18.671163,-33.874851 18.670627,-33.874224 18.670213,-33.873967 18.66958,-33.873717 18.66864,-33.873666 18.667525,-33.873881 18.663825,-33.874929 18.658894,-33.87702 18.662957,-33.881438 18.665119,-33.880716 18.667107,-33.88016 18.670107,-33.879475 18.672916,-33.879023 18.671953,-33.876436</coordinates></LinearRing></outerBoundaryIs></Polygon>
  </Placemark>
  <Placemark id="Official_Planning_Suburbs.535">
	<name>LA ROCHELLE</name><description>5557915</description><styleUrl>#suburbStyle</styleUrl><Polygon><outerBoundaryIs><LinearRing><coordinates>18.653891,-33.882724 18.654793,-33.882612 18.660551,-33.882299 18.66079,-33.882263 18.662957,-33.881438 18.658891,-33.877019 18.650619,-33.880566 18.651412,-33.883033 18.651512,-33.8831 18.651418,-33.882833 18.653175,-33.882736 18.65332,-33.882741 18.65335,-33.882815 18.653891,-33.882724</coordinates></LinearRing></outerBoundaryIs></Polygon>
  </Placemark>
  <Placemark id="Official_Planning_Suburbs.536">
	<name>BLOEMHOF</name><description>5557919</description><styleUrl>#suburbStyle</styleUrl><Polygon><outerBoundaryIs><LinearRing><coordinates>18.645123,-33.878524 18.643995,-33.878266 18.643507,-33.878068 18.641556,-33.877667 18.639798,-33.882349 18.640329,-33.882742 18.640264,-33.882782 18.642141,-33.884166 18.650551,-33.880594 18.650321,-33.879715 18.649864,-33.87961 18.649832,-33.87967 18.648957,-33.879467 18.648948,-33.8794 18.645123,-33.878524</coordinates></LinearRing></outerBoundaryIs></Polygon>
  </Placemark>
  <Placemark id="Official_Planning_Suburbs.537">
	<name>BLOMVLEI</name><description>5557923</description><styleUrl>#suburbStyle</styleUrl><Polygon><outerBoundaryIs><LinearRing><coordinates>18.620484,-33.878781 18.620108,-33.878082 18.618831,-33.878823 18.617872,-33.878479 18.61785,-33.878386 18.617695,-33.878351 18.617432,-33.879869 18.617546,-33.881318 18.619529,-33.880789 18.619735,-33.880818 18.620726,-33.880402 18.62076,-33.880477 18.621314,-33.880318 18.620484,-33.878781</coordinates></LinearRing></outerBoundaryIs></Polygon>
  </Placemark>
  <Placemark id="Official_Planning_Suburbs.538">
	<name>SELBORNE</name><description>5557930</description><styleUrl>#suburbStyle</styleUrl><Polygon><outerBoundaryIs><LinearRing><coordinates>18.621395,-33.880466 18.621314,-33.880318 18.62076,-33.880477 18.620726,-33.880402 18.619735,-33.880818 18.619529,-33.880789 18.617546,-33.881318 18.617646,-33.882454 18.621984,-33.881875 18.621905,-33.881775 18.62204,-33.881663 18.622422,-33.88237 18.623094,-33.882334 18.623346,-33.881278 18.62333,-33.880539 18.62169,-33.880392 18.621778,-33.880745 18.621632,-33.880907 18.621395,-33.880466</coordinates></LinearRing></outerBoundaryIs></Polygon>
  </Placemark>
  <Placemark id="Official_Planning_Suburbs.539">
	<name>BLOMTUIN</name><description>5557931</description><styleUrl>#suburbStyle</styleUrl><Polygon><outerBoundaryIs><LinearRing><coordinates>18.652068,-33.88491 18.651695,-33.883856 18.651715,-33.883671 18.651512,-33.8831 18.651412,-33.883033 18.650619,-33.880566 18.642214,-33.88413 18.642619,-33.884502 18.645423,-33.886561 18.645522,-33.886423 18.652555,-33.88605 18.652068,-33.88491</coordinates></LinearRing></outerBoundaryIs></Polygon>
  </Placemark>
  <Placemark id="Official_Planning_Suburbs.540">
	<name>OAKGLEN</name><description>5557941</description><styleUrl>#suburbStyle</styleUrl><Polygon><outerBoundaryIs><LinearRing><coordinates>18.672966,-33.879157 18.672916,-33.879023 18.669204,-33.879667 18.665119,-33.880716 18.662829,-33.881481 18.664745,-33.883661 18.664827,-33.883654 18.665545,-33.884562 18.663071,-33.88472 18.663067,-33.884655 18.661222,-33.884753 18.661304,-33.885603 18.656631,-33.885888 18.657206,-33.890467 18.657693,-33.892195 18.672496,-33.887553 18.673908,-33.887079 18.675251,-33.886488 18.672966,-33.879157</coordinates></LinearRing></outerBoundaryIs></Polygon>
  </Placemark>
  <Placemark id="Official_Planning_Suburbs.541">
	<name>CHRISMAR</name><description>5557942</description><styleUrl>#suburbStyle</styleUrl><Polygon><outerBoundaryIs><LinearRing><coordinates>18.648943,-33.886321 18.648948,-33.886245 18.645522,-33.886423 18.642908,-33.890212 18.642512,-33.890914 18.641969,-33.892474 18.641897,-33.893795 18.642292,-33.895797 18.642715,-33.897196 18.642545,-33.897211 18.64086,-33.898013 18.642326,-33.900412 18.651609,-33.89445 18.648583,-33.890109 18.648745,-33.889902 18.64864,-33.889713 18.648943,-33.886321</coordinates></LinearRing></outerBoundaryIs></Polygon>
  </Placemark>
  <Placemark id="Official_Planning_Suburbs.542">
	<name>STIKLAND HOSPITAAL</name><description>5557948</description><styleUrl>#suburbStyle</styleUrl><Polygon><outerBoundaryIs><LinearRing><coordinates>18.657028,-33.889084 18.655738,-33.889176 18.652248,-33.890218 18.6516,-33.89056 18.651459,-33.890721 18.649579,-33.891533 18.657207,-33.902203 18.657311,-33.90215 18.657504,-33.902421 18.657502,-33.902631 18.65836,-33.903761 18.658594,-33.903582 18.658506,-33.903468 18.66608,-33.897854 18.664987,-33.889869 18.657693,-33.892195 18.657206,-33.890467 18.657028,-33.889084</coordinates></LinearRing></outerBoundaryIs></Polygon>
  </Placemark>
  <Placemark id="Official_Planning_Suburbs.543">
	<name>OAKDALE</name><description>5558292</description><styleUrl>#suburbStyle</styleUrl><Polygon><outerBoundaryIs><LinearRing><coordinates>18.644928,-33.887254 18.645423,-33.886561 18.642619,-33.884502 18.642217,-33.884133 18.639692,-33.885226 18.637025,-33.886255 18.635721,-33.886677 18.634131,-33.887067 18.633827,-33.888481 18.632241,-33.888141 18.630955,-33.891245 18.630253,-33.891013 18.630116,-33.891305 18.630004,-33.891283 18.62913,-33.892707 18.628578,-33.892568 18.628268,-33.893962 18.627166,-33.894491 18.627304,-33.89477 18.627568,-33.894752 18.627601,-33.894886 18.627665,-33.895311 18.627616,-33.895767 18.627704,-33.896022 18.62763,-33.897211 18.627841,-33.897316 18.627955,-33.897282 18.628676,-33.897659 18.628645,-33.897732 18.628721,-33.897771 18.629698,-33.898001 18.629436,-33.89873 18.630885,-33.898874 18.631989,-33.898547 18.6321,-33.898452 18.632159,-33.89755 18.634271,-33.896328 18.63398,-33.896258 18.634209,-33.895595 18.634697,-33.895717 18.634929,-33.895066 18.635424,-33.895189 18.635652,-33.894533 18.636213,-33.894673 18.636438,-33.894018 18.637166,-33.894199 18.637399,-33.893536 18.638259,-33.893748 18.638486,-33.893102 18.6387,-33.893228 18.640327,-33.893606 18.637007,-33.896992 18.639345,-33.897637 18.63966,-33.898528 18.640353,-33.898138 18.640408,-33.898231 18.642545,-33.897211 18.642715,-33.897196 18.642292,-33.895797 18.641913,-33.894065 18.641969,-33.892474 18.642326,-33.891333 18.642686,-33.890585 18.644928,-33.887254</coordinates></LinearRing></outerBoundaryIs></Polygon>
  </Placemark>
  <Placemark id="Official_Planning_Suburbs.544">
	<name>KINGSTON</name><description>5558293</description><styleUrl>#suburbStyle</styleUrl><Polygon><outerBoundaryIs><LinearRing><coordinates>18.640316,-33.893617 18.6387,-33.893228 18.638486,-33.893102 18.638259,-33.893748 18.637399,-33.893536 18.637166,-33.894199 18.636438,-33.894018 18.636213,-33.894673 18.635652,-33.894533 18.635424,-33.895189 18.634929,-33.895066 18.634697,-33.895717 18.634209,-33.895595 18.63398,-33.896258 18.634271,-33.896328 18.632159,-33.89755 18.6321,-33.898452 18.637007,-33.896992 18.640316,-33.893617</coordinates></LinearRing></outerBoundaryIs></Polygon>
  </Placemark>
  <Placemark id="Official_Planning_Suburbs.545">
	<name>STELLENBERG</name><description>5558347</description><styleUrl>#suburbStyle</styleUrl><Polygon><outerBoundaryIs><LinearRing><coordinates>18.65921,-33.865926 18.658254,-33.864138 18.656801,-33.864696 18.652188,-33.867299 18.651579,-33.86773 18.651195,-33.868195 18.649684,-33.870945 18.649336,-33.8719 18.650232,-33.872184 18.652234,-33.873067 18.65443,-33.873725 18.65617,-33.874479 18.656838,-33.874934 18.658894,-33.87702 18.663831,-33.874939 18.663597,-33.874548 18.66381,-33.874458 18.663098,-33.870956 18.66303,-33.870971 18.662847,-33.870168 18.662929,-33.870124 18.662529,-33.868151 18.662402,-33.867965 18.662127,-33.866628 18.659849,-33.867124 18.65921,-33.865926</coordinates></LinearRing></outerBoundaryIs></Polygon>
  </Placemark>
  <Placemark id="Official_Planning_Suburbs.546">
	<name>BLOMMENDAL</name><description>5558352</description><styleUrl>#suburbStyle</styleUrl><Polygon><outerBoundaryIs><LinearRing><coordinates>18.656631,-33.885888 18.648948,-33.886245 18.64864,-33.889713 18.648745,-33.889902 18.648583,-33.890109 18.649579,-33.891533 18.651459,-33.890721 18.6516,-33.89056 18.652248,-33.890218 18.655738,-33.889176 18.657026,-33.889069 18.656631,-33.885888</coordinates></LinearRing></outerBoundaryIs></Polygon>
  </Placemark>
  <Placemark id="Official_Planning_Suburbs.547">
	<name>SONSTRAAL HEIGHTS</name><description>5557834</description><styleUrl>#suburbStyle</styleUrl><Polygon><outerBoundaryIs><LinearRing><coordinates>18.684625,-33.839186 18.681091,-33.838949 18.680091,-33.838678 18.679455,-33.838318 18.676322,-33.836164 18.67249,-33.833658 18.671562,-33.832971 18.672479,-33.837763 18.67244,-33.838836 18.668182,-33.839578 18.667972,-33.840549 18.667847,-33.840549 18.668178,-33.849287 18.68682,-33.850461 18.68627,-33.847255 18.687554,-33.839115 18.68631,-33.839268 18.684625,-33.839186</coordinates></LinearRing></outerBoundaryIs></Polygon>
  </Placemark>
  <Placemark id="Official_Planning_Suburbs.548">
	<name>SONSTRAAL</name><description>5557844</description><styleUrl>#suburbStyle</styleUrl><Polygon><outerBoundaryIs><LinearRing><coordinates>18.66794,-33.84303 18.667847,-33.840549 18.662278,-33.840738 18.659351,-33.841149 18.6588,-33.844106 18.658679,-33.844086 18.65849,-33.845251 18.658349,-33.84535 18.658572,-33.845332 18.658141,-33.84765 18.658054,-33.84768 18.657817,-33.848928 18.657893,-33.848989 18.657819,-33.849391 18.65811,-33.849411 18.657882,-33.84991 18.657416,-33.852614 18.668178,-33.849287 18.66794,-33.84303</coordinates></LinearRing></outerBoundaryIs></Polygon>
  </Placemark>
  <Placemark id="Official_Planning_Suburbs.549">
	<name>LANGEBERG RIDGE</name><description>5557846</description><styleUrl>#suburbStyle</styleUrl><Polygon><outerBoundaryIs><LinearRing><coordinates>18.69809,-33.838665 18.698181,-33.837765 18.687516,-33.839222 18.686646,-33.844786 18.691858,-33.846496 18.698066,-33.847536 18.697777,-33.842374 18.698109,-33.839208 18.698084,-33.839148 18.698036,-33.839191 18.69809,-33.838665</coordinates></LinearRing></outerBoundaryIs></Polygon>
  </Placemark>
  <Placemark id="Official_Planning_Suburbs.550">
	<name>KLEINBRON</name><description>5557852</description><styleUrl>#suburbStyle</styleUrl><Polygon><outerBoundaryIs><LinearRing><coordinates>18.69169,-33.850394 18.691858,-33.846496 18.686646,-33.844786 18.68627,-33.847255 18.68682,-33.850461 18.682607,-33.850195 18.682812,-33.85355 18.691344,-33.855133 18.691696,-33.853973 18.69169,-33.850394</coordinates></LinearRing></outerBoundaryIs></Polygon>
  </Placemark>
  <Placemark id="Official_Planning_Suburbs.551">
	<name>CAPE GATE</name><description>5557856</description><styleUrl>#suburbStyle</styleUrl><Polygon><outerBoundaryIs><LinearRing><coordinates>18.696099,-33.847208 18.691858,-33.846496 18.691675,-33.850781 18.691696,-33.853973 18.691262,-33.855496 18.691713,-33.855339 18.694113,-33.854836 18.694483,-33.854812 18.694744,-33.855658 18.695793,-33.857867 18.698443,-33.856141 18.698405,-33.855824 18.698482,-33.855782 18.698066,-33.847536 18.696099,-33.847208</coordinates></LinearRing></outerBoundaryIs></Polygon>
  </Placemark>
  <Placemark id="Official_Planning_Suburbs.552">
	<name>AMANDA GLEN </name><description>71215661</description><styleUrl>#suburbStyle</styleUrl><Polygon><outerBoundaryIs><LinearRing><coordinates>18.668466,-33.856761 18.668839,-33.855904 18.670642,-33.849442 18.668178,-33.849287 18.662348,-33.851091 18.66079,-33.856838 18.660136,-33.856666 18.661095,-33.859172 18.661779,-33.860314 18.662216,-33.862639 18.66626,-33.861124 18.666637,-33.861062 18.666491,-33.85832 18.666541,-33.857944 18.666766,-33.857814 18.667806,-33.857604 18.667871,-33.857479 18.668057,-33.857405 18.668466,-33.856761</coordinates></LinearRing></outerBoundaryIs></Polygon>
  </Placemark>
  <Placemark id="Official_Planning_Suburbs.553">
	<name>VREDEKLOOF</name><description>5557861</description><styleUrl>#suburbStyle</styleUrl><Polygon><outerBoundaryIs><LinearRing><coordinates>18.67619,-33.849793 18.670642,-33.849442 18.668753,-33.856172 18.668368,-33.856962 18.668057,-33.857405 18.667871,-33.857479 18.667795,-33.857626 18.667869,-33.858203 18.668915,-33.858156 18.669002,-33.860293 18.669603,-33.863877 18.669775,-33.864493 18.669972,-33.866278 18.66997,-33.867161 18.669266,-33.870305 18.668962,-33.870823 18.66848,-33.871349 18.666899,-33.872825 18.667095,-33.873265 18.678578,-33.868369 18.681121,-33.867107 18.683032,-33.865888 18.683285,-33.85859 18.683216,-33.858587 18.682607,-33.850195 18.67619,-33.849793</coordinates></LinearRing></outerBoundaryIs></Polygon>
  </Placemark>
  <Placemark id="Official_Planning_Suburbs.554">
	<name>MORGENSTER HEIGHTS</name><description>5557883</description><styleUrl>#suburbStyle</styleUrl><Polygon><outerBoundaryIs><LinearRing><coordinates>18.6912,-33.870308 18.692878,-33.869095 18.695736,-33.866461 18.699148,-33.863115 18.698346,-33.862509 18.697843,-33.861852 18.695793,-33.857867 18.683027,-33.866169 18.682954,-33.868429 18.683613,-33.868507 18.687662,-33.874606 18.688105,-33.873823 18.688503,-33.872476 18.688717,-33.872136 18.688958,-33.871896 18.6912,-33.870308</coordinates></LinearRing></outerBoundaryIs></Polygon>
  </Placemark>
  <Placemark id="Official_Planning_Suburbs.555">
	<name>LOEVENSTEIN</name><description>5557917</description><styleUrl>#suburbStyle</styleUrl><MultiGeometry><Polygon><outerBoundaryIs><LinearRing><coordinates>18.617969,-33.886693 18.617425,-33.880115 18.617672,-33.878489 18.613754,-33.877043 18.596662,-33.879264 18.597026,-33.880523 18.600165,-33.884672 18.600139,-33.884933 18.600307,-33.885165 18.599963,-33.887641 18.599295,-33.887521 18.599154,-33.887986 18.598879,-33.888291 18.600523,-33.889041 18.601602,-33.889409 18.602726,-33.889652 18.603711,-33.889758 18.605779,-33.889698 18.618125,-33.888914 18.617969,-33.886693</coordinates></LinearRing></outerBoundaryIs></Polygon><Polygon><outerBoundaryIs><LinearRing><coordinates>18.634131,-33.887067 18.634132,-33.887059 18.634123,-33.887062 18.634131,-33.887067</coordinates></LinearRing></outerBoundaryIs></Polygon></MultiGeometry>
  </Placemark>
  <Placemark id="Official_Planning_Suburbs.556">
	<name>HOHEIZEN</name><description>5557932</description><styleUrl>#suburbStyle</styleUrl><Polygon><outerBoundaryIs><LinearRing><coordinates>18.618206,-33.888908 18.624232,-33.888516 18.624224,-33.888191 18.622774,-33.883023 18.62204,-33.881663 18.621905,-33.881775 18.621984,-33.881875 18.617646,-33.882454 18.618125,-33.888914 18.618206,-33.888908</coordinates></LinearRing></outerBoundaryIs></Polygon>
  </Placemark>
  <Placemark id="Official_Planning_Suburbs.557">
	<name>ASANDA</name><description>5558372</description><styleUrl>#suburbStyle</styleUrl><Polygon><outerBoundaryIs><LinearRing><coordinates>18.850983,-34.101313 18.850744,-34.101504 18.850375,-34.101186 18.846999,-34.1039 18.846486,-34.104874 18.846339,-34.105933 18.846413,-34.106485 18.846737,-34.10738 18.852036,-34.113908 18.853626,-34.113036 18.853738,-34.112774 18.861135,-34.108346 18.857966,-34.106413 18.856368,-34.10527 18.855416,-34.106272 18.855775,-34.106516 18.855098,-34.107188 18.854622,-34.106873 18.854459,-34.106993 18.852783,-34.10545 18.852717,-34.105498 18.852601,-34.10539 18.852666,-34.105342 18.851075,-34.103878 18.850932,-34.10353 18.850983,-34.101313</coordinates></LinearRing></outerBoundaryIs></Polygon>
  </Placemark>
  <Placemark id="Official_Planning_Suburbs.558">
	<name>RETREAT</name><description>5558188</description><styleUrl>#suburbStyle</styleUrl><Polygon><outerBoundaryIs><LinearRing><coordinates>18.484277,-34.045001 18.484147,-34.045077 18.482067,-34.045053 18.480967,-34.04551 18.479716,-34.046862 18.479573,-34.046919 18.479202,-34.047901 18.480208,-34.050787 18.47868,-34.051195 18.478572,-34.051212 18.478566,-34.051145 18.478314,-34.051205 18.46763,-34.054062 18.463297,-34.053655 18.464012,-34.051213 18.463376,-34.05114 18.461887,-34.050787 18.459357,-34.063679 18.458839,-34.065696 18.457097,-34.074888 18.462662,-34.075656 18.464003,-34.075648 18.463705,-34.069593 18.468779,-34.06942 18.468434,-34.062465 18.471249,-34.062324 18.472071,-34.062361 18.476493,-34.063343 18.478234,-34.063965 18.484651,-34.067042 18.486379,-34.064552 18.487321,-34.063451 18.48848,-34.061769 18.488923,-34.060933 18.489044,-34.060273 18.488772,-34.057444 18.487422,-34.047673 18.487339,-34.045999 18.487059,-34.045948 18.487105,-34.045791 18.486493,-34.04575 18.484277,-34.045001</coordinates></LinearRing></outerBoundaryIs></Polygon>
  </Placemark>
  <Placemark id="Official_Planning_Suburbs.559">
	<name>STELLENRYK</name><description>5557881</description><styleUrl>#suburbStyle</styleUrl><Polygon><outerBoundaryIs><LinearRing><coordinates>18.667868,-33.858195 18.667806,-33.857604 18.666766,-33.857814 18.666541,-33.857944 18.666491,-33.85832 18.666637,-33.861062 18.66626,-33.861124 18.658254,-33.864138 18.659849,-33.867124 18.662127,-33.866628 18.662402,-33.867965 18.662529,-33.868151 18.662929,-33.870124 18.662847,-33.870168 18.66303,-33.870971 18.663098,-33.870956 18.66381,-33.874458 18.663597,-33.874548 18.663694,-33.874712 18.667095,-33.873265 18.666899,-33.872825 18.66848,-33.871349 18.668962,-33.870823 18.669266,-33.870305 18.66997,-33.867161 18.669891,-33.865385 18.669002,-33.860293 18.668915,-33.858156 18.667868,-33.858195</coordinates></LinearRing></outerBoundaryIs></Polygon>
  </Placemark>
  <Placemark id="Official_Planning_Suburbs.560">
	<name>PAROW</name><description>5557988</description><styleUrl>#suburbStyle</styleUrl><Polygon><outerBoundaryIs><LinearRing><coordinates>18.588837,-33.909206 18.590677,-33.908953 18.5905,-33.908116 18.591955,-33.907859 18.591334,-33.904936 18.576838,-33.907434 18.57669,-33.907474 18.576751,-33.907594 18.576568,-33.907631 18.576639,-33.907729 18.576782,-33.909665 18.577206,-33.910509 18.579633,-33.910337 18.586113,-33.909452 18.586152,-33.909587 18.588837,-33.909206</coordinates></LinearRing></outerBoundaryIs></Polygon>
  </Placemark>
  <Placemark id="Official_Planning_Suburbs.561">
	<name>BEACONVALE</name><description>5558000</description><styleUrl>#suburbStyle</styleUrl><Polygon><outerBoundaryIs><LinearRing><coordinates>18.586223,-33.909869 18.586113,-33.909452 18.579633,-33.910337 18.577614,-33.910486 18.57842,-33.912468 18.579751,-33.914954 18.583247,-33.921049 18.583449,-33.921662 18.58683,-33.921347 18.589455,-33.920824 18.590302,-33.920545 18.595752,-33.918097 18.597052,-33.917682 18.604379,-33.916615 18.604179,-33.915668 18.599476,-33.916351 18.599228,-33.916326 18.597984,-33.916504 18.594981,-33.916999 18.595101,-33.917613 18.593693,-33.917815 18.593809,-33.918375 18.590049,-33.918914 18.589933,-33.918357 18.589323,-33.918441 18.589184,-33.9184 18.589068,-33.917854 18.587915,-33.918012 18.586223,-33.909869</coordinates></LinearRing></outerBoundaryIs></Polygon>
  </Placemark>
  <Placemark id="Official_Planning_Suburbs.562">
	<name>VAN DER STEL</name><description>22090221</description><styleUrl>#suburbStyle</styleUrl><Polygon><outerBoundaryIs><LinearRing><coordinates>18.852158,-34.094781 18.850844,-34.094493 18.849373,-34.093913 18.84657,-34.095978 18.849279,-34.098512 18.849697,-34.098562 18.851551,-34.098254 18.85168,-34.098783 18.85168,-34.099198 18.851467,-34.099782 18.851095,-34.100209 18.851237,-34.100343 18.852173,-34.099589 18.853311,-34.099067 18.855393,-34.0984 18.855874,-34.098123 18.856273,-34.097716 18.856524,-34.097231 18.856603,-34.096702 18.856504,-34.096192 18.856198,-34.09568 18.856092,-34.095692 18.857421,-34.094602 18.85239,-34.094855 18.852503,-34.09465 18.852158,-34.094781</coordinates></LinearRing></outerBoundaryIs></Polygon>
  </Placemark>
  <Placemark id="Official_Planning_Suburbs.563">
	<name>SERCOR PARK</name><description>5558366</description><styleUrl>#suburbStyle</styleUrl><Polygon><outerBoundaryIs><LinearRing><coordinates>18.861846,-34.134137 18.858968,-34.130649 18.859059,-34.130598 18.857495,-34.128693 18.857481,-34.128579 18.854427,-34.13036 18.855915,-34.132178 18.856711,-34.133 18.86139,-34.138662 18.864314,-34.137004 18.862001,-34.134176 18.861908,-34.134211 18.861846,-34.134137</coordinates></LinearRing></outerBoundaryIs></Polygon>
  </Placemark>
  <Placemark id="Official_Planning_Suburbs.564">
	<name>SOUTHFORK</name><description>5558354</description><styleUrl>#suburbStyle</styleUrl><Polygon><outerBoundaryIs><LinearRing><coordinates>18.85821,-34.140467 18.854774,-34.136277 18.85096,-34.138435 18.853963,-34.142233 18.854225,-34.142087 18.85451,-34.142073 18.854775,-34.142409 18.85821,-34.140467</coordinates></LinearRing></outerBoundaryIs></Polygon>
  </Placemark>
  <Placemark id="Official_Planning_Suburbs.565">
	<name>GANTS PARK</name><description>5558460</description><styleUrl>#suburbStyle</styleUrl><Polygon><outerBoundaryIs><LinearRing><coordinates>18.842531,-34.092192 18.842293,-34.092391 18.841992,-34.092515 18.840844,-34.092331 18.840694,-34.092551 18.840042,-34.09249 18.839168,-34.092795 18.838962,-34.092594 18.838832,-34.092581 18.83859,-34.092681 18.838161,-34.093073 18.837804,-34.093063 18.838633,-34.094831 18.839257,-34.095507 18.841438,-34.099774 18.84657,-34.095978 18.842531,-34.092192</coordinates></LinearRing></outerBoundaryIs></Polygon>
  </Placemark>
  <Placemark id="Official_Planning_Suburbs.566">
	<name>STRAND INDUSTRIA</name><description>22093374</description><styleUrl>#suburbStyle</styleUrl><Polygon><outerBoundaryIs><LinearRing><coordinates>18.848965,-34.099533 18.849275,-34.098509 18.84657,-34.095978 18.842138,-34.099259 18.842724,-34.100408 18.842686,-34.10055 18.842909,-34.100766 18.843785,-34.102467 18.844004,-34.102707 18.845267,-34.101566 18.84688,-34.100369 18.847215,-34.100198 18.847578,-34.100146 18.84863,-34.100346 18.848965,-34.099533</coordinates></LinearRing></outerBoundaryIs></Polygon>
  </Placemark>
  <Placemark id="Official_Planning_Suburbs.567">
	<name>KENSINGTON</name><description>5557981</description><styleUrl>#suburbStyle</styleUrl><Polygon><outerBoundaryIs><LinearRing><coordinates>18.51237,-33.903916 18.512212,-33.903269 18.507928,-33.904059 18.507805,-33.903899 18.501603,-33.905059 18.499138,-33.910077 18.498964,-33.910269 18.496322,-33.915842 18.497536,-33.915653 18.49803,-33.917657 18.498909,-33.91805 18.500287,-33.918868 18.505615,-33.917958 18.50499,-33.915411 18.507795,-33.914942 18.508205,-33.916618 18.515174,-33.91544 18.51237,-33.903916</coordinates></LinearRing></outerBoundaryIs></Polygon>
  </Placemark>
  <Placemark id="Official_Planning_Suburbs.568">
	<name>WESFLEUR</name><description>5557785</description><styleUrl>#suburbStyle</styleUrl><Polygon><outerBoundaryIs><LinearRing><coordinates>18.48253,-33.537369 18.477519,-33.534937 18.447811,-33.563332 18.471285,-33.576864 18.475651,-33.577819 18.476012,-33.576965 18.476675,-33.574706 18.495945,-33.582024 18.496991,-33.582996 18.49809,-33.584279 18.499149,-33.586492 18.497715,-33.587687 18.500008,-33.590449 18.500464,-33.590362 18.51904,-33.555404 18.517746,-33.554449 18.48253,-33.537369</coordinates></LinearRing></outerBoundaryIs><innerBoundaryIs><LinearRing><coordinates>18.47829,-33.569881 18.480729,-33.565592 18.480412,-33.565503 18.480268,-33.565321 18.48066,-33.564515 18.48097,-33.563624 18.481198,-33.56262 18.481776,-33.557518 18.482003,-33.557388 18.482138,-33.556998 18.482025,-33.556883 18.481943,-33.556003 18.482062,-33.554926 18.482426,-33.554851 18.48232,-33.554544 18.482386,-33.554292 18.482303,-33.553822 18.482437,-33.553147 18.482601,-33.552905 18.482722,-33.552093 18.483529,-33.550375 18.482471,-33.54726 18.480991,-33.543306 18.480285,-33.540074 18.481545,-33.539881 18.484831,-33.541463 18.486987,-33.54278 18.490841,-33.544644 18.494516,-33.546183 18.494683,-33.546064 18.494462,-33.545506 18.494787,-33.545038 18.516277,-33.555459 18.51638,-33.556192 18.512152,-33.564098 18.510664,-33.563964 18.510305,-33.566767 18.510149,-33.567212 18.50823,-33.570822 18.508151,-33.570815 18.506999,-33.572873 18.507119,-33.572914 18.505744,-33.575278 18.505845,-33.575311 18.502089,-33.582378 18.495537,-33.579937 18.495397,-33.5802 18.492148,-33.578715 18.491964,-33.578562 18.490514,-33.577968 18.490718,-33.577589 18.488315,-33.577153 18.488551,-33.576519 18.486846,-33.575806 18.484616,-33.575081 18.485097,-33.574275 18.484989,-33.574225 18.485036,-33.574142 18.484653,-33.57399 18.482397,-33.573859 18.478794,-33.572381 18.478432,-33.569972 18.478305,-33.569981 18.47829,-33.569881</coordinates></LinearRing></innerBoundaryIs></Polygon>
  </Placemark>
  <Placemark id="Official_Planning_Suburbs.569">
	<name>ATLANTIS INDUSTRIAL</name><description>5557792</description><styleUrl>#suburbStyle</styleUrl><Polygon><outerBoundaryIs><LinearRing><coordinates>18.482295,-33.57684 18.476675,-33.574706 18.476012,-33.576965 18.475651,-33.577819 18.471285,-33.576864 18.463868,-33.585414 18.462985,-33.585947 18.455633,-33.592242 18.454924,-33.592983 18.454312,-33.593782 18.45357,-33.594978 18.453127,-33.596027 18.46804,-33.614632 18.496169,-33.591202 18.500008,-33.590449 18.497715,-33.587687 18.499149,-33.586492 18.49809,-33.584279 18.496991,-33.582996 18.495945,-33.582024 18.482295,-33.57684</coordinates></LinearRing></outerBoundaryIs></Polygon>
  </Placemark>
  <Placemark id="Official_Planning_Suburbs.570">
	<name>WYNBERG NU</name><description>5558107</description><styleUrl>#suburbStyle</styleUrl><Polygon><outerBoundaryIs><LinearRing><coordinates>18.425554,-33.966836 18.416033,-33.97409 18.41376,-33.978433 18.411657,-33.980158 18.410438,-33.982189 18.416879,-33.985701 18.41456,-33.989032 18.414538,-33.992026 18.410116,-33.995574 18.407926,-33.994118 18.4075,-33.993605 18.405001,-33.995572 18.402911,-34.008033 18.406591,-34.009752 18.410202,-34.007711 18.415387,-34.006815 18.41591,-34.007356 18.416415,-34.008042 18.416636,-34.008153 18.41704,-34.008096 18.417236,-34.00796 18.417473,-34.00738 18.417694,-34.007144 18.418076,-34.006982 18.419428,-34.006656 18.419839,-34.006455 18.424558,-34.002793 18.424782,-34.00253 18.424837,-34.002228 18.425174,-34.002469 18.427661,-33.998933 18.427299,-33.998721 18.430362,-33.99321 18.432592,-33.993674 18.434305,-33.990641 18.434615,-33.989896 18.436713,-33.986216 18.437,-33.985814 18.438083,-33.984789 18.437532,-33.984544 18.434714,-33.981691 18.436556,-33.979915 18.438845,-33.977531 18.44139,-33.979254 18.44656,-33.973891 18.435254,-33.969865 18.425554,-33.966836</coordinates></LinearRing></outerBoundaryIs></Polygon>
  </Placemark>
  <Placemark id="Official_Planning_Suburbs.571">
	<name>GREENWAYS</name><description>5558369</description><styleUrl>#suburbStyle</styleUrl><Polygon><outerBoundaryIs><LinearRing><coordinates>18.838965,-34.126161 18.838107,-34.125088 18.836145,-34.126118 18.835198,-34.126281 18.835185,-34.126383 18.834648,-34.126668 18.835058,-34.127167 18.835708,-34.127646 18.83582,-34.127941 18.836335,-34.128263 18.837379,-34.129214 18.837894,-34.129469 18.83815,-34.129911 18.8391,-34.13074 18.83958,-34.13147 18.84011,-34.13195 18.84025,-34.13227 18.84031,-34.13295 18.8409,-34.13347 18.84168,-34.13481 18.84209,-34.13525 18.84331,-34.13613 18.84368,-34.136569 18.844383,-34.136102 18.845228,-34.13594 18.845737,-34.135961 18.846253,-34.136192 18.846577,-34.136012 18.845939,-34.135066 18.846359,-34.134844 18.841947,-34.129348 18.841327,-34.128669 18.839938,-34.12738 18.838965,-34.126161</coordinates></LinearRing></outerBoundaryIs></Polygon>
  </Placemark>
  <Placemark id="Official_Planning_Suburbs.572">
	<name>BISHOPSCOURT</name><description>5558431</description><styleUrl>#suburbStyle</styleUrl><Polygon><outerBoundaryIs><LinearRing><coordinates>18.452733,-33.983297 18.452519,-33.982483 18.452561,-33.982199 18.452701,-33.981936 18.453371,-33.981211 18.453479,-33.980833 18.453353,-33.98078 18.453348,-33.980596 18.450551,-33.982415 18.448938,-33.982855 18.448335,-33.983104 18.447898,-33.983467 18.447092,-33.983511 18.445224,-33.9846 18.443871,-33.985793 18.442076,-33.986434 18.44058,-33.985837 18.440313,-33.98679 18.43745,-33.98688 18.437346,-33.986782 18.436373,-33.986787 18.432635,-33.993599 18.435924,-33.995971 18.436748,-33.996473 18.438777,-33.996266 18.442144,-33.995713 18.442751,-33.995477 18.443,-33.995296 18.443498,-33.995413 18.444222,-33.995457 18.445736,-33.995926 18.44634,-33.996291 18.447127,-33.997063 18.447799,-33.998966 18.448619,-34.000043 18.448584,-34.000095 18.450177,-34.002024 18.450121,-33.999646 18.450324,-33.998955 18.450644,-33.998569 18.455192,-33.994681 18.45549,-33.99427 18.455643,-33.993748 18.455629,-33.993369 18.455485,-33.99294 18.455164,-33.99249 18.454715,-33.992096 18.454351,-33.991641 18.45165,-33.986603 18.451631,-33.986252 18.45175,-33.985898 18.452662,-33.984954 18.452887,-33.984486 18.452923,-33.984042 18.452733,-33.983297</coordinates></LinearRing></outerBoundaryIs></Polygon>
  </Placemark>
  <Placemark id="Official_Planning_Suburbs.573">
	<name>GORDONS BAY VILLAGE</name><description>5558209</description><styleUrl>#suburbStyle</styleUrl><Polygon><outerBoundaryIs><LinearRing><coordinates>18.867993,-34.154591 18.860543,-34.150198 18.859303,-34.151426 18.860279,-34.152926 18.8617,-34.1538 18.86243,-34.15461 18.86266,-34.15476 18.86296,-34.15481 18.86365,-34.15468 18.86401,-34.15469 18.86442,-34.15478 18.86481,-34.15498 18.86534,-34.15503 18.86595,-34.15531 18.86698,-34.15656 18.86802,-34.15865 18.8681,-34.15905 18.86798,-34.15944 18.86812,-34.16048 18.86804,-34.16064 18.86759,-34.16097 18.86659,-34.16109 18.86585,-34.16151 18.86555,-34.162 18.86445,-34.16248 18.86412,-34.16269 18.86391,-34.16302 18.8635,-34.16322 18.86315,-34.1632 18.86282,-34.16338 18.8624,-34.16321 18.86183,-34.16312 18.861261,-34.163228 18.86113,-34.16341 18.86067,-34.1636 18.85932,-34.16332 18.85842,-34.1634 18.85994,-34.16344 18.85999,-34.16404 18.86027,-34.16403 18.86027,-34.16409 18.86002,-34.1641 18.86015,-34.16411 18.85996,-34.16438 18.85977,-34.16436 18.8594,-34.16464 18.85957,-34.16478 18.85931,-34.16495 18.8592,-34.16489 18.85935,-34.16502 18.85918,-34.16511 18.85909,-34.16505 18.85894,-34.16516 18.85884,-34.16507 18.85874,-34.16519 18.85842,-34.16504 18.85806,-34.16471 18.8579,-34.16428 18.85793,-34.16296 18.85787,-34.16296 18.85783,-34.16432 18.85804,-34.16478 18.85846,-34.16512 18.85932,-34.16545 18.85906,-34.16581 18.85866,-34.16603 18.85766,-34.16626 18.85644,-34.16677 18.85626,-34.16693 18.85557,-34.16726 18.85503,-34.16739 18.85483,-34.16755 18.85414,-34.16764 18.85399,-34.16775 18.85233,-34.168132 18.852548,-34.168214 18.853083,-34.168196 18.858668,-34.166838 18.859431,-34.166568 18.861896,-34.165334 18.867313,-34.162899 18.868655,-34.162718 18.869174,-34.162594 18.869626,-34.162372 18.870682,-34.161358 18.871637,-34.160316 18.871788,-34.160039 18.871822,-34.159593 18.871739,-34.159122 18.871004,-34.15798 18.870454,-34.156866 18.871273,-34.156572 18.867993,-34.154591</coordinates></LinearRing></outerBoundaryIs></Polygon>
  </Placemark>
  <Placemark id="Official_Planning_Suburbs.574">
	<name>MOUNTAINSIDE ESTATE</name><description>22085703</description><styleUrl>#suburbStyle</styleUrl><Polygon><outerBoundaryIs><LinearRing><coordinates>18.887957,-34.151791 18.887732,-34.1514 18.887609,-34.151364 18.885526,-34.152483 18.885598,-34.152539 18.882196,-34.154622 18.881622,-34.154633 18.880158,-34.153169 18.880199,-34.153075 18.879664,-34.152527 18.878343,-34.15316 18.879358,-34.15397 18.880161,-34.154388 18.880988,-34.154981 18.880976,-34.155101 18.883115,-34.156721 18.883196,-34.156699 18.883174,-34.156765 18.885257,-34.158342 18.890562,-34.156343 18.887957,-34.151791</coordinates></LinearRing></outerBoundaryIs></Polygon>
  </Placemark>
  <Placemark id="Official_Planning_Suburbs.575">
	<name>WINSLOW</name><description>5558212</description><styleUrl>#suburbStyle</styleUrl><Polygon><outerBoundaryIs><LinearRing><coordinates>18.871726,-34.15641 18.875071,-34.154419 18.873847,-34.15296 18.871091,-34.150577 18.867741,-34.154445 18.871273,-34.156572 18.871726,-34.15641</coordinates></LinearRing></outerBoundaryIs></Polygon>
  </Placemark>
  <Placemark id="Official_Planning_Suburbs.576">
	<name>TEMPERANCE TOWN</name><description>5558213</description><styleUrl>#suburbStyle</styleUrl><Polygon><outerBoundaryIs><LinearRing><coordinates>18.881639,-34.154633 18.882196,-34.154622 18.885598,-34.152539 18.883335,-34.150751 18.882813,-34.151089 18.882247,-34.151282 18.879664,-34.152527 18.880199,-34.153075 18.880158,-34.153169 18.881639,-34.154633</coordinates></LinearRing></outerBoundaryIs></Polygon>
  </Placemark>
  <Placemark id="Official_Planning_Suburbs.577">
	<name>GORDONS BAY EXT 12</name><description>5558359</description><styleUrl>#suburbStyle</styleUrl><Polygon><outerBoundaryIs><LinearRing><coordinates>18.869988,-34.164334 18.878331,-34.160957 18.871273,-34.156572 18.870454,-34.156866 18.871004,-34.15798 18.871739,-34.159122 18.871822,-34.159593 18.871788,-34.160039 18.871637,-34.160316 18.870682,-34.161358 18.869626,-34.162372 18.869174,-34.162594 18.868594,-34.162724 18.869882,-34.164376 18.869988,-34.164334</coordinates></LinearRing></outerBoundaryIs></Polygon>
  </Placemark>
  <Placemark id="Official_Planning_Suburbs.578">
	<name>WORLD'S VIEW - CALEDON FARMS</name><description>71272741</description><styleUrl>#suburbStyle</styleUrl><Polygon><outerBoundaryIs><LinearRing><coordinates>18.836715,-34.173015 18.83646,-34.17299 18.8363,-34.17315 18.8363,-34.17327 18.83607,-34.17335 18.83588,-34.17329 18.83572,-34.17339 18.83591,-34.17336 18.83579,-34.17354 18.83596,-34.17353 18.83596,-34.17365 18.83579,-34.17372 18.83544,-34.17365 18.83522,-34.17368 18.83497,-34.17382 18.83466,-34.17416 18.83426,-34.17436 18.83426,-34.17445 18.83408,-34.17461 18.83407,-34.17479 18.83368,-34.175 18.83354,-34.1753 18.83314,-34.17525 18.83286,-34.17535 18.83276,-34.17527 18.83255,-34.17528 18.83182,-34.17579 18.83085,-34.17616 18.82994,-34.17686 18.829665,-34.17716 18.82925,-34.1774 18.82914,-34.17776 18.82892,-34.17792 18.82901,-34.17804 18.8291,-34.17795 18.82921,-34.17797 18.82916,-34.17812 18.82889,-34.17821 18.82869,-34.17848 18.82826,-34.178675 18.8278,-34.17912 18.82761,-34.17915 18.82768,-34.17897 18.82752,-34.17911 18.82755,-34.17921 18.82768,-34.17921 18.8275,-34.17934 18.82735,-34.17919 18.82695,-34.17924 18.82615,-34.1798 18.82625,-34.17995 18.82609,-34.18013 18.82586,-34.1802 18.82569,-34.18014 18.82539,-34.18026 18.82542,-34.18034 18.82498,-34.180695 18.82486,-34.18064 18.82506,-34.18058 18.825045,-34.180455 18.82493,-34.18037 18.82482,-34.18045 18.824427,-34.180437 18.823808,-34.180954 18.82357,-34.181165 18.82347,-34.18159 18.823285,-34.181625 18.82321,-34.18183 18.82301,-34.18183 18.82278,-34.18194 18.82288,-34.18216 18.82268,-34.18219 18.82259,-34.1823 18.82233,-34.1823 18.82263,-34.18248 18.82274,-34.18297 18.82268,-34.18304 18.82253,-34.18302 18.82243,-34.18317 18.82216,-34.18317 18.82205,-34.18325 18.82194,-34.18316 18.82176,-34.183195 18.82177,-34.18303 18.82144,-34.18315 18.82148,-34.18334 18.82135,-34.183425 18.82099,-34.18418 18.82079,-34.18423 18.82061,-34.18463 18.82082,-34.1848 18.82034,-34.18491 18.81992,-34.18517 18.81989,-34.18529 18.81973,-34.18533 18.81984,-34.18573 18.8197,-34.18633 18.81971,-34.18677 18.81967,-34.18691 18.81937,-34.1872 18.8194,-34.18741 18.8197,-34.18771 18.81966,-34.18778 18.81931,-34.18771 18.81926,-34.1876 18.81912,-34.18758 18.81917,-34.18804 18.81899,-34.18801 18.81891,-34.18809 18.81879,-34.18852 18.81884,-34.18912 18.81905,-34.18937 18.81893,-34.18952 18.81869,-34.18963 18.81891,-34.1898 18.81895,-34.18998 18.81868,-34.19007 18.81835,-34.19 18.81834,-34.1905 18.81847,-34.19091 18.81888,-34.19142 18.81884,-34.1915 18.81867,-34.19148 18.8186,-34.19154 18.81888,-34.19211 18.81877,-34.19254 18.81881,-34.19275 18.81863,-34.19292 18.81861,-34.1931 18.81904,-34.19382 18.81857,-34.19397 18.81862,-34.19424 18.8189,-34.1943 18.81895,-34.19419 18.81909,-34.19419 18.819459,-34.194442 18.81948,-34.19427 18.819635,-34.194237 18.825202,-34.187746 18.826052,-34.187995 18.828163,-34.187319 18.828896,-34.185293 18.831005,-34.183841 18.836535,-34.180501 18.837679,-34.180321 18.838405,-34.181438 18.840392,-34.180392 18.841109,-34.180363 18.84295,-34.179695 18.844256,-34.17975 18.836715,-34.173015</coordinates></LinearRing></outerBoundaryIs></Polygon>
  </Placemark>
  <Placemark id="Official_Planning_Suburbs.579">
	<name>ONVERWACHT - GORDON'S BAY</name><description>71206660</description><styleUrl>#suburbStyle</styleUrl><Polygon><outerBoundaryIs><LinearRing><coordinates>18.864127,-34.149587 18.866011,-34.148518 18.863019,-34.145619 18.860362,-34.147119 18.864074,-34.149617 18.864127,-34.149587</coordinates></LinearRing></outerBoundaryIs></Polygon>
  </Placemark>
  <Placemark id="Official_Planning_Suburbs.580">
	<name>DOBSON</name><description>5558208</description><styleUrl>#suburbStyle</styleUrl><Polygon><outerBoundaryIs><LinearRing><coordinates>18.868881,-34.153103 18.871091,-34.150577 18.868337,-34.147198 18.863717,-34.14982 18.863743,-34.149891 18.863048,-34.150275 18.868436,-34.153612 18.868881,-34.153103</coordinates></LinearRing></outerBoundaryIs></Polygon>
  </Placemark>
  <Placemark id="Official_Planning_Suburbs.581">
	<name>MOUNTAINSIDE</name><description>22080870</description><styleUrl>#suburbStyle</styleUrl><Polygon><outerBoundaryIs><LinearRing><coordinates>18.875935,-34.1554 18.875485,-34.154875 18.872654,-34.156268 18.872395,-34.155972 18.872393,-34.156053 18.871726,-34.15641 18.871273,-34.156572 18.876867,-34.160013 18.879202,-34.158491 18.880141,-34.157782 18.879611,-34.15661 18.877433,-34.155391 18.876511,-34.156073 18.875935,-34.1554</coordinates></LinearRing></outerBoundaryIs></Polygon>
  </Placemark>
  <Placemark id="Official_Planning_Suburbs.582">
	<name>GORDONS STRAND ESTATE</name><description>22010038</description><styleUrl>#suburbStyle</styleUrl><Polygon><outerBoundaryIs><LinearRing><coordinates>18.855174,-34.143782 18.853569,-34.14171 18.851256,-34.142977 18.851493,-34.143306 18.852783,-34.144361 18.853402,-34.144019 18.855488,-34.146633 18.859586,-34.149854 18.860393,-34.150362 18.860543,-34.150198 18.867741,-34.154445 18.868436,-34.153612 18.859884,-34.148311 18.857026,-34.146101 18.855174,-34.143782</coordinates></LinearRing></outerBoundaryIs></Polygon>
  </Placemark>
  <Placemark id="Official_Planning_Suburbs.583">
	<name>ANTILLES/CAYMAN BEACH</name><description>5558353</description><styleUrl>#suburbStyle</styleUrl><Polygon><outerBoundaryIs><LinearRing><coordinates>18.85274,-34.144325 18.851493,-34.143306 18.850371,-34.143882 18.850986,-34.144275 18.852032,-34.145505 18.852447,-34.14647 18.852586,-34.146571 18.854562,-34.145473 18.853402,-34.144019 18.852783,-34.144361 18.85274,-34.144325</coordinates></LinearRing></outerBoundaryIs></Polygon>
  </Placemark>
  <Placemark id="Official_Planning_Suburbs.584">
	<name>ANCHORAGE PARK</name><description>5558357</description><styleUrl>#suburbStyle</styleUrl><Polygon><outerBoundaryIs><LinearRing><coordinates>18.877388,-34.150096 18.873972,-34.145936 18.876219,-34.14466 18.875473,-34.143752 18.874045,-34.144657 18.872082,-34.145474 18.871252,-34.146043 18.871726,-34.14743 18.871538,-34.148246 18.87159,-34.149459 18.871011,-34.150485 18.872019,-34.1514 18.874092,-34.150193 18.876842,-34.15346 18.877781,-34.153011 18.879124,-34.152211 18.877388,-34.150096</coordinates></LinearRing></outerBoundaryIs></Polygon>
  </Placemark>
  <Placemark id="Official_Planning_Suburbs.585">
	<name>ADMIRALS PARK</name><description>22070883</description><styleUrl>#suburbStyle</styleUrl><Polygon><outerBoundaryIs><LinearRing><coordinates>18.879325,-34.152115 18.881493,-34.151081 18.876219,-34.14466 18.873972,-34.145936 18.879124,-34.152211 18.879325,-34.152115</coordinates></LinearRing></outerBoundaryIs></Polygon>
  </Placemark>
  <Placemark id="Official_Planning_Suburbs.586">
	<name>HARBOUR ISLAND</name><description>5558440</description><styleUrl>#suburbStyle</styleUrl><Polygon><outerBoundaryIs><LinearRing><coordinates>18.859173,-34.151745 18.859385,-34.151567 18.859303,-34.151426 18.860393,-34.150362 18.858812,-34.149293 18.855488,-34.146633 18.854562,-34.145473 18.852586,-34.146571 18.852846,-34.146759 18.853474,-34.146994 18.8541,-34.14773 18.855044,-34.148463 18.855126,-34.148638 18.854677,-34.149011 18.855543,-34.151037 18.855351,-34.15202 18.856178,-34.151904 18.856212,-34.151831 18.856549,-34.152121 18.857019,-34.152355 18.858052,-34.152516 18.858395,-34.152445 18.859173,-34.151745</coordinates></LinearRing></outerBoundaryIs></Polygon>
  </Placemark>
  <Placemark id="Official_Planning_Suburbs.587">
	<name>GORDONS BAY</name><description>22002701</description><styleUrl>#suburbStyle</styleUrl><MultiGeometry><Polygon><outerBoundaryIs><LinearRing><coordinates>18.864793,-34.142815 18.86139,-34.138662 18.854299,-34.142679 18.857026,-34.146101 18.859884,-34.148311 18.863048,-34.150275 18.863743,-34.149891 18.863717,-34.14982 18.864074,-34.149617 18.860362,-34.147119 18.863019,-34.145619 18.866011,-34.148518 18.868337,-34.147198 18.86915,-34.148195 18.871581,-34.147005 18.871252,-34.146043 18.872082,-34.145474 18.874045,-34.144657 18.875473,-34.143752 18.875172,-34.143385 18.873381,-34.144401 18.871786,-34.143051 18.866173,-34.142923 18.865107,-34.143195 18.864793,-34.142815</coordinates></LinearRing></outerBoundaryIs></Polygon><Polygon><outerBoundaryIs><LinearRing><coordinates>18.860978,-34.167943 18.869882,-34.164376 18.868594,-34.162724 18.867313,-34.162899 18.861896,-34.165334 18.859431,-34.166568 18.858668,-34.166838 18.853083,-34.168196 18.852548,-34.168214 18.85233,-34.168132 18.85093,-34.16853 18.85032,-34.16855 18.84988,-34.16874 18.84937,-34.16878 18.84906,-34.16914 18.84886,-34.16922 18.84855,-34.16921 18.84807,-34.169385 18.84764,-34.169655 18.846928,-34.169852 18.84562,-34.1705 18.84493,-34.17075 18.84483,-34.17088 18.84472,-34.17072 18.84461,-34.17071 18.84444,-34.17071 18.844199,-34.170855 18.846016,-34.173819 18.860978,-34.167943</coordinates></LinearRing></outerBoundaryIs></Polygon><Polygon><outerBoundaryIs><LinearRing><coordinates>18.886166,-34.148952 18.884908,-34.146821 18.87983,-34.149058 18.881493,-34.151081 18.878752,-34.15239 18.877781,-34.153011 18.875059,-34.154426 18.872395,-34.155972 18.872654,-34.156268 18.875485,-34.154875 18.875321,-34.154683 18.876813,-34.153887 18.882247,-34.151282 18.882813,-34.151089 18.883413,-34.150659 18.886321,-34.148955 18.88627,-34.14889 18.886166,-34.148952</coordinates></LinearRing></outerBoundaryIs></Polygon></MultiGeometry>
  </Placemark>
  <Placemark id="Official_Planning_Suburbs.588">
	<name>TIJGERHOF</name><description>5557918</description><styleUrl>#suburbStyle</styleUrl><Polygon><outerBoundaryIs><LinearRing><coordinates>18.50278,-33.884326 18.502857,-33.883062 18.50096,-33.878656 18.499635,-33.877926 18.496157,-33.882433 18.495822,-33.882988 18.495545,-33.883686 18.494944,-33.887057 18.493172,-33.892187 18.494658,-33.892521 18.494158,-33.89405 18.495869,-33.894435 18.496603,-33.892185 18.502055,-33.896081 18.502065,-33.896023 18.502189,-33.896111 18.50219,-33.895303 18.502121,-33.895106 18.50219,-33.893979 18.502119,-33.893846 18.502403,-33.888708 18.502517,-33.888638 18.502565,-33.88783 18.502089,-33.887729 18.502464,-33.886497 18.501145,-33.886133 18.501161,-33.886083 18.501536,-33.88616 18.501841,-33.885112 18.502721,-33.885286 18.50278,-33.884326</coordinates></LinearRing></outerBoundaryIs></Polygon>
  </Placemark>
  <Placemark id="Official_Planning_Suburbs.589">
	<name>CENTURY CITY</name><description>5557922</description><styleUrl>#suburbStyle</styleUrl><Polygon><outerBoundaryIs><LinearRing><coordinates>18.523374,-33.881587 18.524365,-33.877829 18.521154,-33.880234 18.519968,-33.880941 18.519325,-33.881202 18.516957,-33.881766 18.515941,-33.88173 18.514913,-33.881584 18.514629,-33.882814 18.514452,-33.883162 18.514148,-33.88351 18.511271,-33.884994 18.510765,-33.885036 18.510157,-33.884951 18.509972,-33.885827 18.509757,-33.88599 18.504784,-33.885599 18.503575,-33.885452 18.503526,-33.885388 18.501841,-33.885112 18.501536,-33.88616 18.501161,-33.886083 18.501145,-33.886133 18.502464,-33.886497 18.502089,-33.887729 18.502565,-33.88783 18.502517,-33.888638 18.502403,-33.888708 18.502119,-33.893846 18.50219,-33.893979 18.502121,-33.895106 18.50219,-33.895303 18.502189,-33.896111 18.509287,-33.901125 18.521077,-33.890251 18.5211,-33.889872 18.521032,-33.889836 18.521195,-33.888894 18.521889,-33.886771 18.523374,-33.881587</coordinates></LinearRing></outerBoundaryIs></Polygon>
  </Placemark>
  <Placemark id="Official_Planning_Suburbs.590">
	<name>ACACIA PARK</name><description>5557936</description><styleUrl>#suburbStyle</styleUrl><Polygon><outerBoundaryIs><LinearRing><coordinates>18.523116,-33.901158 18.532046,-33.899562 18.533363,-33.899021 18.533313,-33.897225 18.533158,-33.89582 18.533171,-33.89184 18.532709,-33.890121 18.531481,-33.887114 18.531221,-33.885165 18.529399,-33.885343 18.527287,-33.885869 18.52561,-33.886607 18.52418,-33.8875 18.520884,-33.890427 18.509287,-33.901125 18.504628,-33.897835 18.501517,-33.905021 18.501518,-33.90516 18.501603,-33.905059 18.507805,-33.903899 18.507928,-33.904059 18.519722,-33.901942 18.520035,-33.901787 18.522292,-33.901431 18.522285,-33.901307 18.523116,-33.901158</coordinates></LinearRing></outerBoundaryIs></Polygon>
  </Placemark>
  <Placemark id="Official_Planning_Suburbs.591">
	<name>YSTERPLAAT</name><description>5557955</description><styleUrl>#suburbStyle</styleUrl><Polygon><outerBoundaryIs><LinearRing><coordinates>18.499433,-33.894208 18.496603,-33.892185 18.495869,-33.894435 18.495296,-33.894309 18.493181,-33.897134 18.493077,-33.897081 18.489007,-33.902562 18.489107,-33.902581 18.489024,-33.902684 18.489093,-33.902925 18.48605,-33.909316 18.490572,-33.910825 18.490086,-33.911848 18.489182,-33.911598 18.488899,-33.912189 18.488712,-33.912127 18.488485,-33.912602 18.488719,-33.916513 18.490179,-33.916117 18.491415,-33.915673 18.493791,-33.914623 18.496019,-33.913367 18.498072,-33.91192 18.498231,-33.911773 18.498964,-33.910269 18.499138,-33.910077 18.501518,-33.90516 18.501517,-33.905021 18.504628,-33.897835 18.499433,-33.894208</coordinates></LinearRing></outerBoundaryIs></Polygon>
  </Placemark>
  <Placemark id="Official_Planning_Suburbs.592">
	<name>ST DUMAS</name><description>5558060</description><styleUrl>#suburbStyle</styleUrl><Polygon><outerBoundaryIs><LinearRing><coordinates>18.699041,-33.935254 18.698857,-33.93517 18.698909,-33.935141 18.692616,-33.933329 18.692354,-33.934205 18.692132,-33.9412 18.689669,-33.942322 18.690846,-33.94413 18.692399,-33.943404 18.691887,-33.94262 18.692529,-33.942331 18.69303,-33.941682 18.695027,-33.942753 18.696268,-33.941883 18.696832,-33.94128 18.697644,-33.939929 18.697833,-33.939402 18.698207,-33.936959 18.698617,-33.937136 18.69883,-33.935583 18.699861,-33.935626 18.699041,-33.935254</coordinates></LinearRing></outerBoundaryIs></Polygon>
  </Placemark>
  <Placemark id="Official_Planning_Suburbs.593">
	<name>LEIDEN</name><description>5558267</description><styleUrl>#suburbStyle</styleUrl><Polygon><outerBoundaryIs><LinearRing><coordinates>18.642893,-33.964235 18.641049,-33.963601 18.640332,-33.963524 18.637085,-33.963835 18.637268,-33.963955 18.633191,-33.964385 18.633199,-33.964287 18.633052,-33.964303 18.632877,-33.965034 18.632931,-33.965176 18.632837,-33.965202 18.632425,-33.966935 18.632482,-33.96706 18.632389,-33.967086 18.631961,-33.96888 18.63208,-33.968988 18.631373,-33.971962 18.63376,-33.976193 18.635343,-33.975718 18.638054,-33.975851 18.642497,-33.97651 18.642417,-33.976864 18.641625,-33.976746 18.641938,-33.978633 18.640828,-33.978761 18.640824,-33.97966 18.641809,-33.979663 18.642875,-33.97954 18.643449,-33.979407 18.643503,-33.979329 18.643554,-33.979493 18.64367,-33.979464 18.643321,-33.978356 18.643172,-33.977098 18.64331,-33.976749 18.643028,-33.976393 18.642411,-33.973679 18.642342,-33.972836 18.642415,-33.971871 18.642607,-33.971038 18.644701,-33.967371 18.646098,-33.965215 18.645201,-33.964924 18.644245,-33.964723 18.642893,-33.964235</coordinates></LinearRing></outerBoundaryIs></Polygon>
  </Placemark>
  <Placemark id="Official_Planning_Suburbs.594">
	<name>LANGEBERG HOOGTE</name><description>5557831</description><styleUrl>#suburbStyle</styleUrl><Polygon><outerBoundaryIs><LinearRing><coordinates>18.697062,-33.83571 18.697201,-33.832329 18.690048,-33.833987 18.689511,-33.836651 18.688517,-33.836618 18.687516,-33.839222 18.698256,-33.837759 18.698492,-33.835419 18.697062,-33.83571</coordinates></LinearRing></outerBoundaryIs></Polygon>
  </Placemark>
  <Placemark id="Official_Planning_Suburbs.595">
	<name>SIR LOWRY'S PASS</name><description>73922518</description><styleUrl>#suburbStyle</styleUrl><Polygon><outerBoundaryIs><LinearRing><coordinates>18.911334,-34.115704 18.909034,-34.114066 18.907169,-34.116138 18.905679,-34.116121 18.902996,-34.116376 18.90163,-34.116275 18.901884,-34.117104 18.902663,-34.116777 18.903062,-34.116688 18.903094,-34.116894 18.902962,-34.11698 18.903166,-34.117368 18.906321,-34.11703 18.906166,-34.117199 18.906148,-34.117354 18.905343,-34.117658 18.905529,-34.118248 18.90533,-34.118755 18.905429,-34.118776 18.905287,-34.119178 18.905886,-34.119726 18.905842,-34.120121 18.904341,-34.122139 18.904349,-34.12223 18.903399,-34.122488 18.9035,-34.122744 18.907059,-34.123108 18.909192,-34.118513 18.909268,-34.118296 18.909243,-34.117958 18.909531,-34.117992 18.911468,-34.120487 18.911577,-34.121348 18.911334,-34.123097 18.910796,-34.123755 18.909173,-34.124161 18.907191,-34.123173 18.906996,-34.123183 18.90711,-34.123722 18.909176,-34.124758 18.911673,-34.123822 18.914184,-34.123887 18.923007,-34.122206 18.924504,-34.122097 18.921968,-34.119928 18.918508,-34.120029 18.916732,-34.119827 18.916225,-34.119674 18.913768,-34.118268 18.912871,-34.117974 18.912825,-34.118022 18.913176,-34.118175 18.913114,-34.118444 18.912783,-34.118369 18.912704,-34.119008 18.910792,-34.118826 18.909639,-34.117481 18.909729,-34.116774 18.912521,-34.117028 18.912683,-34.116796 18.911334,-34.115704</coordinates></LinearRing></outerBoundaryIs></Polygon>
  </Placemark>
  <Placemark id="Official_Planning_Suburbs.596">
	<name>MISSION GROUNDS</name><description>5558377</description><styleUrl>#suburbStyle</styleUrl><Polygon><outerBoundaryIs><LinearRing><coordinates>18.903122,-34.117203 18.902962,-34.11698 18.903094,-34.116894 18.903062,-34.116688 18.902663,-34.116777 18.901884,-34.117104 18.901971,-34.117139 18.901883,-34.117874 18.900986,-34.11866 18.900937,-34.118598 18.899992,-34.118703 18.900367,-34.121296 18.90093,-34.123113 18.901268,-34.122976 18.904349,-34.12223 18.904341,-34.122139 18.905842,-34.120121 18.905886,-34.119726 18.905287,-34.119178 18.905429,-34.118776 18.90533,-34.118755 18.905529,-34.118248 18.905343,-34.117658 18.906148,-34.117354 18.906166,-34.117199 18.906321,-34.11703 18.903166,-34.117368 18.903122,-34.117203</coordinates></LinearRing></outerBoundaryIs></Polygon>
  </Placemark>
  <Placemark id="Official_Planning_Suburbs.597">
	<name>CROSSROADS</name><description>5558124</description><styleUrl>#suburbStyle</styleUrl><Polygon><outerBoundaryIs><LinearRing><coordinates>18.586836,-33.983556 18.575503,-33.979073 18.574484,-33.980849 18.573934,-33.981623 18.578944,-33.983652 18.591389,-33.988519 18.59118,-33.99046 18.591998,-33.997208 18.592111,-33.997684 18.592538,-33.998623 18.592614,-33.999619 18.600053,-33.99794 18.607653,-33.997056 18.608808,-33.997098 18.619433,-33.998235 18.620895,-33.998788 18.621644,-33.999332 18.620422,-33.996519 18.60418,-33.990094 18.604579,-33.989978 18.593167,-33.985478 18.592002,-33.984904 18.591105,-33.984365 18.587569,-33.981926 18.587272,-33.982851 18.586836,-33.983556</coordinates></LinearRing></outerBoundaryIs></Polygon>
  </Placemark>
  <Placemark id="Official_Planning_Suburbs.598">
	<name>NYANGA</name><description>5558133</description><styleUrl>#suburbStyle</styleUrl><Polygon><outerBoundaryIs><LinearRing><coordinates>18.570526,-34.002215 18.585598,-34.000948 18.586954,-34.000752 18.592614,-33.999619 18.592538,-33.998623 18.592111,-33.997684 18.591998,-33.997208 18.59118,-33.99046 18.591389,-33.988519 18.577242,-33.982979 18.572944,-33.989579 18.572802,-33.990056 18.57365,-34.000436 18.573805,-34.000982 18.569779,-34.001288 18.56988,-34.002266 18.570526,-34.002215</coordinates></LinearRing></outerBoundaryIs></Polygon>
  </Placemark>
  <Placemark id="Official_Planning_Suburbs.599">
	<name>EASTRIDGE</name><description>5558184</description><styleUrl>#suburbStyle</styleUrl><Polygon><outerBoundaryIs><LinearRing><coordinates>18.624234,-34.058235 18.627598,-34.057157 18.629064,-34.056611 18.630367,-34.055912 18.641346,-34.047081 18.636787,-34.043373 18.636294,-34.04293 18.635661,-34.042142 18.634833,-34.042538 18.630557,-34.046007 18.629975,-34.046352 18.626094,-34.047247 18.625744,-34.047428 18.624045,-34.048778 18.624238,-34.050245 18.6248,-34.051421 18.620884,-34.052754 18.621351,-34.054043 18.622913,-34.057278 18.623226,-34.05855 18.624234,-34.058235</coordinates></LinearRing></outerBoundaryIs></Polygon>
  </Placemark>
  <Placemark id="Official_Planning_Suburbs.600">
	<name>DENNEMERE</name><description>5558119</description><styleUrl>#suburbStyle</styleUrl><Polygon><outerBoundaryIs><LinearRing><coordinates>18.709617,-33.974842 18.709564,-33.974773 18.703113,-33.977534 18.702987,-33.977959 18.703375,-33.977798 18.703478,-33.97787 18.703395,-33.978576 18.700875,-33.986921 18.70106,-33.988164 18.701753,-33.990277 18.705829,-33.987136 18.707947,-33.985356 18.708569,-33.985011 18.708582,-33.984931 18.711239,-33.983816 18.712551,-33.98373 18.713412,-33.9838 18.713485,-33.983572 18.713423,-33.983483 18.715593,-33.982511 18.709617,-33.974842</coordinates></LinearRing></outerBoundaryIs></Polygon>
  </Placemark>
  <Placemark id="Official_Planning_Suburbs.601">
	<name>KLEINVLEI TOWN</name><description>5558131</description><styleUrl>#suburbStyle</styleUrl><Polygon><outerBoundaryIs><LinearRing><coordinates>18.716465,-33.983701 18.715593,-33.982511 18.713423,-33.983483 18.713485,-33.983572 18.713412,-33.9838 18.712551,-33.98373 18.711239,-33.983816 18.708582,-33.984931 18.708569,-33.985011 18.707947,-33.985356 18.705829,-33.987136 18.701753,-33.990277 18.703342,-33.995123 18.708425,-33.994 18.711475,-33.992441 18.714135,-33.989932 18.719887,-33.988821 18.719495,-33.988315 18.719049,-33.987374 18.717423,-33.984925 18.716465,-33.983701</coordinates></LinearRing></outerBoundaryIs></Polygon>
  </Placemark>
  <Placemark id="Official_Planning_Suburbs.602">
	<name>MEADOWRIDGE</name><description>5558170</description><styleUrl>#suburbStyle</styleUrl><Polygon><outerBoundaryIs><LinearRing><coordinates>18.461057,-34.039027 18.460744,-34.036132 18.460652,-34.03421 18.459741,-34.034077 18.458448,-34.033751 18.455218,-34.032425 18.454386,-34.031982 18.44924,-34.028673 18.448498,-34.028273 18.447434,-34.027857 18.446068,-34.030369 18.445405,-34.031962 18.449986,-34.040232 18.450322,-34.040609 18.450864,-34.040673 18.453406,-34.039925 18.454022,-34.039878 18.455039,-34.039995 18.455639,-34.040162 18.455761,-34.040363 18.455746,-34.040548 18.456567,-34.040692 18.456376,-34.041596 18.461429,-34.042376 18.461057,-34.039027</coordinates></LinearRing></outerBoundaryIs></Polygon>
  </Placemark>
  <Placemark id="Official_Planning_Suburbs.603">
	<name>SAREPTA</name><description>5558316</description><styleUrl>#suburbStyle</styleUrl><Polygon><outerBoundaryIs><LinearRing><coordinates>18.666475,-33.92483 18.663113,-33.924851 18.659961,-33.94061 18.662053,-33.940877 18.662088,-33.940634 18.66688,-33.941361 18.666882,-33.941271 18.67025,-33.941819 18.670783,-33.941846 18.670753,-33.942261 18.673661,-33.942722 18.673708,-33.942278 18.673213,-33.940436 18.672883,-33.939791 18.672543,-33.939418 18.672396,-33.939069 18.67278,-33.936805 18.672445,-33.935908 18.672353,-33.935414 18.672391,-33.934999 18.672819,-33.934031 18.676208,-33.934682 18.676688,-33.935722 18.679169,-33.935856 18.676711,-33.932637 18.676213,-33.932501 18.676195,-33.93257 18.675386,-33.932282 18.670931,-33.931073 18.669316,-33.931017 18.668394,-33.925031 18.667386,-33.925112 18.667356,-33.924927 18.666707,-33.924916 18.666475,-33.92483</coordinates></LinearRing></outerBoundaryIs></Polygon>
  </Placemark>
  <Placemark id="Official_Planning_Suburbs.604">
	<name>PELIKAN PARK</name><description>5558223</description><styleUrl>#suburbStyle</styleUrl><Polygon><outerBoundaryIs><LinearRing><coordinates>18.529043,-34.052684 18.528863,-34.051827 18.520166,-34.053053 18.52208,-34.062414 18.522242,-34.062482 18.522988,-34.070281 18.524524,-34.072687 18.525735,-34.075182 18.529085,-34.075919 18.535125,-34.090315 18.54727,-34.087917 18.548594,-34.087553 18.545706,-34.080128 18.544478,-34.080842 18.543226,-34.081122 18.543372,-34.081649 18.54311,-34.0817 18.545527,-34.084077 18.546288,-34.085163 18.5399,-34.088287 18.537999,-34.088834 18.537402,-34.087578 18.538441,-34.087237 18.537387,-34.084955 18.537548,-34.082739 18.538052,-34.082089 18.538367,-34.081842 18.538754,-34.082082 18.53909,-34.082153 18.539437,-34.082131 18.539757,-34.082019 18.540347,-34.081567 18.540896,-34.0807 18.541546,-34.080985 18.541946,-34.081073 18.542628,-34.081091 18.543851,-34.080851 18.544385,-34.080678 18.545635,-34.079946 18.545564,-34.079761 18.542263,-34.076078 18.53852,-34.072462 18.538673,-34.072431 18.535853,-34.069713 18.532528,-34.07021 18.53163,-34.065788 18.531953,-34.065651 18.531609,-34.064946 18.531398,-34.064258 18.529043,-34.052684</coordinates></LinearRing></outerBoundaryIs></Polygon>
  </Placemark>
  <Placemark id="Official_Planning_Suburbs.605">
	<name>PELIKAN HEIGHTS</name><description>22489769</description><styleUrl>#suburbStyle</styleUrl><Polygon><outerBoundaryIs><LinearRing><coordinates>18.544204,-34.08093 18.544869,-34.080659 18.545706,-34.080128 18.545635,-34.079946 18.544385,-34.080678 18.543851,-34.080851 18.542628,-34.081091 18.541946,-34.081073 18.541546,-34.080985 18.540896,-34.0807 18.540347,-34.081567 18.539757,-34.082019 18.539437,-34.082131 18.53909,-34.082153 18.538754,-34.082082 18.538367,-34.081842 18.538052,-34.082089 18.537548,-34.082739 18.537387,-34.084955 18.538441,-34.087237 18.537402,-34.087578 18.537999,-34.088834 18.5399,-34.088287 18.546288,-34.085163 18.545527,-34.084077 18.54311,-34.0817 18.543372,-34.081649 18.543226,-34.081122 18.544204,-34.08093</coordinates></LinearRing></outerBoundaryIs></Polygon>
  </Placemark>
  <Placemark id="Official_Planning_Suburbs.606">
	<name>ATLAS GARDENS BUSINESS PARK</name><description>5558285</description><styleUrl>#suburbStyle</styleUrl><Polygon><outerBoundaryIs><LinearRing><coordinates>18.557728,-33.818006 18.557754,-33.817298 18.557246,-33.814247 18.557087,-33.814212 18.557016,-33.813804 18.556693,-33.813798 18.556449,-33.813649 18.556379,-33.813735 18.556379,-33.814094 18.553486,-33.814133 18.552754,-33.814663 18.552327,-33.816857 18.552348,-33.818049 18.557724,-33.818115 18.557728,-33.818006</coordinates></LinearRing></outerBoundaryIs></Polygon>
  </Placemark>
  <Placemark id="Official_Planning_Suburbs.607">
	<name>BO OAKDALE</name><description>5557907</description><styleUrl>#suburbStyle</styleUrl><Polygon><outerBoundaryIs><LinearRing><coordinates>18.634221,-33.887045 18.635721,-33.886677 18.637025,-33.886255 18.639692,-33.885226 18.642141,-33.884166 18.640264,-33.882782 18.640329,-33.882742 18.639798,-33.882349 18.641556,-33.877667 18.639086,-33.877431 18.637335,-33.877139 18.638559,-33.871948 18.6375,-33.87176 18.637441,-33.871958 18.637781,-33.872013 18.637497,-33.872142 18.637624,-33.872336 18.637402,-33.872486 18.636701,-33.875315 18.636591,-33.875462 18.634508,-33.884618 18.634123,-33.887062 18.634221,-33.887045</coordinates></LinearRing></outerBoundaryIs></Polygon>
  </Placemark>
  <Placemark id="Official_Planning_Suburbs.608">
	<name>PAARDEN EILAND</name><description>5557972</description><styleUrl>#suburbStyle</styleUrl><Polygon><outerBoundaryIs><LinearRing><coordinates>18.478685,-33.900081 18.477834,-33.899671 18.477306,-33.900394 18.47503,-33.904279 18.47219,-33.907706 18.472222,-33.907803 18.471941,-33.908079 18.471547,-33.907906 18.470948,-33.909106 18.47023,-33.909904 18.470271,-33.91029 18.468997,-33.911193 18.467299,-33.912846 18.465754,-33.914149 18.462281,-33.916486 18.465808,-33.918616 18.460804,-33.920919 18.460273,-33.920993 18.460276,-33.92124 18.465931,-33.920679 18.476409,-33.918344 18.476326,-33.918077 18.476448,-33.917918 18.476919,-33.917686 18.477272,-33.917379 18.47758,-33.916846 18.477644,-33.916296 18.477524,-33.915475 18.477383,-33.915493 18.477229,-33.914224 18.476756,-33.913558 18.47573,-33.912468 18.475062,-33.911592 18.475408,-33.911398 18.47545,-33.911299 18.474986,-33.91054 18.474844,-33.910506 18.474566,-33.910148 18.474533,-33.909755 18.474881,-33.909362 18.475443,-33.909827 18.475496,-33.909766 18.475714,-33.9099 18.47615,-33.909591 18.476312,-33.908846 18.476819,-33.908273 18.476824,-33.908154 18.478508,-33.906255 18.478816,-33.905792 18.479985,-33.903599 18.479722,-33.903454 18.479647,-33.903231 18.480182,-33.902224 18.480414,-33.902186 18.480591,-33.902251 18.481235,-33.901259 18.48084,-33.900986 18.48094,-33.9008 18.479375,-33.900216 18.478908,-33.900184 18.478685,-33.900081</coordinates></LinearRing></outerBoundaryIs></Polygon>
  </Placemark>
  <Placemark id="Official_Planning_Suburbs.609">
	<name>SALT RIVER</name><description>5558022</description><styleUrl>#suburbStyle</styleUrl><Polygon><outerBoundaryIs><LinearRing><coordinates>18.475925,-33.929875 18.477643,-33.929353 18.476764,-33.927203 18.477679,-33.926831 18.477217,-33.925993 18.476941,-33.925189 18.476864,-33.924337 18.476979,-33.923693 18.477319,-33.922948 18.478458,-33.921215 18.479005,-33.92071 18.480268,-33.919945 18.480558,-33.919599 18.480818,-33.918225 18.480791,-33.917953 18.480527,-33.917613 18.479273,-33.917669 18.47844,-33.917909 18.465931,-33.920679 18.460276,-33.92124 18.460325,-33.925304 18.460224,-33.92799 18.459586,-33.928184 18.459357,-33.928577 18.455345,-33.931298 18.455578,-33.931385 18.455658,-33.931509 18.455988,-33.931704 18.455143,-33.932987 18.454403,-33.93266 18.453971,-33.933751 18.453894,-33.933789 18.453493,-33.934962 18.453488,-33.935024 18.453988,-33.935155 18.45379,-33.935781 18.453387,-33.935682 18.453166,-33.936373 18.45321,-33.936456 18.452945,-33.936944 18.453883,-33.937305 18.456463,-33.938576 18.456958,-33.938909 18.45712,-33.939061 18.456961,-33.939128 18.456349,-33.939878 18.456373,-33.939986 18.455998,-33.940447 18.45711,-33.940826 18.45758,-33.941184 18.462627,-33.936685 18.461859,-33.936062 18.462385,-33.935495 18.462261,-33.935431 18.466104,-33.930178 18.466363,-33.929936 18.46888,-33.930548 18.471005,-33.930877 18.471555,-33.931049 18.471538,-33.930843 18.47263,-33.930796 18.475925,-33.929875</coordinates></LinearRing></outerBoundaryIs></Polygon>
  </Placemark>
  <Placemark id="Official_Planning_Suburbs.610">
	<name>BERGVLIET</name><description>5558174</description><styleUrl>#suburbStyle</styleUrl><Polygon><outerBoundaryIs><LinearRing><coordinates>18.450595,-34.040674 18.450322,-34.040609 18.449986,-34.040232 18.446592,-34.034154 18.445618,-34.034505 18.445012,-34.034823 18.444598,-34.035186 18.444315,-34.035557 18.444034,-34.036382 18.44391,-34.03827 18.4439,-34.042618 18.44409,-34.043982 18.444316,-34.044874 18.445697,-34.04789 18.446144,-34.049069 18.446132,-34.049213 18.445952,-34.049391 18.445987,-34.049871 18.449043,-34.053145 18.450639,-34.052217 18.450825,-34.052237 18.450855,-34.052383 18.451323,-34.052938 18.451774,-34.053471 18.45193,-34.053544 18.45189,-34.053663 18.453433,-34.055005 18.453871,-34.055566 18.454153,-34.055631 18.454304,-34.055763 18.453975,-34.055708 18.454285,-34.056627 18.454648,-34.05671 18.455387,-34.056569 18.456324,-34.058125 18.456373,-34.058578 18.45648,-34.058766 18.457228,-34.059592 18.458229,-34.061288 18.458145,-34.06135 18.458595,-34.062113 18.458556,-34.062244 18.458746,-34.063159 18.458891,-34.063222 18.459042,-34.063855 18.458862,-34.064908 18.458966,-34.064923 18.458839,-34.065696 18.459357,-34.063679 18.462094,-34.049706 18.463616,-34.04271 18.456376,-34.041596 18.456567,-34.040692 18.455746,-34.040548 18.455761,-34.040363 18.455639,-34.040162 18.455039,-34.039995 18.454022,-34.039878 18.453406,-34.039925 18.450864,-34.040673 18.450595,-34.040674</coordinates></LinearRing></outerBoundaryIs></Polygon>
  </Placemark>
  <Placemark id="Official_Planning_Suburbs.611">
	<name>TOKAI</name><description>5558193</description><styleUrl>#suburbStyle</styleUrl><Polygon><outerBoundaryIs><LinearRing><coordinates>18.445982,-34.049814 18.445945,-34.04953 18.445565,-34.049581 18.447265,-34.056084 18.445757,-34.054958 18.444972,-34.055155 18.443577,-34.053518 18.438634,-34.056011 18.438663,-34.056099 18.432646,-34.059109 18.432452,-34.058987 18.430966,-34.059415 18.427311,-34.060912 18.427127,-34.060898 18.419192,-34.064176 18.411791,-34.067111 18.411869,-34.06717 18.411706,-34.070735 18.411783,-34.070834 18.411559,-34.073951 18.411252,-34.080677 18.421878,-34.087104 18.425063,-34.082929 18.425643,-34.083112 18.426742,-34.083243 18.427977,-34.083093 18.431126,-34.081812 18.431756,-34.081472 18.431949,-34.081264 18.432055,-34.080908 18.432035,-34.080656 18.431874,-34.080354 18.431632,-34.080101 18.430776,-34.079551 18.430189,-34.078828 18.429496,-34.077117 18.429348,-34.076338 18.429384,-34.07593 18.429678,-34.075151 18.430807,-34.073731 18.431249,-34.072891 18.431465,-34.072059 18.431511,-34.071091 18.432593,-34.072042 18.432846,-34.072731 18.43501,-34.073002 18.440285,-34.072944 18.443834,-34.073296 18.446694,-34.072932 18.447512,-34.069476 18.448241,-34.06432 18.457749,-34.06593 18.458791,-34.065991 18.458966,-34.064923 18.458862,-34.064908 18.459042,-34.063855 18.458891,-34.063222 18.458746,-34.063159 18.458556,-34.062244 18.458595,-34.062113 18.458145,-34.06135 18.458229,-34.061288 18.457228,-34.059592 18.45648,-34.058766 18.456373,-34.058578 18.456324,-34.058125 18.455387,-34.056569 18.454648,-34.05671 18.454285,-34.056627 18.453975,-34.055708 18.454304,-34.055763 18.454153,-34.055631 18.453871,-34.055566 18.453433,-34.055005 18.45189,-34.053663 18.45193,-34.053544 18.451774,-34.053471 18.451323,-34.052938 18.450855,-34.052383 18.450825,-34.052237 18.450639,-34.052217 18.449043,-34.053145 18.445982,-34.049814</coordinates></LinearRing></outerBoundaryIs></Polygon>
  </Placemark>
  <Placemark id="Official_Planning_Suburbs.612">
	<name>STIKLAND INDUSTRIA</name><description>5558294</description><styleUrl>#suburbStyle</styleUrl><Polygon><outerBoundaryIs><LinearRing><coordinates>18.676861,-33.892405 18.675251,-33.886488 18.673908,-33.887079 18.671462,-33.887869 18.672292,-33.89026 18.672539,-33.892014 18.67255,-33.892763 18.672881,-33.892514 18.672909,-33.892605 18.666071,-33.897786 18.66608,-33.897854 18.658506,-33.903468 18.658684,-33.903615 18.661615,-33.903456 18.660686,-33.904356 18.665083,-33.906119 18.661808,-33.909073 18.664942,-33.911291 18.668529,-33.914041 18.673907,-33.904808 18.676373,-33.900291 18.67674,-33.899423 18.677217,-33.897965 18.677362,-33.897198 18.677416,-33.896262 18.677409,-33.894861 18.676861,-33.892405</coordinates></LinearRing></outerBoundaryIs></Polygon>
  </Placemark>
  <Placemark id="Official_Planning_Suburbs.613">
	<name>MXOLISI PHETANI</name><description>5558149</description><styleUrl>#suburbStyle</styleUrl><Polygon><outerBoundaryIs><LinearRing><coordinates>18.640576,-34.017389 18.649395,-34.016607 18.652442,-34.016082 18.656649,-34.015983 18.658759,-34.012317 18.654612,-34.010557 18.646679,-34.006872 18.638544,-34.003632 18.637473,-34.00376 18.63673,-34.003928 18.637484,-34.010454 18.63767,-34.011056 18.638273,-34.015876 18.638566,-34.01647 18.639181,-34.017013 18.63986,-34.017303 18.640576,-34.017389</coordinates></LinearRing></outerBoundaryIs></Polygon>
  </Placemark>
  <Placemark id="Official_Planning_Suburbs.614">
	<name>BONGANI</name><description>5558159</description><styleUrl>#suburbStyle</styleUrl><Polygon><outerBoundaryIs><LinearRing><coordinates>18.640358,-34.017384 18.639471,-34.017169 18.638775,-34.016707 18.638398,-34.016199 18.638209,-34.015658 18.638468,-34.018041 18.638376,-34.018048 18.638385,-34.018236 18.634486,-34.018545 18.633381,-34.01846 18.632265,-34.018549 18.632608,-34.021372 18.632654,-34.022603 18.634688,-34.039673 18.63488,-34.040552 18.635416,-34.041784 18.636294,-34.04293 18.636787,-34.043373 18.641404,-34.047126 18.641938,-34.046676 18.642329,-34.046497 18.650916,-34.044701 18.651553,-34.044673 18.652186,-34.044738 18.654267,-34.045348 18.654859,-34.045327 18.655648,-34.045098 18.654248,-34.042024 18.654037,-34.041315 18.651611,-34.020897 18.651806,-34.020033 18.652281,-34.019282 18.65306,-34.018689 18.65548,-34.017443 18.655933,-34.017025 18.656647,-34.015983 18.652442,-34.016082 18.649395,-34.016607 18.641195,-34.017361 18.640358,-34.017384</coordinates></LinearRing></outerBoundaryIs></Polygon>
  </Placemark>
  <Placemark id="Official_Planning_Suburbs.615">
	<name>ELNOR</name><description>5558253</description><styleUrl>#suburbStyle</styleUrl><Polygon><outerBoundaryIs><LinearRing><coordinates>18.57799,-33.93696 18.583831,-33.936178 18.583829,-33.936032 18.583636,-33.935677 18.580696,-33.933499 18.57734,-33.930869 18.576476,-33.931585 18.575811,-33.93179 18.575367,-33.93182 18.575558,-33.932109 18.574756,-33.932513 18.576282,-33.934634 18.576287,-33.934756 18.576662,-33.935299 18.57799,-33.93696</coordinates></LinearRing></outerBoundaryIs></Polygon>
  </Placemark>
  <Placemark id="Official_Planning_Suburbs.616">
	<name>EPPING FOREST</name><description>5558254</description><styleUrl>#suburbStyle</styleUrl><Polygon><outerBoundaryIs><LinearRing><coordinates>18.574939,-33.931817 18.570061,-33.931542 18.570046,-33.932881 18.572998,-33.93703 18.577948,-33.93698 18.576662,-33.935299 18.576287,-33.934756 18.576282,-33.934634 18.574756,-33.932513 18.575558,-33.932109 18.575367,-33.93182 18.574939,-33.931817</coordinates></LinearRing></outerBoundaryIs></Polygon>
  </Placemark>
  <Placemark id="Official_Planning_Suburbs.617">
	<name>GOLDEN ACRE</name><description>5558477</description><styleUrl>#suburbStyle</styleUrl><Polygon><outerBoundaryIs><LinearRing><coordinates>18.866063,-34.07083 18.862812,-34.070344 18.862537,-34.07041 18.855982,-34.076053 18.856402,-34.076902 18.85649,-34.076982 18.85892,-34.076926 18.861194,-34.077291 18.863867,-34.077957 18.865387,-34.077958 18.867754,-34.078605 18.869051,-34.078611 18.868179,-34.07113 18.866063,-34.07083</coordinates></LinearRing></outerBoundaryIs></Polygon>
  </Placemark>
  <Placemark id="Official_Planning_Suburbs.618">
	<name>MARTINVILLE</name><description>22122293</description><styleUrl>#suburbStyle</styleUrl><Polygon><outerBoundaryIs><LinearRing><coordinates>18.862418,-34.07764 18.861194,-34.077291 18.86027,-34.077146 18.860538,-34.078302 18.854067,-34.081137 18.851766,-34.082295 18.852712,-34.083533 18.853679,-34.084558 18.854466,-34.085769 18.85545,-34.086167 18.855641,-34.085757 18.856184,-34.085169 18.857533,-34.084296 18.860136,-34.082888 18.863275,-34.082448 18.869207,-34.07991 18.869051,-34.078611 18.867754,-34.078605 18.865387,-34.077958 18.863867,-34.077957 18.862418,-34.07764</coordinates></LinearRing></outerBoundaryIs></Polygon>
  </Placemark>
  <Placemark id="Official_Planning_Suburbs.619">
	<name>PROTEA HEIGHTS</name><description>5557924</description><styleUrl>#suburbStyle</styleUrl><Polygon><outerBoundaryIs><LinearRing><coordinates>18.706149,-33.881709 18.704411,-33.879748 18.704114,-33.879046 18.70403,-33.878408 18.700982,-33.878509 18.696065,-33.879157 18.690259,-33.880396 18.687719,-33.882305 18.68763,-33.882281 18.685764,-33.883655 18.684863,-33.88407 18.683975,-33.88471 18.683883,-33.884892 18.683991,-33.885332 18.686403,-33.888659 18.68656,-33.888982 18.686599,-33.889373 18.686485,-33.889796 18.686247,-33.890142 18.684617,-33.891854 18.684315,-33.893646 18.692961,-33.888618 18.700121,-33.897228 18.701391,-33.896187 18.706966,-33.892207 18.707427,-33.89196 18.70554,-33.886675 18.708739,-33.884877 18.706149,-33.881709</coordinates></LinearRing></outerBoundaryIs></Polygon>
  </Placemark>
  <Placemark id="Official_Planning_Suburbs.620">
	<name>AURORA</name><description>5557817</description><styleUrl>#suburbStyle</styleUrl><Polygon><outerBoundaryIs><LinearRing><coordinates>18.635193,-33.824409 18.636828,-33.823913 18.636354,-33.822582 18.635717,-33.822778 18.627802,-33.829004 18.62774,-33.828939 18.62762,-33.829033 18.625688,-33.829323 18.625768,-33.829671 18.624599,-33.83035 18.62507,-33.832506 18.626394,-33.832528 18.626575,-33.833376 18.62616,-33.833439 18.626218,-33.833724 18.627638,-33.836307 18.627041,-33.837074 18.630146,-33.840207 18.632101,-33.841229 18.63234,-33.840909 18.632236,-33.840855 18.632225,-33.838184 18.632153,-33.838161 18.632082,-33.83508 18.632162,-33.835082 18.632149,-33.834539 18.632266,-33.834479 18.632261,-33.833986 18.632116,-33.833996 18.633355,-33.828194 18.634842,-33.826898 18.633775,-33.82538 18.635193,-33.824409</coordinates></LinearRing></outerBoundaryIs></Polygon>
  </Placemark>
  <Placemark id="Official_Planning_Suburbs.621">
	<name>VERGESIG</name><description>5557836</description><styleUrl>#suburbStyle</styleUrl><Polygon><outerBoundaryIs><LinearRing><coordinates>18.63541,-33.835059 18.635459,-33.833754 18.632261,-33.833986 18.632266,-33.834479 18.632149,-33.834539 18.632162,-33.835082 18.632082,-33.83508 18.632153,-33.838161 18.632225,-33.838184 18.632236,-33.840855 18.63234,-33.840909 18.632101,-33.841229 18.632233,-33.841298 18.631689,-33.842024 18.633318,-33.842876 18.633768,-33.842915 18.634238,-33.842771 18.634467,-33.842467 18.634832,-33.842655 18.634717,-33.843139 18.634976,-33.843105 18.634985,-33.843327 18.637083,-33.842974 18.638365,-33.842958 18.63664,-33.840316 18.637764,-33.840211 18.637747,-33.840138 18.638732,-33.839767 18.63791,-33.838523 18.637782,-33.83858 18.63541,-33.835059</coordinates></LinearRing></outerBoundaryIs></Polygon>
  </Placemark>
  <Placemark id="Official_Planning_Suburbs.622">
	<name>CAPE FARMS - DISTRICT C</name><description>5558450</description><styleUrl>#suburbStyle</styleUrl><Polygon><outerBoundaryIs><LinearRing><coordinates>18.710287,-33.793992 18.708501,-33.796083 18.69872,-33.795505 18.696293,-33.792151 18.700297,-33.788091 18.702245,-33.785907 18.703311,-33.78435 18.704984,-33.784924 18.705628,-33.785007 18.706478,-33.78498 18.707098,-33.784839 18.707974,-33.784505 18.711657,-33.782758 18.710979,-33.78788 18.710973,-33.788759 18.710705,-33.790687 18.710856,-33.790751 18.710468,-33.79378 18.710703,-33.793505 18.711065,-33.790759 18.713307,-33.790454 18.714929,-33.788541 18.711756,-33.788523 18.711729,-33.78871 18.711559,-33.788523 18.712479,-33.782374 18.71835,-33.779693 18.71925,-33.779354 18.719687,-33.779226 18.719747,-33.779434 18.723335,-33.778636 18.731026,-33.769571 18.729423,-33.751105 18.710885,-33.73109 18.717648,-33.725612 18.716645,-33.718457 18.715899,-33.717689 18.715566,-33.717188 18.709035,-33.726323 18.70512,-33.72943 18.703613,-33.729364 18.703615,-33.729005 18.704239,-33.728471 18.704211,-33.728109 18.704141,-33.727969 18.703109,-33.727112 18.704364,-33.72669 18.704479,-33.726429 18.704343,-33.726033 18.703249,-33.725594 18.702576,-33.724978 18.701592,-33.724951 18.700805,-33.724844 18.700128,-33.724508 18.699648,-33.724442 18.69943,-33.724144 18.699619,-33.723694 18.70822,-33.720654 18.712565,-33.71255 18.705785,-33.702083 18.704282,-33.700417 18.704103,-33.700583 18.704097,-33.700494 18.70348,-33.700036 18.703094,-33.69989 18.702756,-33.699939 18.70251,-33.700073 18.702089,-33.700623 18.701782,-33.700664 18.699948,-33.697963 18.699998,-33.697932 18.69965,-33.697321 18.69952,-33.697367 18.699414,-33.697285 18.699371,-33.6972 18.699611,-33.697114 18.69936,-33.696627 18.69912,-33.69672 18.698926,-33.696341 18.69845,-33.694869 18.699054,-33.694654 18.697306,-33.692726 18.69332,-33.681272 18.692669,-33.681268 18.689739,-33.66523 18.670851,-33.647423 18.669193,-33.648878 18.655167,-33.634278 18.644956,-33.635744 18.64138,-33.63322 18.63009,-33.62638 18.627,-33.62459 18.62208,-33.61455 18.62011,-33.59596 18.617989,-33.58436 18.61024,-33.585111 18.600863,-33.599893 18.598462,-33.603994 18.594137,-33.610785 18.559103,-33.663017 18.557288,-33.665851 18.556355,-33.667574 18.555216,-33.670349 18.551241,-33.684696 18.544511,-33.708185 18.543778,-33.711725 18.543529,-33.713694 18.543638,-33.718261 18.544681,-33.729683 18.545782,-33.743032 18.549051,-33.784207 18.54891,-33.787105 18.548111,-33.791441 18.547714,-33.794561 18.547643,-33.805026 18.547491,-33.806864 18.54726,-33.808583 18.546705,-33.811092 18.545904,-33.813638 18.545399,-33.81496 18.547178,-33.81471 18.550958,-33.825447 18.557711,-33.823054 18.558339,-33.822555 18.559911,-33.821732 18.567351,-33.831942 18.577803,-33.838762 18.594898,-33.829773 18.595825,-33.830714 18.596104,-33.837995 18.5965,-33.8432 18.595974,-33.844602 18.604422,-33.843877 18.604879,-33.841969 18.605364,-33.839327 18.608014,-33.840224 18.613463,-33.841423 18.612603,-33.842773 18.611109,-33.842226 18.606438,-33.847723 18.608356,-33.848893 18.607431,-33.851295 18.612728,-33.852204 18.617582,-33.857394 18.627912,-33.851378 18.634681,-33.844872 18.635005,-33.844357 18.635152,-33.843296 18.634985,-33.843327 18.634976,-33.843105 18.634717,-33.843139 18.634832,-33.842655 18.634467,-33.842467 18.634238,-33.842771 18.633768,-33.842915 18.633318,-33.842876 18.631689,-33.842024 18.632233,-33.841298 18.630146,-33.840207 18.627041,-33.837074 18.627638,-33.836307 18.626218,-33.833724 18.62616,-33.833439 18.626575,-33.833376 18.626394,-33.832528 18.62507,-33.832506 18.624599,-33.83035 18.625768,-33.829671 18.625688,-33.829323 18.62762,-33.829033 18.62774,-33.828939 18.627802,-33.829004 18.630487,-33.8269 18.626687,-33.823486 18.621736,-33.818826 18.621381,-33.816864 18.617944,-33.81239 18.612011,-33.811541 18.612652,-33.811349 18.612136,-33.809801 18.612484,-33.808514 18.611334,-33.808261 18.612882,-33.804887 18.615153,-33.807793 18.617087,-33.808068 18.621779,-33.805543 18.625855,-33.810313 18.626356,-33.810705 18.62805,-33.811496 18.629808,-33.812638 18.629786,-33.812685 18.641711,-33.811276 18.645958,-33.814636 18.647859,-33.815296 18.648003,-33.815281 18.652971,-33.810713 18.651042,-33.809214 18.654792,-33.805683 18.660697,-33.800444 18.661691,-33.801563 18.665604,-33.811148 18.66665,-33.814017 18.666958,-33.815264 18.666909,-33.818137 18.667856,-33.820461 18.668517,-33.82034 18.668711,-33.820624 18.6696,-33.823536 18.670247,-33.823289 18.669969,-33.821173 18.669978,-33.820269 18.67029,-33.818478 18.670224,-33.818009 18.669788,-33.817059 18.669773,-33.816815 18.669349,-33.81631 18.669154,-33.816318 18.668498,-33.81562 18.66766,-33.814177 18.666694,-33.812121 18.665526,-33.809257 18.664931,-33.807521 18.664208,-33.806014 18.66297,-33.803001 18.671818,-33.812931 18.676507,-33.807549 18.677481,-33.806621 18.678873,-33.805626 18.680426,-33.807189 18.680418,-33.809314 18.67962,-33.811796 18.679611,-33.814211 18.680376,-33.817002 18.681525,-33.819049 18.683039,-33.818459 18.682999,-33.818368 18.694631,-33.809584 18.702003,-33.803717 18.710282,-33.803867 18.709734,-33.80241 18.709612,-33.801017 18.710468,-33.79378 18.710287,-33.793992</coordinates></LinearRing></outerBoundaryIs><innerBoundaryIs><LinearRing><coordinates>18.552754,-33.814663 18.553486,-33.814133 18.556379,-33.814094 18.556379,-33.813735 18.556449,-33.813649 18.556693,-33.813798 18.557016,-33.813804 18.557087,-33.814212 18.557246,-33.814247 18.557754,-33.817298 18.557724,-33.818115 18.552348,-33.818049 18.552327,-33.816857 18.552754,-33.814663</coordinates></LinearRing></innerBoundaryIs><innerBoundaryIs><LinearRing><coordinates>18.582651,-33.666581 18.581571,-33.667839 18.580665,-33.66976 18.577496,-33.668476 18.583133,-33.662188 18.585304,-33.663493 18.583545,-33.665539 18.584225,-33.665858 18.584541,-33.665844 18.584832,-33.665713 18.585686,-33.665096 18.585509,-33.664924 18.58619,-33.664432 18.58664,-33.664442 18.587495,-33.665538 18.586419,-33.665762 18.585801,-33.665164 18.584909,-33.665808 18.584578,-33.665956 18.584203,-33.665973 18.583466,-33.665631 18.582651,-33.666581</coordinates></LinearRing></innerBoundaryIs></Polygon>
  </Placemark>
  <Placemark id="Official_Planning_Suburbs.623">
	<name>RAVENSMEAD</name><description>5558013</description><styleUrl>#suburbStyle</styleUrl><Polygon><outerBoundaryIs><LinearRing><coordinates>18.615064,-33.915209 18.609822,-33.915956 18.609338,-33.915928 18.608987,-33.91567 18.607832,-33.916052 18.606757,-33.916294 18.597531,-33.917587 18.596026,-33.91799 18.598011,-33.928827 18.602585,-33.931668 18.602199,-33.929836 18.60544,-33.929398 18.605203,-33.928279 18.60743,-33.927957 18.607222,-33.926898 18.609097,-33.926622 18.61116,-33.925343 18.612639,-33.922114 18.612009,-33.919058 18.61669,-33.918299 18.615064,-33.915209</coordinates></LinearRing></outerBoundaryIs></Polygon>
  </Placemark>
  <Placemark id="Official_Planning_Suburbs.624">
	<name>KHAYA</name><description>5558171</description><styleUrl>#suburbStyle</styleUrl><Polygon><outerBoundaryIs><LinearRing><coordinates>18.663149,-34.029619 18.662604,-34.029568 18.661055,-34.029234 18.658596,-34.029376 18.655437,-34.030174 18.655026,-34.030342 18.653929,-34.031047 18.652836,-34.031198 18.654037,-34.041315 18.654248,-34.042024 18.655653,-34.045109 18.66264,-34.042813 18.665457,-34.041753 18.668219,-34.040885 18.664064,-34.029474 18.663149,-34.029619</coordinates></LinearRing></outerBoundaryIs></Polygon>
  </Placemark>
  <Placemark id="Official_Planning_Suburbs.625">
	<name>EKUPHUMLENI</name><description>84999855</description><styleUrl>#suburbStyle</styleUrl><Polygon><outerBoundaryIs><LinearRing><coordinates>18.67168,-34.051008 18.672896,-34.050486 18.675841,-34.048704 18.674591,-34.046546 18.673438,-34.045135 18.6731,-34.044532 18.671518,-34.03991 18.670393,-34.040143 18.668219,-34.040885 18.67055,-34.047318 18.671586,-34.050437 18.671607,-34.05103 18.67168,-34.051008</coordinates></LinearRing></outerBoundaryIs></Polygon>
  </Placemark>
  <Placemark id="Official_Planning_Suburbs.626">
	<name>ILITHA PARK</name><description>22601563</description><styleUrl>#suburbStyle</styleUrl><Polygon><outerBoundaryIs><LinearRing><coordinates>18.671607,-34.05103 18.671586,-34.050437 18.67055,-34.047318 18.668219,-34.040885 18.665457,-34.041753 18.66264,-34.042813 18.655673,-34.045091 18.655902,-34.045601 18.655966,-34.046159 18.655272,-34.049349 18.655211,-34.0509 18.655399,-34.052216 18.655802,-34.05348 18.656082,-34.054091 18.656753,-34.055159 18.657956,-34.056474 18.659486,-34.057641 18.661192,-34.058549 18.662281,-34.056763 18.663733,-34.055323 18.66558,-34.052966 18.665868,-34.052716 18.666706,-34.052261 18.668926,-34.051482 18.671607,-34.05103</coordinates></LinearRing></outerBoundaryIs></Polygon>
  </Placemark>
  <Placemark id="Official_Planning_Suburbs.627">
	<name>KOMMETJIE</name><description>5558235</description><styleUrl>#suburbStyle</styleUrl><Polygon><outerBoundaryIs><LinearRing><coordinates>18.340964,-34.127877 18.341182,-34.127704 18.341192,-34.127311 18.34015,-34.12711 18.33911,-34.12733 18.33882,-34.12754 18.33852,-34.12788 18.33796,-34.12905 18.33773,-34.12929 18.33684,-34.1299 18.33597,-34.13149 18.3356,-34.13172 18.33529,-34.13212 18.335249,-34.132402 18.335558,-34.132644 18.334154,-34.134367 18.334084,-34.134366 18.333809,-34.134866 18.33383,-34.135007 18.334123,-34.135281 18.334104,-34.135475 18.333933,-34.135295 18.333498,-34.135522 18.333042,-34.135615 18.332558,-34.135837 18.332191,-34.135888 18.332009,-34.136055 18.331776,-34.136073 18.331637,-34.136211 18.331418,-34.13627 18.331238,-34.136576 18.330777,-34.136608 18.330655,-34.136724 18.330327,-34.136792 18.330209,-34.136885 18.330037,-34.136845 18.329086,-34.136996 18.328511,-34.137216 18.32801,-34.137181 18.327527,-34.136903 18.326957,-34.136783 18.325122,-34.136862 18.324467,-34.137143 18.32431,-34.137311 18.323716,-34.137633 18.322586,-34.138144 18.322258,-34.13869 18.322288,-34.139027 18.322179,-34.139171 18.322428,-34.139522 18.322426,-34.139842 18.322016,-34.140359 18.320966,-34.140745 18.320854,-34.140838 18.32085,-34.141016 18.32097,-34.141278 18.321265,-34.141298 18.322403,-34.140875 18.32292,-34.140976 18.323494,-34.141658 18.3235,-34.141935 18.322927,-34.142165 18.322879,-34.142386 18.323142,-34.142633 18.322971,-34.142802 18.322785,-34.14284 18.322788,-34.142899 18.321964,-34.143269 18.321006,-34.143823 18.320356,-34.144304 18.319009,-34.144816 18.322948,-34.14791 18.336795,-34.144027 18.337577,-34.142443 18.348105,-34.143617 18.349059,-34.143665 18.350049,-34.143603 18.351059,-34.143412 18.352028,-34.143079 18.352825,-34.142703 18.360132,-34.13843 18.361366,-34.137798 18.363739,-34.136997 18.370643,-34.135473 18.370653,-34.13538 18.370543,-34.135385 18.371033,-34.131112 18.370025,-34.131332 18.369521,-34.135493 18.364845,-34.135576 18.363654,-34.135713 18.363658,-34.135584 18.363593,-34.135615 18.363494,-34.135476 18.363372,-34.135535 18.363219,-34.135319 18.362372,-34.135495 18.36167,-34.135978 18.359681,-34.136652 18.358642,-34.136861 18.357855,-34.136769 18.356731,-34.136862 18.355971,-34.136787 18.354332,-34.137076 18.353646,-34.137334 18.352181,-34.137382 18.350962,-34.1372 18.349716,-34.136902 18.348528,-34.136511 18.347006,-34.135675 18.346698,-34.135404 18.345099,-34.134542 18.34489,-34.134667 18.344867,-34.134795 18.345386,-34.136096 18.342391,-34.137748 18.341452,-34.137312 18.341298,-34.136936 18.341963,-34.136748 18.342361,-34.136102 18.341443,-34.13493 18.341347,-34.134586 18.341833,-34.134583 18.34268,-34.134146 18.34285,-34.133521 18.342851,-34.133202 18.342618,-34.133172 18.342652,-34.132711 18.340841,-34.132479 18.340798,-34.132206 18.34221,-34.129829 18.342118,-34.129685 18.341626,-34.129497 18.342039,-34.129255 18.341549,-34.129063 18.341308,-34.129119 18.341088,-34.129059 18.341243,-34.128756 18.34073,-34.128369 18.340626,-34.128137 18.340609,-34.12791 18.340845,-34.127936 18.340964,-34.127877</coordinates></LinearRing></outerBoundaryIs></Polygon>
  </Placemark>
  <Placemark id="Official_Planning_Suburbs.628">
	<name>BRACKENFELL SOUTH</name><description>5557935</description><styleUrl>#suburbStyle</styleUrl><Polygon><outerBoundaryIs><LinearRing><coordinates>18.719532,-33.895342 18.721317,-33.890527 18.72073,-33.889134 18.715504,-33.888837 18.715401,-33.887103 18.715105,-33.886089 18.714677,-33.886069 18.712136,-33.882973 18.70554,-33.886675 18.707427,-33.89196 18.706966,-33.892207 18.701391,-33.896187 18.700121,-33.897228 18.700067,-33.897158 18.699246,-33.89722 18.69972,-33.899286 18.695853,-33.900021 18.696288,-33.902014 18.696631,-33.902283 18.69712,-33.904543 18.701404,-33.903697 18.706721,-33.901916 18.712927,-33.901101 18.71266,-33.900988 18.713074,-33.900939 18.712901,-33.896404 18.713002,-33.896421 18.713185,-33.900478 18.716649,-33.900065 18.716588,-33.898865 18.718894,-33.897466 18.718817,-33.897283 18.719532,-33.895342</coordinates></LinearRing></outerBoundaryIs></Polygon>
  </Placemark>
  <Placemark id="Official_Planning_Suburbs.629">
	<name>BOTTELARY SMALLHOLDINGS 2</name><description>5557974</description><styleUrl>#suburbStyle</styleUrl><Polygon><outerBoundaryIs><LinearRing><coordinates>18.698933,-33.917443 18.713609,-33.91142 18.713816,-33.910859 18.71176,-33.909116 18.704785,-33.907487 18.704251,-33.906481 18.705526,-33.906011 18.709103,-33.905273 18.708776,-33.903279 18.7087,-33.901622 18.706391,-33.902001 18.701404,-33.903697 18.697056,-33.904555 18.698622,-33.911529 18.698743,-33.917521 18.698933,-33.917443</coordinates></LinearRing></outerBoundaryIs></Polygon>
  </Placemark>
  <Placemark id="Official_Planning_Suburbs.630">
	<name>BURGUNDY</name><description>5558284</description><styleUrl>#suburbStyle</styleUrl><Polygon><outerBoundaryIs><LinearRing><coordinates>18.686446,-33.892586 18.686353,-33.892474 18.684315,-33.893646 18.683074,-33.901872 18.682993,-33.903726 18.68325,-33.904334 18.688665,-33.903068 18.689452,-33.90541 18.694759,-33.904383 18.695265,-33.904747 18.695336,-33.904882 18.69712,-33.904543 18.696631,-33.902283 18.696288,-33.902014 18.695853,-33.900021 18.69258,-33.900605 18.692328,-33.900787 18.69216,-33.900747 18.691999,-33.900598 18.688613,-33.900308 18.689204,-33.8959 18.686446,-33.892586</coordinates></LinearRing></outerBoundaryIs></Polygon>
  </Placemark>
  <Placemark id="Official_Planning_Suburbs.631">
	<name>MORGAN INDUSTRIA</name><description>25857195</description><styleUrl>#suburbStyle</styleUrl><Polygon><outerBoundaryIs><LinearRing><coordinates>18.684874,-33.884086 18.684529,-33.884128 18.684487,-33.884072 18.676313,-33.890225 18.677258,-33.893976 18.677409,-33.894861 18.677392,-33.896845 18.677217,-33.897965 18.676373,-33.900291 18.672373,-33.907452 18.674227,-33.907784 18.675659,-33.907944 18.677214,-33.908019 18.679656,-33.907947 18.683448,-33.907205 18.683489,-33.907271 18.685684,-33.906852 18.688955,-33.906075 18.695332,-33.904876 18.695265,-33.904747 18.694759,-33.904383 18.689452,-33.90541 18.688665,-33.903068 18.68325,-33.904334 18.682993,-33.903726 18.683074,-33.901872 18.684617,-33.891854 18.686247,-33.890142 18.686485,-33.889796 18.686599,-33.889373 18.68656,-33.888982 18.686403,-33.888659 18.683991,-33.885332 18.6839,-33.885088 18.683883,-33.884892 18.683975,-33.88471 18.684874,-33.884086</coordinates></LinearRing></outerBoundaryIs></Polygon>
  </Placemark>
  <Placemark id="Official_Planning_Suburbs.632">
	<name>ROSENPARK</name><description>5557896</description><styleUrl>#suburbStyle</styleUrl><Polygon><outerBoundaryIs><LinearRing><coordinates>18.642782,-33.8679 18.642016,-33.867164 18.64113,-33.864958 18.640117,-33.864797 18.638884,-33.87014 18.642917,-33.870777 18.642896,-33.870648 18.641957,-33.869758 18.643245,-33.868815 18.643495,-33.869052 18.643771,-33.868852 18.642782,-33.8679</coordinates></LinearRing></outerBoundaryIs></Polygon>
  </Placemark>
  <Placemark id="Official_Planning_Suburbs.633">
	<name>THEMBOKWEZI</name><description>5558150</description><styleUrl>#suburbStyle</styleUrl><Polygon><outerBoundaryIs><LinearRing><coordinates>18.638068,-34.01428 18.637665,-34.011018 18.637484,-34.010454 18.63669,-34.003939 18.637473,-34.00376 18.638544,-34.003632 18.632995,-34.00145 18.629098,-34.005236 18.63073,-34.00646 18.632114,-34.007152 18.631363,-34.008023 18.631126,-34.00874 18.632265,-34.018549 18.633381,-34.01846 18.634486,-34.018545 18.638385,-34.018236 18.638376,-34.018048 18.638468,-34.018041 18.638068,-34.01428</coordinates></LinearRing></outerBoundaryIs></Polygon>
  </Placemark>
  <Placemark id="Official_Planning_Suburbs.634">
	<name>BELLVILLE SOUTH</name><description>5557996</description><styleUrl>#suburbStyle</styleUrl><Polygon><outerBoundaryIs><LinearRing><coordinates>18.634551,-33.907659 18.634375,-33.907614 18.633908,-33.907658 18.633499,-33.908732 18.632173,-33.908401 18.633624,-33.916325 18.633684,-33.917179 18.633992,-33.917178 18.634119,-33.917897 18.639521,-33.924619 18.643009,-33.924748 18.643079,-33.9243 18.64276,-33.924366 18.642659,-33.923987 18.642565,-33.923931 18.641362,-33.91949 18.64672,-33.919717 18.646768,-33.919896 18.646926,-33.919966 18.646926,-33.920445 18.647232,-33.921582 18.652298,-33.921795 18.651025,-33.916919 18.65105,-33.915986 18.651437,-33.915035 18.6442,-33.914733 18.645232,-33.918308 18.645163,-33.918362 18.645115,-33.918166 18.64465,-33.918146 18.644597,-33.918194 18.641533,-33.918077 18.641005,-33.918141 18.640811,-33.917468 18.640833,-33.917304 18.640991,-33.917329 18.641764,-33.915235 18.64183,-33.913926 18.640716,-33.909645 18.64083,-33.909228 18.635658,-33.907821 18.635676,-33.907951 18.634551,-33.907659</coordinates></LinearRing></outerBoundaryIs></Polygon>
  </Placemark>
  <Placemark id="Official_Planning_Suburbs.635">
	<name>GREENLANDS</name><description>5558017</description><styleUrl>#suburbStyle</styleUrl><Polygon><outerBoundaryIs><LinearRing><coordinates>18.633975,-33.917167 18.633684,-33.917179 18.633561,-33.917839 18.633238,-33.91876 18.630982,-33.924266 18.630902,-33.924658 18.630953,-33.925391 18.631339,-33.926469 18.633236,-33.925479 18.635153,-33.924876 18.636757,-33.924599 18.639521,-33.924619 18.634119,-33.917897 18.633975,-33.917167</coordinates></LinearRing></outerBoundaryIs></Polygon>
  </Placemark>
  <Placemark id="Official_Planning_Suburbs.636">
	<name>SACK'S CIRCLE INDUSTRIA</name><description>5558031</description><styleUrl>#suburbStyle</styleUrl><Polygon><outerBoundaryIs><LinearRing><coordinates>18.643079,-33.9243 18.643001,-33.924768 18.637645,-33.924579 18.636486,-33.924623 18.6357,-33.924765 18.633639,-33.925318 18.632424,-33.925862 18.631339,-33.926469 18.631653,-33.927034 18.631913,-33.927327 18.633792,-33.928365 18.635352,-33.928776 18.63599,-33.92883 18.635983,-33.928648 18.640024,-33.929159 18.641839,-33.930164 18.642291,-33.929573 18.642254,-33.929346 18.653216,-33.93072 18.659276,-33.930981 18.659959,-33.930868 18.660295,-33.930632 18.660497,-33.930358 18.661037,-33.928069 18.660946,-33.925914 18.660748,-33.925564 18.660281,-33.92525 18.659878,-33.925163 18.657618,-33.925112 18.656959,-33.924982 18.654911,-33.924795 18.643079,-33.9243</coordinates></LinearRing></outerBoundaryIs></Polygon>
  </Placemark>
  <Placemark id="Official_Planning_Suburbs.637">
	<name>UWC</name><description>5558037</description><styleUrl>#suburbStyle</styleUrl><Polygon><outerBoundaryIs><LinearRing><coordinates>18.61165,-33.939129 18.638047,-33.935888 18.637398,-33.933384 18.636008,-33.92925 18.63599,-33.92883 18.634913,-33.928707 18.63358,-33.928286 18.631913,-33.927327 18.631653,-33.927034 18.631254,-33.92625 18.617408,-33.934979 18.611571,-33.939129 18.61165,-33.939129</coordinates></LinearRing></outerBoundaryIs></Polygon>
  </Placemark>
  <Placemark id="Official_Planning_Suburbs.638">
	<name>PAROW INDUSTRIA</name><description>5558024</description><styleUrl>#suburbStyle</styleUrl><Polygon><outerBoundaryIs><LinearRing><coordinates>18.616795,-33.91853 18.61669,-33.918299 18.612009,-33.919058 18.612639,-33.922114 18.61116,-33.925343 18.609097,-33.926622 18.607222,-33.926898 18.60743,-33.927957 18.605203,-33.928279 18.60544,-33.929398 18.602199,-33.929836 18.602582,-33.931638 18.604209,-33.944896 18.605317,-33.944372 18.606483,-33.943666 18.607931,-33.94235 18.609243,-33.940946 18.611094,-33.939457 18.6131,-33.938093 18.617138,-33.93516 18.620586,-33.932986 18.618088,-33.928207 18.621148,-33.928199 18.622753,-33.925209 18.622981,-33.923244 18.617563,-33.923303 18.617568,-33.919948 18.616795,-33.91853</coordinates></LinearRing></outerBoundaryIs></Polygon>
  </Placemark>
  <Placemark id="Official_Planning_Suburbs.639">
	<name>LABIANCE</name><description>5557992</description><styleUrl>#suburbStyle</styleUrl><Polygon><outerBoundaryIs><LinearRing><coordinates>18.663555,-33.913503 18.664694,-33.911116 18.661251,-33.908701 18.657579,-33.906477 18.656997,-33.906272 18.656498,-33.907513 18.653277,-33.912476 18.658285,-33.913802 18.659513,-33.913852 18.660256,-33.914075 18.660497,-33.914188 18.660457,-33.914426 18.661128,-33.914709 18.66247,-33.915718 18.663555,-33.913503</coordinates></LinearRing></outerBoundaryIs></Polygon>
  </Placemark>
  <Placemark id="Official_Planning_Suburbs.640">
	<name>MELKBOSCH STRAND</name><description>5557793</description><styleUrl>#suburbStyle</styleUrl><Polygon><outerBoundaryIs><LinearRing><coordinates>18.456206,-33.69093 18.456347,-33.682219 18.455907,-33.682802 18.445894,-33.689129 18.445877,-33.689216 18.44299,-33.691112 18.44288,-33.691033 18.438398,-33.693864 18.438896,-33.694862 18.440161,-33.698145 18.440859,-33.700577 18.440903,-33.70144 18.441186,-33.702329 18.441329,-33.702445 18.441305,-33.702699 18.441694,-33.703919 18.442013,-33.705927 18.442465,-33.707188 18.442489,-33.707618 18.442727,-33.707943 18.442653,-33.708218 18.442904,-33.708899 18.44316,-33.709117 18.443017,-33.709446 18.443032,-33.709682 18.44333,-33.710162 18.443284,-33.71038 18.443628,-33.712369 18.44382,-33.712706 18.443984,-33.713305 18.444278,-33.713402 18.444304,-33.713493 18.443655,-33.713936 18.443255,-33.715608 18.44418,-33.717943 18.444266,-33.718723 18.444205,-33.719967 18.443907,-33.720437 18.443731,-33.721175 18.443248,-33.721824 18.443069,-33.723718 18.442916,-33.724133 18.442456,-33.725112 18.442204,-33.72539 18.441812,-33.72611 18.44144,-33.726368 18.441294,-33.726662 18.44015,-33.72774 18.439601,-33.728076 18.43903,-33.72825 18.438033,-33.729012 18.436363,-33.729454 18.436148,-33.729592 18.436004,-33.729809 18.435953,-33.730404 18.43562,-33.73058 18.435476,-33.730778 18.435463,-33.731402 18.435242,-33.731595 18.435249,-33.731776 18.438912,-33.734599 18.441369,-33.735895 18.445101,-33.755536 18.445779,-33.761258 18.456552,-33.758122 18.456519,-33.758049 18.456899,-33.757799 18.456062,-33.755857 18.455672,-33.754546 18.455236,-33.752081 18.455175,-33.751062 18.456206,-33.69093</coordinates></LinearRing></outerBoundaryIs></Polygon>
  </Placemark>
  <Placemark id="Official_Planning_Suburbs.641">
	<name>ROOSENDAL</name><description>5558269</description><styleUrl>#suburbStyle</styleUrl><Polygon><outerBoundaryIs><LinearRing><coordinates>18.6546,-33.967693 18.657124,-33.954509 18.64718,-33.953715 18.646699,-33.957435 18.64697,-33.961091 18.646957,-33.961997 18.646706,-33.963777 18.646438,-33.964565 18.646114,-33.965191 18.651923,-33.966868 18.654563,-33.967881 18.6546,-33.967693</coordinates></LinearRing></outerBoundaryIs></Polygon>
  </Placemark>
  <Placemark id="Official_Planning_Suburbs.642">
	<name>BELHAR EXT 18</name><description>5558321</description><styleUrl>#suburbStyle</styleUrl><Polygon><outerBoundaryIs><LinearRing><coordinates>18.657584,-33.950049 18.655811,-33.949775 18.655506,-33.949447 18.655074,-33.949719 18.655315,-33.94997 18.654966,-33.951467 18.653763,-33.952242 18.651385,-33.952097 18.649352,-33.950969 18.647491,-33.950854 18.64718,-33.953715 18.657124,-33.954509 18.658027,-33.950115 18.657584,-33.950049</coordinates></LinearRing></outerBoundaryIs></Polygon>
  </Placemark>
  <Placemark id="Official_Planning_Suburbs.643">
	<name>FAIRDALE</name><description>5558125</description><styleUrl>#suburbStyle</styleUrl><Polygon><outerBoundaryIs><LinearRing><coordinates>18.67957,-33.988547 18.679282,-33.988106 18.677982,-33.984151 18.677982,-33.984015 18.678179,-33.983726 18.671461,-33.980837 18.670492,-33.980484 18.668915,-33.98567 18.674169,-33.988645 18.681078,-34.000763 18.684715,-33.999024 18.685176,-33.996235 18.685371,-33.9959 18.685046,-33.994522 18.684514,-33.993241 18.68179,-33.990433 18.680654,-33.989696 18.67957,-33.988547</coordinates></LinearRing></outerBoundaryIs></Polygon>
  </Placemark>
  <Placemark id="Official_Planning_Suburbs.644">
	<name>MFULENI</name><description>5558135</description><styleUrl>#suburbStyle</styleUrl><Polygon><outerBoundaryIs><LinearRing><coordinates>18.669278,-33.985876 18.668915,-33.98567 18.664145,-33.98597 18.667363,-33.997263 18.667575,-33.998481 18.667795,-33.99885 18.668113,-33.998836 18.670579,-34.007452 18.674689,-34.009081 18.672866,-34.011603 18.671844,-34.011826 18.685663,-34.014368 18.691132,-34.007431 18.691341,-34.008055 18.691723,-34.00756 18.691222,-34.005795 18.688299,-33.999308 18.68816,-33.998494 18.688226,-33.99776 18.686631,-33.9975 18.685876,-33.996896 18.685529,-33.996367 18.685371,-33.9959 18.685176,-33.996235 18.684715,-33.999024 18.681078,-34.000763 18.674169,-33.988645 18.669278,-33.985876</coordinates></LinearRing></outerBoundaryIs></Polygon>
  </Placemark>
  <Placemark id="Official_Planning_Suburbs.645">
	<name>BELLVILLE CBD</name><description>5558348</description><styleUrl>#suburbStyle</styleUrl><Polygon><outerBoundaryIs><LinearRing><coordinates>18.627784,-33.897287 18.62763,-33.897211 18.627525,-33.897544 18.627603,-33.897786 18.627441,-33.898114 18.627647,-33.898526 18.627448,-33.899895 18.627324,-33.90018 18.626995,-33.90042 18.626596,-33.9011 18.627367,-33.90105 18.627325,-33.901158 18.627045,-33.901169 18.627142,-33.901234 18.627003,-33.901699 18.62701,-33.90138 18.626828,-33.901406 18.626823,-33.901724 18.626601,-33.901757 18.627376,-33.905463 18.63061,-33.906318 18.632271,-33.906571 18.632762,-33.903653 18.63703,-33.904133 18.636919,-33.90429 18.636656,-33.905763 18.639768,-33.905962 18.64,-33.906041 18.640001,-33.906535 18.643197,-33.906501 18.643097,-33.905212 18.642544,-33.90524 18.642473,-33.904274 18.642683,-33.902694 18.632742,-33.901571 18.632877,-33.900661 18.631757,-33.900538 18.631934,-33.898563 18.630885,-33.898874 18.629436,-33.89873 18.629698,-33.898001 18.628721,-33.897771 18.628645,-33.897732 18.628676,-33.897659 18.627955,-33.897282 18.627784,-33.897287</coordinates></LinearRing></outerBoundaryIs></Polygon>
  </Placemark>
  <Placemark id="Official_Planning_Suburbs.646">
	<name>GRACELAND</name><description>5558180</description><styleUrl>#suburbStyle</styleUrl><Polygon><outerBoundaryIs><LinearRing><coordinates>18.677633,-34.047553 18.680587,-34.045706 18.675863,-34.040464 18.675718,-34.040216 18.675475,-34.03919 18.671518,-34.03991 18.6731,-34.044532 18.673438,-34.045135 18.674591,-34.046546 18.675841,-34.048704 18.677633,-34.047553</coordinates></LinearRing></outerBoundaryIs></Polygon>
  </Placemark>
  <Placemark id="Official_Planning_Suburbs.647">
	<name>MANDELA PARK</name><description>5558186</description><styleUrl>#suburbStyle</styleUrl><Polygon><outerBoundaryIs><LinearRing><coordinates>18.695285,-34.046464 18.691537,-34.044753 18.690177,-34.044459 18.686939,-34.044128 18.686049,-34.043862 18.685071,-34.043371 18.684581,-34.04298 18.683899,-34.04223 18.683185,-34.040873 18.682838,-34.040422 18.682349,-34.040016 18.680835,-34.039096 18.679856,-34.037822 18.678795,-34.03834 18.677731,-34.038727 18.675475,-34.03919 18.675718,-34.040216 18.675863,-34.040464 18.680587,-34.045706 18.672896,-34.050486 18.671592,-34.051035 18.671998,-34.051843 18.672477,-34.052518 18.673444,-34.053474 18.674398,-34.054123 18.675222,-34.054542 18.676917,-34.055076 18.678118,-34.055244 18.679283,-34.055263 18.679344,-34.05517 18.692031,-34.055095 18.692015,-34.053037 18.6921,-34.052724 18.694713,-34.047323 18.695258,-34.046466 18.695409,-34.046516 18.695285,-34.046464</coordinates></LinearRing></outerBoundaryIs></Polygon>
  </Placemark>
  <Placemark id="Official_Planning_Suburbs.648">
	<name>GARDENS</name><description>5558038</description><styleUrl>#suburbStyle</styleUrl><Polygon><outerBoundaryIs><LinearRing><coordinates>18.414407,-33.932515 18.413355,-33.931024 18.412814,-33.930075 18.412894,-33.929757 18.413832,-33.927718 18.413775,-33.927246 18.411819,-33.925695 18.410687,-33.926733 18.410266,-33.926973 18.408147,-33.929092 18.40776,-33.929634 18.408054,-33.929809 18.407641,-33.930226 18.403316,-33.934167 18.402524,-33.934479 18.402311,-33.934699 18.402138,-33.935063 18.39976,-33.936839 18.398346,-33.937431 18.398188,-33.93778 18.398283,-33.938382 18.398165,-33.93869 18.397975,-33.93889 18.39763,-33.939059 18.396933,-33.939137 18.39668,-33.939269 18.396515,-33.939525 18.396615,-33.94022 18.39652,-33.940496 18.395212,-33.941842 18.395465,-33.94202 18.395616,-33.94188 18.395944,-33.941855 18.395865,-33.941795 18.396643,-33.941664 18.396566,-33.942218 18.397719,-33.942192 18.399706,-33.941436 18.401027,-33.941267 18.40122,-33.942038 18.401611,-33.942221 18.402451,-33.942225 18.403582,-33.942965 18.404094,-33.943438 18.405621,-33.943633 18.405561,-33.943934 18.407284,-33.944288 18.410347,-33.937577 18.41173,-33.934897 18.414043,-33.936252 18.413944,-33.933954 18.417438,-33.933946 18.417646,-33.934026 18.421021,-33.934445 18.423522,-33.935199 18.423755,-33.934652 18.423711,-33.934221 18.42443,-33.934177 18.425957,-33.933565 18.423536,-33.930829 18.422301,-33.929867 18.421319,-33.931086 18.420486,-33.930829 18.420111,-33.931682 18.418456,-33.931195 18.41869,-33.930616 18.417473,-33.929766 18.414774,-33.93241 18.414464,-33.932595 18.414407,-33.932515</coordinates></LinearRing></outerBoundaryIs></Polygon>
  </Placemark>
  <Placemark id="Official_Planning_Suburbs.649">
	<name>UMRHABULO TRIANGLE</name><description>5558178</description><styleUrl>#suburbStyle</styleUrl><Polygon><outerBoundaryIs><LinearRing><coordinates>18.711089,-34.037473 18.704337,-34.03755 18.702931,-34.037918 18.699788,-34.037809 18.698087,-34.039135 18.697611,-34.039262 18.69615,-34.039022 18.694255,-34.040173 18.693312,-34.041093 18.693391,-34.042468 18.69519,-34.044798 18.695341,-34.045691 18.69584,-34.045909 18.695398,-34.046532 18.695258,-34.046466 18.694713,-34.047323 18.692195,-34.05249 18.692015,-34.053037 18.692031,-34.055095 18.695011,-34.05508 18.695384,-34.05517 18.698403,-34.055147 18.698415,-34.055012 18.698889,-34.054816 18.713871,-34.054694 18.714963,-34.054608 18.715743,-34.053353 18.715035,-34.052677 18.712796,-34.051774 18.713556,-34.050434 18.714035,-34.049175 18.714608,-34.048142 18.712743,-34.044021 18.712744,-34.043714 18.712899,-34.043703 18.71289,-34.0391 18.711089,-34.037473</coordinates></LinearRing></outerBoundaryIs></Polygon>
  </Placemark>
  <Placemark id="Official_Planning_Suburbs.650">
	<name>NATURE'S VALLEY</name><description>5558383</description><styleUrl>#suburbStyle</styleUrl><Polygon><outerBoundaryIs><LinearRing><coordinates>18.879295,-34.073466 18.88112,-34.072833 18.880059,-34.070847 18.88015,-34.070799 18.879612,-34.069749 18.879505,-34.069674 18.878431,-34.072385 18.878722,-34.072489 18.879226,-34.073491 18.879295,-34.073466</coordinates></LinearRing></outerBoundaryIs></Polygon>
  </Placemark>
  <Placemark id="Official_Planning_Suburbs.651">
	<name>ERINVALE ESTATE</name><description>22139846</description><styleUrl>#suburbStyle</styleUrl><Polygon><outerBoundaryIs><LinearRing><coordinates>18.884674,-34.062058 18.882732,-34.052246 18.878433,-34.052546 18.876487,-34.054704 18.87953,-34.069361 18.879514,-34.069681 18.88015,-34.070799 18.880059,-34.070847 18.882572,-34.075682 18.887943,-34.073807 18.889248,-34.073461 18.888334,-34.071727 18.88838,-34.07163 18.885399,-34.066162 18.885344,-34.065804 18.885406,-34.065755 18.884674,-34.062058</coordinates></LinearRing></outerBoundaryIs></Polygon>
  </Placemark>
  <Placemark id="Official_Planning_Suburbs.652">
	<name>SOMERSET WEST NATURE RESERVE</name><description>22140382</description><styleUrl>#suburbStyle</styleUrl><Polygon><outerBoundaryIs><LinearRing><coordinates>18.878456,-34.064288 18.875824,-34.051417 18.874012,-34.041965 18.865175,-34.041915 18.865537,-34.050121 18.866163,-34.054804 18.866101,-34.054869 18.866369,-34.057272 18.868041,-34.07115 18.87311,-34.070784 18.873203,-34.070686 18.873467,-34.068749 18.875681,-34.068393 18.876156,-34.06735 18.879515,-34.06968 18.87953,-34.069361 18.878456,-34.064288</coordinates></LinearRing></outerBoundaryIs></Polygon>
  </Placemark>
  <Placemark id="Official_Planning_Suburbs.653">
	<name>PLATTEKLOOF GLEN</name><description>5557927</description><styleUrl>#suburbStyle</styleUrl><Polygon><outerBoundaryIs><LinearRing><coordinates>18.563977,-33.888836 18.564343,-33.888775 18.563702,-33.886103 18.562322,-33.879305 18.562145,-33.879223 18.554682,-33.888944 18.553905,-33.889807 18.553487,-33.889792 18.553245,-33.889915 18.553419,-33.890585 18.563977,-33.888836</coordinates></LinearRing></outerBoundaryIs></Polygon>
  </Placemark>
  <Placemark id="Official_Planning_Suburbs.654">
	<name>MONTAGUE</name><description>5557934</description><styleUrl>#suburbStyle</styleUrl><Polygon><outerBoundaryIs><LinearRing><coordinates>18.54954,-33.885108 18.547617,-33.882072 18.547504,-33.882486 18.535105,-33.885376 18.534173,-33.885398 18.532991,-33.885229 18.531221,-33.885165 18.531481,-33.887114 18.532709,-33.890121 18.533067,-33.891265 18.533199,-33.892597 18.533162,-33.894253 18.53332,-33.894294 18.533802,-33.894141 18.533825,-33.893864 18.548359,-33.891389 18.548461,-33.891292 18.54918,-33.891092 18.551805,-33.890847 18.553419,-33.890585 18.553188,-33.889689 18.552876,-33.889624 18.552742,-33.889722 18.552574,-33.889673 18.551616,-33.888162 18.551321,-33.888046 18.551408,-33.887763 18.551183,-33.887617 18.54954,-33.885108</coordinates></LinearRing></outerBoundaryIs></Polygon>
  </Placemark>
  <Placemark id="Official_Planning_Suburbs.655">
	<name>N1-STAD</name><description>5557947</description><styleUrl>#suburbStyle</styleUrl><Polygon><outerBoundaryIs><LinearRing><coordinates>18.554713,-33.895676 18.566416,-33.893658 18.564411,-33.888763 18.553419,-33.890585 18.554713,-33.895676</coordinates></LinearRing></outerBoundaryIs></Polygon>
  </Placemark>
  <Placemark id="Official_Planning_Suburbs.656">
	<name>TYGERDAL</name><description>5557951</description><styleUrl>#suburbStyle</styleUrl><Polygon><outerBoundaryIs><LinearRing><coordinates>18.538664,-33.898419 18.554675,-33.895683 18.553419,-33.890585 18.551805,-33.890847 18.54918,-33.891092 18.548461,-33.891292 18.548359,-33.891389 18.537362,-33.893246 18.538664,-33.898419</coordinates></LinearRing></outerBoundaryIs></Polygon>
  </Placemark>
  <Placemark id="Official_Planning_Suburbs.657">
	<name>RICHMOND ESTATE</name><description>5557958</description><styleUrl>#suburbStyle</styleUrl><Polygon><outerBoundaryIs><LinearRing><coordinates>18.568161,-33.89787 18.566416,-33.893658 18.561031,-33.894583 18.565029,-33.910433 18.567484,-33.910473 18.567439,-33.90977 18.567207,-33.909134 18.571955,-33.908316 18.570952,-33.904168 18.571209,-33.904115 18.57095,-33.903711 18.570612,-33.902768 18.570462,-33.902797 18.568345,-33.897974 18.568229,-33.898034 18.568161,-33.89787</coordinates></LinearRing></outerBoundaryIs></Polygon>
  </Placemark>
  <Placemark id="Official_Planning_Suburbs.658">
	<name>VASCO ESTATE</name><description>5557961</description><styleUrl>#suburbStyle</styleUrl><Polygon><outerBoundaryIs><LinearRing><coordinates>18.565,-33.910315 18.561031,-33.894583 18.552985,-33.895975 18.556895,-33.91154 18.559539,-33.910862 18.559565,-33.910948 18.562331,-33.910584 18.565029,-33.910433 18.565,-33.910315</coordinates></LinearRing></outerBoundaryIs></Polygon>
  </Placemark>
  <Placemark id="Official_Planning_Suburbs.659">
	<name>DISTRICT SIX</name><description>86036731</description><styleUrl>#suburbStyle</styleUrl><Polygon><outerBoundaryIs><LinearRing><coordinates>18.427135,-33.927262 18.426734,-33.927141 18.425269,-33.926052 18.423332,-33.927868 18.421621,-33.929321 18.421609,-33.929406 18.422735,-33.930169 18.423536,-33.930829 18.426154,-33.933769 18.426628,-33.933987 18.426988,-33.934061 18.429559,-33.934298 18.431837,-33.935125 18.433435,-33.935567 18.434041,-33.936005 18.434496,-33.936816 18.434725,-33.937013 18.435092,-33.937148 18.436014,-33.937269 18.437304,-33.937908 18.439744,-33.938165 18.440104,-33.938304 18.440854,-33.93879 18.441241,-33.938895 18.441664,-33.938877 18.442068,-33.93872 18.441507,-33.937716 18.441546,-33.937448 18.442037,-33.937145 18.44169,-33.936502 18.43943,-33.933235 18.439623,-33.932503 18.440425,-33.932655 18.440551,-33.932521 18.440431,-33.93216 18.439606,-33.931901 18.43996,-33.931973 18.44046,-33.931702 18.440605,-33.931502 18.440839,-33.927791 18.440594,-33.927723 18.438592,-33.927605 18.428074,-33.927093 18.427135,-33.927262</coordinates></LinearRing></outerBoundaryIs></Polygon>
  </Placemark>
  <Placemark id="Official_Planning_Suburbs.660">
	<name>CAPE FARMS - DISTRICT H</name><description>5558222</description><styleUrl>#suburbStyle</styleUrl><MultiGeometry><Polygon><outerBoundaryIs><LinearRing><coordinates>18.407311,-34.136162 18.401871,-34.132503 18.397648,-34.135355 18.394497,-34.136241 18.394403,-34.136013 18.394127,-34.135953 18.394004,-34.136889 18.39411,-34.137919 18.394462,-34.138908 18.394936,-34.139677 18.39586,-34.140634 18.398477,-34.142441 18.39971,-34.143624 18.388032,-34.15177 18.378968,-34.14858 18.377369,-34.147866 18.377641,-34.147487 18.369675,-34.143633 18.370643,-34.135473 18.363739,-34.136997 18.361366,-34.137798 18.360132,-34.13843 18.354609,-34.141658 18.358622,-34.143052 18.359364,-34.145226 18.360087,-34.14672 18.360627,-34.148296 18.360524,-34.148782 18.36016,-34.148683 18.360112,-34.148907 18.359748,-34.148808 18.359729,-34.148897 18.359469,-34.148826 18.359439,-34.148964 18.359173,-34.148852 18.358565,-34.149396 18.35912,-34.150055 18.358983,-34.155923 18.354253,-34.158165 18.35119,-34.155722 18.350737,-34.156117 18.347614,-34.153615 18.347662,-34.153573 18.34758,-34.153509 18.347463,-34.153611 18.346881,-34.153214 18.347328,-34.152534 18.347596,-34.15189 18.347764,-34.151015 18.347746,-34.15035 18.34755,-34.149512 18.345943,-34.14574 18.345883,-34.145037 18.346089,-34.143771 18.346054,-34.143388 18.337577,-34.142443 18.336795,-34.144027 18.322948,-34.14791 18.319102,-34.144889 18.319098,-34.148017 18.3193,-34.148962 18.320837,-34.150171 18.323659,-34.155238 18.32357,-34.156028 18.323605,-34.156739 18.32383,-34.15679 18.32402,-34.15704 18.32426,-34.15713 18.32452,-34.15703 18.32467,-34.15675 18.32537,-34.15687 18.32633,-34.15734 18.32675,-34.15771 18.32726,-34.15798 18.3276,-34.15846 18.32828,-34.15964 18.32835,-34.16001 18.32828,-34.16042 18.32852,-34.16082 18.32853,-34.16111 18.32867,-34.16143 18.32946,-34.16228 18.32994,-34.16332 18.33021,-34.16356 18.33029,-34.16395 18.33076,-34.16428 18.33108,-34.16465 18.33158,-34.16488 18.33209,-34.1657 18.3325,-34.16675 18.33248,-34.16721 18.33232,-34.1677 18.33247,-34.16805 18.33321,-34.16837 18.33333,-34.1685 18.33336,-34.16885 18.33356,-34.16908 18.33343,-34.16954 18.33346,-34.16976 18.33392,-34.17042 18.33439,-34.17085 18.33491,-34.17101 18.33516,-34.17142 18.3356,-34.17167 18.33585,-34.17205 18.33616,-34.17226 18.33613,-34.17248 18.33623,-34.17279 18.33614,-34.17295 18.33575,-34.17325 18.3358,-34.17339 18.3365,-34.17375 18.33699,-34.1739 18.33684,-34.17414 18.33686,-34.17429 18.33727,-34.1753 18.33812,-34.17611 18.33816,-34.17636 18.33803,-34.17652 18.337973,-34.17679 18.33811,-34.17697 18.33833,-34.17686 18.33853,-34.17692 18.33869,-34.17745 18.3393,-34.17781 18.33973,-34.17748 18.34014,-34.17745 18.34086,-34.17775 18.34163,-34.17835 18.34175,-34.17902 18.34195,-34.17916 18.34211,-34.17914 18.3424,-34.17893 18.3425,-34.17865 18.34272,-34.17864 18.34282,-34.17875 18.34262,-34.179 18.34263,-34.17914 18.34305,-34.17934 18.34342,-34.17968 18.34379,-34.17962 18.34396,-34.17902 18.3438,-34.17897 18.34378,-34.1788 18.34407,-34.17873 18.34432,-34.17818 18.345013,-34.177746 18.345085,-34.17734 18.345261,-34.177032 18.34632,-34.17654 18.34686,-34.17646 18.34715,-34.1763 18.34745,-34.1763 18.34801,-34.17643 18.35029,-34.17647 18.35207,-34.17668 18.35257,-34.17685 18.35328,-34.17731 18.35382,-34.17802 18.35488,-34.17872 18.35529,-34.17877 18.35559,-34.1789 18.35638,-34.17985 18.35783,-34.18048 18.35837,-34.18094 18.35828,-34.18131 18.358914,-34.182092 18.359744,-34.18264 18.361771,-34.183519 18.362441,-34.184091 18.361972,-34.183499 18.359458,-34.182214 18.363065,-34.183264 18.365309,-34.18421 18.366575,-34.185371 18.364766,-34.185895 18.364936,-34.186401 18.364673,-34.186459 18.364503,-34.185971 18.36434,-34.186019 18.364384,-34.186131 18.363814,-34.185901 18.36464,-34.187774 18.365979,-34.189824 18.36708,-34.191276 18.368631,-34.194298 18.370558,-34.197097 18.371191,-34.198431 18.371429,-34.199349 18.371486,-34.2001 18.371417,-34.200851 18.371125,-34.201668 18.37088,-34.202067 18.370735,-34.20215 18.370101,-34.20203 18.369384,-34.202134 18.368706,-34.202438 18.368479,-34.202637 18.3684,-34.20293 18.36905,-34.204646 18.369579,-34.206378 18.369646,-34.207205 18.369499,-34.208772 18.369661,-34.209502 18.370739,-34.212619 18.371589,-34.215424 18.372262,-34.217085 18.374717,-34.221324 18.376631,-34.22438 18.377899,-34.226876 18.378203,-34.227856 18.378337,-34.229545 18.378271,-34.231252 18.378109,-34.232979 18.377775,-34.234869 18.3775,-34.235977 18.37703,-34.237312 18.375225,-34.241411 18.375116,-34.241794 18.375124,-34.242156 18.3754,-34.242768 18.375884,-34.243317 18.376428,-34.243614 18.37759,-34.243846 18.37806,-34.244283 18.378352,-34.244987 18.37897,-34.247545 18.380069,-34.249741 18.38021,-34.250303 18.380272,-34.25109 18.380239,-34.251787 18.380164,-34.251917 18.379504,-34.251801 18.379094,-34.251803 18.378587,-34.25191 18.378214,-34.252121 18.38127,-34.254859 18.382117,-34.256154 18.382433,-34.257062 18.382366,-34.25742 18.3822,-34.257627 18.380421,-34.258819 18.380012,-34.259201 18.379837,-34.259687 18.379865,-34.260299 18.380038,-34.260974 18.380585,-34.262252 18.380936,-34.262756 18.382364,-34.264136 18.382727,-34.264638 18.383309,-34.265839 18.383523,-34.266468 18.383594,-34.267015 18.383455,-34.267404 18.382592,-34.267959 18.382282,-34.268279 18.381274,-34.26977 18.379997,-34.270575 18.379811,-34.270813 18.379719,-34.27166 18.379856,-34.272342 18.380199,-34.273068 18.380696,-34.273767 18.381296,-34.274369 18.381949,-34.274804 18.382928,-34.275132 18.385144,-34.275628 18.38653,-34.276452 18.387562,-34.276579 18.387785,-34.276655 18.388146,-34.276965 18.38939,-34.27873 18.38956,-34.279339 18.389536,-34.280585 18.389736,-34.281283 18.390277,-34.282251 18.391208,-34.283071 18.391351,-34.283413 18.391468,-34.284594 18.391643,-34.284884 18.392439,-34.285337 18.393857,-34.285816 18.394275,-34.286149 18.39504,-34.287002 18.396115,-34.288528 18.397864,-34.291584 18.398339,-34.292145 18.399385,-34.293095 18.399671,-34.293476 18.401839,-34.29735 18.4034,-34.299609 18.403652,-34.300527 18.40354,-34.301562 18.403586,-34.301749 18.403724,-34.301905 18.404573,-34.302432 18.404793,-34.302806 18.404977,-34.303431 18.405017,-34.304051 18.404809,-34.306035 18.404684,-34.306213 18.404258,-34.306426 18.403104,-34.306602 18.402531,-34.306855 18.400793,-34.308004 18.40071,-34.308166 18.4008,-34.30832 18.403553,-34.309709 18.404597,-34.310421 18.40733,-34.313052 18.408317,-34.313855 18.40977,-34.314834 18.411302,-34.315686 18.41469,-34.317235 18.414991,-34.317614 18.415382,-34.319352 18.41545,-34.319987 18.415264,-34.320967 18.415312,-34.321177 18.415484,-34.321375 18.416755,-34.321943 18.417253,-34.32209 18.418846,-34.322364 18.419618,-34.322745 18.420432,-34.3235 18.421524,-34.324778 18.421586,-34.325035 18.421513,-34.325267 18.420963,-34.325966 18.420911,-34.326187 18.421098,-34.326379 18.422649,-34.326866 18.423112,-34.327084 18.423462,-34.327397 18.42433,-34.328524 18.424697,-34.328791 18.42602,-34.329178 18.426812,-34.330031 18.427617,-34.330744 18.427854,-34.330863 18.428208,-34.330918 18.429451,-34.330761 18.429831,-34.330796 18.43016,-34.330919 18.430769,-34.3313 18.432231,-34.332599 18.432597,-34.332703 18.434386,-34.332706 18.435401,-34.332993 18.436859,-34.333554 18.437597,-34.33393 18.437868,-34.334172 18.438195,-34.335125 18.43834,-34.335275 18.439679,-34.335409 18.440754,-34.335693 18.44221,-34.336533 18.442596,-34.336679 18.443118,-34.336745 18.444822,-34.33657 18.446144,-34.336562 18.451277,-34.337011 18.453706,-34.337473 18.454872,-34.337907 18.455449,-34.338255 18.456471,-34.339139 18.458648,-34.341369 18.45896,-34.34181 18.459126,-34.342264 18.459122,-34.342556 18.458892,-34.343455 18.458903,-34.34374 18.459222,-34.344451 18.459635,-34.34491 18.461315,-34.345841 18.46361,-34.347282 18.464228,-34.347567 18.465509,-34.347923 18.465785,-34.348058 18.466253,-34.348477 18.467822,-34.350225 18.469868,-34.351636 18.471497,-34.353229 18.471906,-34.353816 18.472176,-34.354422 18.472366,-34.35529 18.472358,-34.356169 18.472166,-34.356705 18.471801,-34.357238 18.470441,-34.358274 18.470364,-34.358442 18.470829,-34.358809 18.471492,-34.359044 18.4717,-34.359035 18.471804,-34.358908 18.471935,-34.358288 18.472041,-34.358155 18.472205,-34.358104 18.473636,-34.358233 18.475309,-34.358535 18.475646,-34.358442 18.476152,-34.357655 18.476988,-34.357034 18.47764,-34.356817 18.478704,-34.357021 18.478924,-34.356998 18.47901,-34.356804 18.478902,-34.355548 18.479025,-34.355269 18.479457,-34.355094 18.480231,-34.354933 18.481531,-34.354323 18.482597,-34.354139 18.483593,-34.354216 18.485099,-34.354716 18.485597,-34.354773 18.486862,-34.35449 18.487163,-34.354485 18.487464,-34.354577 18.488621,-34.355239 18.488978,-34.355293 18.490501,-34.355274 18.491808,-34.355514 18.493103,-34.355889 18.49405,-34.356249 18.496948,-34.35765 18.497335,-34.357711 18.497585,-34.35743 18.497745,-34.356752 18.497594,-34.356214 18.497025,-34.355441 18.496506,-34.354993 18.490568,-34.351106 18.489311,-34.350135 18.488801,-34.349651 18.488226,-34.348916 18.487902,-34.348397 18.48757,-34.347528 18.487428,-34.347408 18.487053,-34.347358 18.486418,-34.347459 18.485418,-34.347911 18.484586,-34.347922 18.482661,-34.347453 18.480927,-34.346724 18.479222,-34.345681 18.477345,-34.344188 18.47667,-34.343502 18.475919,-34.342318 18.475051,-34.341527 18.474297,-34.341138 18.473145,-34.340833 18.472135,-34.34041 18.470807,-34.339579 18.470132,-34.338996 18.469544,-34.338351 18.469103,-34.337675 18.468871,-34.337003 18.469029,-34.335687 18.468904,-34.335018 18.467398,-34.332446 18.467362,-34.33208 18.467589,-34.330919 18.46757,-34.330179 18.466981,-34.328045 18.466307,-34.326353 18.465624,-34.325186 18.463996,-34.323237 18.463455,-34.322776 18.462377,-34.322134 18.462103,-34.321874 18.461788,-34.321366 18.461523,-34.32053 18.461495,-34.320014 18.461605,-34.319236 18.461874,-34.318397 18.462144,-34.317865 18.462596,-34.317378 18.464395,-34.316099 18.464571,-34.315705 18.464419,-34.315176 18.46415,-34.314779 18.462877,-34.31385 18.462358,-34.313382 18.461249,-34.312142 18.460844,-34.31135 18.460841,-34.310682 18.46098,-34.310263 18.461152,-34.310058 18.461939,-34.309543 18.46215,-34.309343 18.462403,-34.308914 18.462756,-34.307834 18.462969,-34.306279 18.463384,-34.304919 18.464328,-34.303173 18.46571,-34.299915 18.466493,-34.298962 18.466728,-34.298519 18.46694,-34.296625 18.466885,-34.295209 18.466663,-34.293807 18.466255,-34.292753 18.46617,-34.292086 18.466294,-34.291787 18.466765,-34.291221 18.46761,-34.290431 18.46855,-34.28971 18.468725,-34.289434 18.468747,-34.289144 18.468515,-34.288197 18.468588,-34.28799 18.469683,-34.287654 18.470279,-34.287003 18.470662,-34.286144 18.470775,-34.285066 18.471115,-34.284187 18.47264,-34.282187 18.473483,-34.280965 18.47396,-34.280122 18.474423,-34.278771 18.474983,-34.276558 18.475008,-34.27616 18.474902,-34.275822 18.474702,-34.275601 18.473489,-34.274896 18.471049,-34.27307 18.469037,-34.271926 18.468166,-34.271131 18.467441,-34.270085 18.466933,-34.268966 18.466693,-34.267997 18.466592,-34.266769 18.459146,-34.263061 18.461764,-34.259021 18.466226,-34.26172 18.468205,-34.263012 18.469499,-34.26146 18.470111,-34.260855 18.471446,-34.259924 18.473271,-34.25839 18.474588,-34.257681 18.475391,-34.257107 18.476039,-34.256472 18.476647,-34.255603 18.476814,-34.254999 18.476727,-34.2545 18.47656,-34.254201 18.476049,-34.253707 18.475986,-34.253539 18.476478,-34.252741 18.476467,-34.252507 18.476062,-34.251513 18.476153,-34.251071 18.476967,-34.249718 18.477038,-34.249285 18.476965,-34.249012 18.476512,-34.248191 18.473743,-34.24885 18.470794,-34.237181 18.474952,-34.235423 18.475063,-34.235076 18.474612,-34.234465 18.474506,-34.234087 18.474843,-34.233401 18.475101,-34.233016 18.475946,-34.232869 18.476074,-34.232763 18.476458,-34.2327 18.476514,-34.232588 18.476077,-34.23229 18.476028,-34.231904 18.475701,-34.231087 18.475778,-34.231001 18.47534,-34.230499 18.47481,-34.23046 18.474068,-34.230522 18.47399,-34.230736 18.473351,-34.230776 18.472124,-34.230352 18.471872,-34.230169 18.471577,-34.229366 18.471392,-34.229244 18.471291,-34.228672 18.4701,-34.227414 18.469974,-34.227113 18.470096,-34.227007 18.469923,-34.227005 18.469599,-34.226826 18.469619,-34.226596 18.469517,-34.22651 18.468777,-34.226378 18.467561,-34.225298 18.467378,-34.225262 18.467167,-34.224911 18.46711,-34.224481 18.467239,-34.224332 18.466878,-34.223215 18.466581,-34.222815 18.465966,-34.222227 18.465692,-34.221631 18.465629,-34.22099 18.465719,-34.220737 18.466054,-34.220384 18.466139,-34.220142 18.465752,-34.217433 18.465278,-34.216338 18.464276,-34.214974 18.463652,-34.21519 18.462571,-34.215714 18.462415,-34.215983 18.462769,-34.217928 18.461381,-34.218158 18.461292,-34.218386 18.457173,-34.219181 18.458895,-34.216837 18.459226,-34.216508 18.459586,-34.216394 18.458937,-34.214959 18.451891,-34.210316 18.450812,-34.208872 18.446768,-34.210626 18.442733,-34.208426 18.440793,-34.206478 18.435877,-34.202435 18.433783,-34.201253 18.423945,-34.197099 18.4175,-34.192378 18.418093,-34.19018 18.418671,-34.189618 18.418197,-34.188866 18.416064,-34.186623 18.413446,-34.188344 18.411255,-34.192833 18.405372,-34.190528 18.390199,-34.184127 18.392516,-34.179459 18.382738,-34.165319 18.383322,-34.164797 18.399669,-34.166626 18.401229,-34.166354 18.399875,-34.165555 18.400141,-34.161725 18.400351,-34.161016 18.399327,-34.159126 18.398179,-34.158929 18.396008,-34.157163 18.397151,-34.155529 18.399633,-34.15123 18.410433,-34.150457 18.411993,-34.153082 18.414239,-34.153806 18.421434,-34.145647 18.407311,-34.136162</coordinates></LinearRing></outerBoundaryIs><innerBoundaryIs><LinearRing><coordinates>18.374225,-34.202129 18.374117,-34.202105 18.373965,-34.201259 18.372306,-34.196312 18.373539,-34.196025 18.372943,-34.194214 18.374723,-34.193171 18.375987,-34.193523 18.376584,-34.195528 18.379113,-34.198321 18.383479,-34.202032 18.38271,-34.201769 18.382188,-34.201853 18.379312,-34.203257 18.374225,-34.202129</coordinates></LinearRing></innerBoundaryIs></Polygon><Polygon><outerBoundaryIs><LinearRing><coordinates>18.398987,-34.017815 18.398722,-34.015678 18.394058,-34.021404 18.38358,-34.024845 18.382451,-34.039102 18.379873,-34.039819 18.362518,-34.053558 18.362586,-34.054057 18.362333,-34.055069 18.362381,-34.055612 18.362639,-34.055972 18.363777,-34.056725 18.363872,-34.056917 18.36372,-34.058075 18.364024,-34.058876 18.364471,-34.059601 18.364763,-34.059909 18.365541,-34.060336 18.366294,-34.060977 18.366481,-34.061349 18.366611,-34.062124 18.367486,-34.062665 18.367748,-34.062922 18.368211,-34.063551 18.36833,-34.063853 18.368318,-34.0641 18.368178,-34.064264 18.367441,-34.064658 18.367124,-34.065026 18.366878,-34.065991 18.366742,-34.067141 18.36651,-34.067644 18.365909,-34.067874 18.365675,-34.068184 18.36567,-34.068902 18.36478,-34.070385 18.365126,-34.070782 18.365167,-34.070934 18.364595,-34.071357 18.364027,-34.071975 18.364087,-34.072569 18.363848,-34.07322 18.363508,-34.073508 18.363055,-34.07369 18.362003,-34.073723 18.361676,-34.073611 18.361045,-34.073625 18.36066,-34.073802 18.360714,-34.074126 18.360644,-34.074276 18.360472,-34.074377 18.359139,-34.074517 18.35875,-34.07496 18.358323,-34.075737 18.357616,-34.076343 18.357219,-34.076475 18.356449,-34.076528 18.354977,-34.076442 18.354602,-34.076497 18.354251,-34.076782 18.354248,-34.077105 18.355326,-34.07804 18.355424,-34.078249 18.355044,-34.079102 18.355598,-34.079503 18.355746,-34.079696 18.355722,-34.079959 18.355394,-34.080561 18.355324,-34.080889 18.355408,-34.081344 18.354904,-34.081996 18.354813,-34.082572 18.353587,-34.085833 18.353599,-34.086905 18.35344,-34.0872 18.353367,-34.08757 18.353435,-34.087702 18.35418,-34.088158 18.35423,-34.088282 18.353638,-34.088793 18.352775,-34.088859 18.352141,-34.089093 18.351777,-34.08932 18.349956,-34.09104 18.35003,-34.09128 18.34995,-34.09143 18.34981,-34.09148 18.34979,-34.09161 18.35011,-34.0918 18.35041,-34.0926 18.3507,-34.09297 18.35142,-34.09357 18.35189,-34.09431 18.35272,-34.09492 18.35287,-34.09529 18.3529,-34.09566 18.35276,-34.09606 18.35318,-34.09655 18.35336,-34.0966 18.35377,-34.09709 18.35438,-34.09722 18.35447,-34.09732 18.35463,-34.09735 18.35514,-34.09725 18.35538,-34.09734 18.35558,-34.0975 18.35584,-34.098 18.356,-34.09814 18.35603,-34.09857 18.35639,-34.09922 18.35646,-34.09978 18.3563,-34.10004 18.35643,-34.10032 18.35639,-34.10076 18.35653,-34.10109 18.35659,-34.10227 18.35685,-34.1041 18.35684,-34.10515 18.35693,-34.10567 18.35713,-34.10593 18.35734,-34.10604 18.35741,-34.10619 18.35698,-34.10691 18.35694,-34.1079 18.35681,-34.10816 18.35691,-34.1088 18.35695,-34.11038 18.35672,-34.11061 18.3562,-34.11091 18.35587,-34.11146 18.35583,-34.11257 18.35553,-34.11297 18.35562,-34.1134 18.35538,-34.11379 18.35538,-34.11408 18.35528,-34.11425 18.35465,-34.1146 18.35408,-34.1151 18.35357,-34.11529 18.35332,-34.11558 18.35312,-34.11617 18.35323,-34.11691 18.35351,-34.1173 18.35356,-34.11792 18.35369,-34.11821 18.35332,-34.11968 18.35333,-34.12003 18.35296,-34.1207 18.3528,-34.12144 18.35261,-34.12166 18.35234,-34.12167 18.3522,-34.1218 18.35229,-34.12225 18.35218,-34.12256 18.35173,-34.12319 18.35159,-34.12453 18.35115,-34.12578 18.35075,-34.12658 18.3502,-34.12738 18.34995,-34.12801 18.34929,-34.12855 18.34873,-34.1292 18.34844,-34.12938 18.34627,-34.13011 18.34568,-34.1301 18.3454,-34.12997 18.34486,-34.12952 18.3438,-34.12918 18.343487,-34.129001 18.34325,-34.12848 18.34252,-34.12788 18.34131,-34.12734 18.341192,-34.127311 18.341182,-34.127704 18.340845,-34.127936 18.340609,-34.12791 18.34073,-34.128369 18.341243,-34.128756 18.341088,-34.129059 18.341308,-34.129119 18.341549,-34.129063 18.342039,-34.129255 18.341626,-34.129497 18.342118,-34.129685 18.34221,-34.129829 18.340798,-34.132206 18.340841,-34.132479 18.342652,-34.132711 18.342618,-34.133172 18.342851,-34.133202 18.34285,-34.133521 18.34268,-34.134146 18.341833,-34.134583 18.341347,-34.134586 18.341443,-34.13493 18.342361,-34.136102 18.341963,-34.136748 18.341298,-34.136936 18.341452,-34.137312 18.342391,-34.137748 18.345386,-34.136096 18.344867,-34.134795 18.34489,-34.134667 18.345099,-34.134542 18.346698,-34.135404 18.347006,-34.135675 18.348528,-34.136511 18.349716,-34.136902 18.350962,-34.1372 18.352181,-34.137382 18.353646,-34.137334 18.354332,-34.137076 18.355971,-34.136787 18.356731,-34.136862 18.357855,-34.136769 18.358642,-34.136861 18.359681,-34.136652 18.36167,-34.135978 18.362372,-34.135495 18.363219,-34.135319 18.363372,-34.135535 18.363494,-34.135476 18.363593,-34.135615 18.363658,-34.135584 18.363654,-34.135713 18.364845,-34.135576 18.369521,-34.135493 18.370025,-34.131332 18.367229,-34.131134 18.367251,-34.128075 18.368209,-34.12808 18.369523,-34.12892 18.371472,-34.12838 18.372089,-34.123281 18.366503,-34.120618 18.36892,-34.111449 18.358214,-34.106446 18.359131,-34.101277 18.35698,-34.097389 18.35961,-34.088423 18.37544,-34.079418 18.38582,-34.0778 18.393046,-34.082266 18.405247,-34.090508 18.40276,-34.106815 18.398459,-34.110156 18.39847,-34.111614 18.413007,-34.117402 18.423752,-34.108605 18.446366,-34.121359 18.445751,-34.12558 18.445818,-34.125568 18.445981,-34.125967 18.446237,-34.126018 18.447776,-34.125279 18.448749,-34.124502 18.450028,-34.124249 18.449975,-34.123853 18.450308,-34.123789 18.450923,-34.123256 18.451052,-34.123043 18.450943,-34.122951 18.451224,-34.121935 18.451626,-34.121543 18.452195,-34.12134 18.452243,-34.121531 18.452752,-34.121733 18.452706,-34.121811 18.452805,-34.121871 18.453958,-34.119195 18.453781,-34.11901 18.453968,-34.118795 18.454079,-34.118911 18.454659,-34.11766 18.455031,-34.117171 18.459878,-34.11545 18.460719,-34.115043 18.462702,-34.113519 18.463324,-34.112584 18.464232,-34.111741 18.46478,-34.111054 18.465271,-34.110281 18.465591,-34.110364 18.466217,-34.108595 18.466163,-34.107477 18.463711,-34.108784 18.45813,-34.105479 18.462398,-34.103201 18.463409,-34.100268 18.46531,-34.100084 18.46519,-34.099319 18.464833,-34.098561 18.464568,-34.097524 18.464881,-34.09739 18.463861,-34.095785 18.46337,-34.095195 18.462646,-34.094554 18.461622,-34.09393 18.460693,-34.093601 18.45935,-34.093345 18.458834,-34.093108 18.458424,-34.092667 18.457477,-34.091196 18.456718,-34.090649 18.456046,-34.090457 18.453459,-34.089971 18.452393,-34.089323 18.451235,-34.088799 18.450326,-34.088245 18.449922,-34.087775 18.449768,-34.087258 18.446932,-34.089032 18.441694,-34.088966 18.441792,-34.089319 18.439876,-34.089302 18.439521,-34.088938 18.437253,-34.088909 18.426742,-34.083243 18.425643,-34.083112 18.425063,-34.082929 18.421878,-34.087104 18.411252,-34.080677 18.411559,-34.073951 18.411783,-34.070834 18.411706,-34.070735 18.411869,-34.06717 18.411791,-34.067111 18.419192,-34.064176 18.427127,-34.060898 18.427311,-34.060912 18.430966,-34.059415 18.432452,-34.058987 18.432646,-34.059109 18.438663,-34.056099 18.438634,-34.056011 18.443577,-34.053518 18.442984,-34.052821 18.436771,-34.053462 18.436938,-34.051887 18.434128,-34.051102 18.432797,-34.050126 18.429692,-34.050583 18.429013,-34.050906 18.427461,-34.053572 18.425846,-34.05293 18.426915,-34.05159 18.42268,-34.049571 18.421304,-34.049406 18.402969,-34.050109 18.405683,-34.047295 18.399938,-34.033815 18.403326,-34.025738 18.411764,-34.031614 18.417134,-34.035694 18.417715,-34.035063 18.415551,-34.033458 18.416093,-34.033012 18.415798,-34.032412 18.414009,-34.031356 18.414192,-34.030809 18.415929,-34.030717 18.416533,-34.030022 18.41555,-34.029176 18.415398,-34.029668 18.413111,-34.029528 18.412469,-34.028956 18.413032,-34.026788 18.411778,-34.026267 18.411597,-34.025976 18.407205,-34.025958 18.406308,-34.022291 18.404024,-34.020006 18.403055,-34.019773 18.399252,-34.019952 18.398987,-34.017815</coordinates></LinearRing></outerBoundaryIs></Polygon></MultiGeometry>
  </Placemark>
  <Placemark id="Official_Planning_Suburbs.661">
	<name>FISH HOEK</name><description>5558232</description><styleUrl>#suburbStyle</styleUrl><Polygon><outerBoundaryIs><LinearRing><coordinates>18.412819,-34.117327 18.403141,-34.113473 18.402728,-34.116431 18.401639,-34.11916 18.402154,-34.126016 18.40241,-34.126306 18.402213,-34.126221 18.402295,-34.126334 18.402128,-34.126399 18.400699,-34.126593 18.398883,-34.126712 18.398025,-34.126879 18.396974,-34.127244 18.394629,-34.128598 18.395357,-34.129591 18.395898,-34.130524 18.395989,-34.130906 18.395985,-34.131589 18.395704,-34.132608 18.394769,-34.134323 18.394127,-34.135953 18.394403,-34.136013 18.394497,-34.136241 18.397648,-34.135355 18.401871,-34.132503 18.421434,-34.145647 18.439331,-34.151795 18.439842,-34.150125 18.439726,-34.148967 18.439422,-34.147901 18.439037,-34.14716 18.438122,-34.145938 18.437804,-34.145276 18.437798,-34.144982 18.437635,-34.144901 18.437303,-34.144393 18.437328,-34.144204 18.436905,-34.143741 18.436449,-34.143489 18.436294,-34.143511 18.435118,-34.142994 18.434868,-34.142738 18.434527,-34.142653 18.433776,-34.142169 18.4322,-34.141623 18.432442,-34.140373 18.432997,-34.138855 18.433365,-34.138183 18.435857,-34.135291 18.438221,-34.133134 18.437719,-34.132571 18.437976,-34.13239 18.437387,-34.132191 18.43684,-34.131502 18.436087,-34.130843 18.43536,-34.130721 18.435123,-34.130424 18.434976,-34.130364 18.434663,-34.130423 18.434339,-34.130247 18.433453,-34.129531 18.43235,-34.128856 18.432107,-34.128525 18.431703,-34.128329 18.431397,-34.127984 18.430855,-34.127609 18.430211,-34.127314 18.429775,-34.127317 18.429304,-34.127061 18.428997,-34.126761 18.428376,-34.126551 18.427881,-34.126259 18.42613,-34.126133 18.425775,-34.126166 18.425379,-34.126066 18.425205,-34.12594 18.425052,-34.125336 18.424805,-34.125045 18.424173,-34.124752 18.423474,-34.124568 18.422425,-34.123954 18.421779,-34.123481 18.421269,-34.123352 18.420577,-34.123025 18.420357,-34.122846 18.420289,-34.122636 18.420306,-34.122497 18.420591,-34.122104 18.420669,-34.121819 18.420617,-34.121667 18.419606,-34.12097 18.418272,-34.119663 18.418061,-34.119338 18.417408,-34.118821 18.417395,-34.118548 18.417252,-34.118287 18.417004,-34.118266 18.416549,-34.11801 18.416277,-34.117989 18.415452,-34.11771 18.415088,-34.117473 18.414604,-34.117372 18.414311,-34.117086 18.413957,-34.117035 18.41366,-34.116866 18.413007,-34.117402 18.412819,-34.117327</coordinates></LinearRing></outerBoundaryIs></Polygon>
  </Placemark>
  <Placemark id="Official_Planning_Suburbs.662">
	<name>TOWNSEND ESTATE</name><description>5558468</description><styleUrl>#suburbStyle</styleUrl><Polygon><outerBoundaryIs><LinearRing><coordinates>18.54545,-33.899046 18.545021,-33.897341 18.533386,-33.899294 18.533417,-33.900678 18.533506,-33.901237 18.533718,-33.901957 18.534053,-33.90267 18.538522,-33.908696 18.539207,-33.909823 18.53954,-33.910782 18.540574,-33.915055 18.541121,-33.916697 18.544753,-33.915226 18.545232,-33.915061 18.545318,-33.915129 18.549129,-33.913933 18.54663,-33.903765 18.540236,-33.904845 18.539171,-33.900546 18.545549,-33.899449 18.54545,-33.899046</coordinates></LinearRing></outerBoundaryIs></Polygon>
  </Placemark>
  <Placemark id="Official_Planning_Suburbs.663">
	<name>FORESHORE</name><description>5557967</description><styleUrl>#suburbStyle</styleUrl><Polygon><outerBoundaryIs><LinearRing><coordinates>18.429843,-33.899044 18.434493,-33.897752 18.434444,-33.89763 18.428561,-33.899269 18.428531,-33.899191 18.425437,-33.900026 18.42421,-33.901003 18.42371,-33.901067 18.423416,-33.900867 18.420842,-33.901261 18.420728,-33.90153 18.418942,-33.902369 18.418454,-33.902272 18.417409,-33.901825 18.41638,-33.901508 18.415916,-33.901227 18.415369,-33.901368 18.41513,-33.901007 18.415489,-33.900811 18.415792,-33.900836 18.415802,-33.90078 18.415464,-33.900736 18.415148,-33.900799 18.415015,-33.900953 18.414499,-33.90125 18.414851,-33.901411 18.414548,-33.901807 18.414081,-33.901493 18.413716,-33.901714 18.41479,-33.902554 18.415916,-33.903172 18.416879,-33.903993 18.41815,-33.905236 18.413536,-33.908291 18.413384,-33.908481 18.41338,-33.908626 18.413641,-33.908958 18.415931,-33.910966 18.416411,-33.911227 18.416854,-33.911357 18.416839,-33.91124 18.417354,-33.911241 18.418628,-33.910934 18.419033,-33.910947 18.419587,-33.911177 18.419911,-33.911701 18.419864,-33.911805 18.420091,-33.91198 18.420182,-33.91184 18.42113,-33.911605 18.421197,-33.911795 18.421082,-33.91182 18.421308,-33.912463 18.420505,-33.912663 18.421641,-33.914453 18.421806,-33.914467 18.423601,-33.913815 18.423953,-33.914355 18.425146,-33.914029 18.426076,-33.914034 18.426808,-33.914211 18.427486,-33.914523 18.431311,-33.9169 18.432802,-33.917709 18.434546,-33.918506 18.435214,-33.918994 18.43525,-33.9191 18.435115,-33.919435 18.432363,-33.922084 18.431907,-33.922607 18.42709,-33.919076 18.426764,-33.919009 18.42609,-33.91968 18.426044,-33.919869 18.425806,-33.920131 18.425331,-33.920215 18.423555,-33.921924 18.422795,-33.922525 18.422724,-33.922706 18.423275,-33.923107 18.423365,-33.923102 18.424053,-33.923535 18.425883,-33.924862 18.42597,-33.924847 18.426106,-33.925276 18.425269,-33.926052 18.426734,-33.927141 18.427135,-33.927262 18.428074,-33.927093 18.440314,-33.927701 18.442391,-33.927972 18.442642,-33.926229 18.442893,-33.921404 18.446174,-33.921385 18.447903,-33.921618 18.449487,-33.92161 18.45121,-33.921327 18.452503,-33.921299 18.454049,-33.921157 18.45477,-33.920941 18.460131,-33.91783 18.462739,-33.916205 18.465754,-33.914149 18.467299,-33.912846 18.468997,-33.911193 18.470271,-33.91029 18.47023,-33.909904 18.470948,-33.909106 18.471533,-33.907935 18.471086,-33.907818 18.470974,-33.907862 18.470969,-33.908305 18.470807,-33.908622 18.468027,-33.911212 18.467348,-33.911641 18.46619,-33.91208 18.464944,-33.912253 18.459532,-33.912425 18.459746,-33.91221 18.460001,-33.912103 18.459753,-33.912152 18.459324,-33.912428 18.455932,-33.912549 18.455109,-33.912517 18.454226,-33.91228 18.453458,-33.911851 18.445713,-33.905308 18.440455,-33.90433 18.438893,-33.903064 18.438878,-33.903128 18.440308,-33.904327 18.438804,-33.905567 18.438819,-33.905638 18.440367,-33.904402 18.445638,-33.905383 18.445929,-33.905626 18.444629,-33.906696 18.444928,-33.906929 18.444741,-33.907091 18.444821,-33.907153 18.445018,-33.906998 18.454992,-33.915458 18.452148,-33.917788 18.451986,-33.917657 18.451511,-33.91807 18.449863,-33.91684 18.449716,-33.916968 18.451517,-33.918301 18.450984,-33.918734 18.449449,-33.917602 18.449353,-33.917704 18.45088,-33.918823 18.45006,-33.919591 18.447185,-33.917408 18.448015,-33.916635 18.449081,-33.91744 18.44916,-33.917347 18.448133,-33.916584 18.448296,-33.916353 18.448234,-33.916195 18.445898,-33.914517 18.445553,-33.914635 18.4453,-33.914408 18.444912,-33.914207 18.441876,-33.911895 18.44192,-33.911821 18.44182,-33.9117 18.441404,-33.911589 18.439304,-33.910022 18.438849,-33.909574 18.437376,-33.908763 18.437097,-33.908761 18.436996,-33.907235 18.437465,-33.906824 18.43737,-33.906788 18.436907,-33.907179 18.437019,-33.908808 18.436932,-33.908927 18.436127,-33.909257 18.435144,-33.908541 18.435064,-33.908614 18.439781,-33.912097 18.43966,-33.91221 18.439748,-33.912266 18.439938,-33.912082 18.440883,-33.911824 18.4413,-33.911821 18.441656,-33.911941 18.442723,-33.912734 18.442459,-33.91298 18.442321,-33.912871 18.442214,-33.912969 18.44263,-33.913292 18.442748,-33.913186 18.44256,-33.91305 18.442806,-33.912833 18.444772,-33.914304 18.444536,-33.914522 18.444397,-33.914409 18.444291,-33.914498 18.444701,-33.914829 18.444825,-33.914728 18.444631,-33.914578 18.444871,-33.91437 18.446049,-33.91524 18.446308,-33.915517 18.446352,-33.915876 18.445813,-33.916395 18.445724,-33.91633 18.444674,-33.917313 18.440403,-33.914173 18.44041,-33.914083 18.440204,-33.91402 18.440166,-33.914094 18.444603,-33.917376 18.443569,-33.918336 18.445856,-33.920038 18.445919,-33.92023 18.445916,-33.920298 18.442277,-33.920543 18.441338,-33.919909 18.442741,-33.918602 18.442558,-33.918433 18.442238,-33.918744 18.438534,-33.915984 18.438401,-33.916125 18.44212,-33.918868 18.440554,-33.920337 18.440437,-33.920242 18.440208,-33.92025 18.440057,-33.920375 18.425576,-33.909686 18.430596,-33.905689 18.43263,-33.907469 18.433521,-33.907244 18.433684,-33.907444 18.433734,-33.907386 18.433133,-33.906671 18.432293,-33.905926 18.434115,-33.905358 18.434083,-33.90529 18.433133,-33.905618 18.432032,-33.90455 18.431249,-33.904014 18.430097,-33.903716 18.430125,-33.903676 18.429984,-33.903632 18.429438,-33.903527 18.42874,-33.903519 18.428433,-33.903252 18.428649,-33.90318 18.427628,-33.903164 18.427463,-33.903317 18.427484,-33.903476 18.428707,-33.904525 18.423998,-33.908274 18.423288,-33.907209 18.424999,-33.905775 18.424922,-33.905694 18.424799,-33.905707 18.4232,-33.90698 18.422631,-33.906299 18.422874,-33.906175 18.422846,-33.906128 18.422492,-33.906313 18.42233,-33.90627 18.421226,-33.906839 18.421223,-33.906957 18.421822,-33.90782 18.42162,-33.907921 18.421245,-33.907432 18.421005,-33.907528 18.421966,-33.908842 18.421257,-33.909159 18.420322,-33.907788 18.420171,-33.907756 18.419825,-33.907947 18.419985,-33.908319 18.419066,-33.908684 18.419223,-33.908932 18.419165,-33.90877 18.420003,-33.908381 18.420137,-33.908425 18.420733,-33.909304 18.420884,-33.909396 18.420731,-33.90956 18.4208,-33.909729 18.418446,-33.909803 18.417504,-33.908758 18.417412,-33.908794 18.417451,-33.908688 18.417357,-33.908505 18.418075,-33.908166 18.41817,-33.908287 18.418199,-33.908181 18.41834,-33.90825 18.418294,-33.908167 18.419288,-33.907745 18.419289,-33.907635 18.419527,-33.907566 18.419675,-33.9077 18.420104,-33.907483 18.41984,-33.90705 18.41969,-33.907081 18.419574,-33.906912 18.419675,-33.906872 18.419717,-33.906708 18.420969,-33.906129 18.421263,-33.906386 18.421965,-33.906164 18.42203,-33.906057 18.421969,-33.90594 18.421335,-33.905628 18.421541,-33.905407 18.421464,-33.90536 18.42126,-33.905674 18.421062,-33.905577 18.420569,-33.905789 18.420545,-33.905712 18.420803,-33.905611 18.420723,-33.905491 18.420869,-33.905409 18.420448,-33.904881 18.421142,-33.904202 18.422489,-33.905552 18.422729,-33.905371 18.421483,-33.90416 18.422913,-33.903052 18.424257,-33.904214 18.424417,-33.90424 18.424482,-33.904089 18.423141,-33.902915 18.423198,-33.902816 18.423382,-33.902817 18.424916,-33.901615 18.424921,-33.90138 18.425042,-33.901408 18.426759,-33.902867 18.427136,-33.90257 18.426062,-33.901528 18.426164,-33.901412 18.426235,-33.901473 18.426543,-33.901443 18.426915,-33.901656 18.427404,-33.901618 18.427667,-33.901364 18.427757,-33.900792 18.427663,-33.900247 18.42776,-33.900061 18.427981,-33.899865 18.428537,-33.899721 18.428672,-33.899554 18.428607,-33.899387 18.429843,-33.899044</coordinates></LinearRing></outerBoundaryIs></Polygon>
  </Placemark>
  <Placemark id="Official_Planning_Suburbs.664">
	<name>SOUTHFIELD</name><description>5558167</description><styleUrl>#suburbStyle</styleUrl><Polygon><outerBoundaryIs><LinearRing><coordinates>18.489968,-34.029947 18.489617,-34.027897 18.488656,-34.025828 18.486559,-34.029862 18.485206,-34.030118 18.48478,-34.030053 18.480384,-34.028304 18.479393,-34.029088 18.479217,-34.028797 18.478256,-34.030523 18.477764,-34.031583 18.476294,-34.03183 18.477859,-34.034444 18.474458,-34.035779 18.473249,-34.036315 18.473156,-34.036465 18.474836,-34.037189 18.475699,-34.037443 18.476875,-34.037456 18.478929,-34.037153 18.479504,-34.037171 18.482691,-34.042566 18.482793,-34.042532 18.484277,-34.045001 18.486493,-34.04575 18.487105,-34.045791 18.487059,-34.045948 18.487339,-34.045999 18.488072,-34.044475 18.48842,-34.044001 18.490002,-34.041026 18.491641,-34.037418 18.491776,-34.03692 18.490945,-34.036883 18.490996,-34.036169 18.490829,-34.034665 18.49024,-34.031953 18.489968,-34.029947</coordinates></LinearRing></outerBoundaryIs></Polygon>
  </Placemark>
  <Placemark id="Official_Planning_Suburbs.665">
	<name>DENNEGEUR</name><description>25857184</description><styleUrl>#suburbStyle</styleUrl><Polygon><outerBoundaryIs><LinearRing><coordinates>18.872886,-34.094117 18.872005,-34.092703 18.869533,-34.094234 18.869027,-34.093975 18.864717,-34.095975 18.863952,-34.09509 18.863059,-34.095668 18.866308,-34.098204 18.866479,-34.098476 18.868228,-34.099837 18.86833,-34.099783 18.86833,-34.099919 18.873692,-34.104161 18.876355,-34.105967 18.876389,-34.10621 18.877196,-34.106293 18.881371,-34.101924 18.876319,-34.098843 18.87427,-34.096687 18.874172,-34.096178 18.872886,-34.094117</coordinates></LinearRing></outerBoundaryIs></Polygon>
  </Placemark>
  <Placemark id="Official_Planning_Suburbs.666">
	<name>SCHOONGEZICHT</name><description>5557807</description><styleUrl>#suburbStyle</styleUrl><Polygon><outerBoundaryIs><LinearRing><coordinates>18.645846,-33.814547 18.644215,-33.813224 18.6473,-33.820677 18.650224,-33.820212 18.651736,-33.816603 18.647914,-33.815247 18.647859,-33.815296 18.645958,-33.814636 18.645846,-33.814547</coordinates></LinearRing></outerBoundaryIs></Polygon>
  </Placemark>
  <Placemark id="Official_Planning_Suburbs.667">
	<name>DURBANVILLE</name><description>5558451</description><styleUrl>#suburbStyle</styleUrl><Polygon><outerBoundaryIs><LinearRing><coordinates>18.66514,-33.813586 18.663406,-33.814509 18.663544,-33.814689 18.663121,-33.814868 18.6623,-33.815028 18.662165,-33.815045 18.661816,-33.814193 18.661202,-33.815431 18.661038,-33.815996 18.66103,-33.816607 18.659779,-33.817872 18.657917,-33.818812 18.654403,-33.821528 18.653229,-33.82119 18.653158,-33.821081 18.652229,-33.820807 18.653685,-33.817269 18.651736,-33.816603 18.650224,-33.820212 18.6473,-33.820677 18.647737,-33.821997 18.647463,-33.823256 18.646619,-33.825084 18.645452,-33.825548 18.645113,-33.825971 18.644307,-33.825918 18.644918,-33.825254 18.644158,-33.824555 18.646314,-33.823546 18.646355,-33.823437 18.643166,-33.823315 18.641579,-33.821623 18.636828,-33.823913 18.636955,-33.82448 18.636996,-33.825284 18.634902,-33.826951 18.634842,-33.826898 18.633393,-33.828099 18.632116,-33.833996 18.635459,-33.833754 18.63541,-33.835059 18.637782,-33.83858 18.63791,-33.838523 18.638732,-33.839767 18.637747,-33.840138 18.637764,-33.840211 18.63664,-33.840316 18.638365,-33.842958 18.637007,-33.842983 18.6365,-33.845157 18.637367,-33.844977 18.638715,-33.844965 18.638726,-33.844626 18.641161,-33.84422 18.641218,-33.844675 18.641112,-33.844982 18.641355,-33.845076 18.641522,-33.845758 18.642388,-33.845582 18.642484,-33.846019 18.642932,-33.846773 18.643147,-33.84752 18.644275,-33.847609 18.644436,-33.846379 18.644798,-33.845404 18.64553,-33.844385 18.646556,-33.843251 18.646648,-33.84329 18.648159,-33.843036 18.648112,-33.842871 18.654414,-33.841815 18.65478,-33.841668 18.654852,-33.841905 18.659709,-33.841089 18.662278,-33.840738 18.667972,-33.840549 18.668182,-33.839578 18.67244,-33.838836 18.672479,-33.837763 18.671562,-33.832971 18.672346,-33.833549 18.671778,-33.830701 18.671608,-33.830414 18.670758,-33.825953 18.669708,-33.826217 18.666493,-33.826685 18.66505,-33.825934 18.663171,-33.828367 18.6615,-33.827465 18.661182,-33.827857 18.660375,-33.827455 18.659858,-33.827889 18.659196,-33.828659 18.658471,-33.829339 18.658023,-33.829084 18.657886,-33.829135 18.657748,-33.829021 18.657543,-33.829192 18.654188,-33.828588 18.653949,-33.82882 18.65339,-33.828026 18.652678,-33.827435 18.654426,-33.826641 18.657688,-33.824984 18.658851,-33.824469 18.659974,-33.824117 18.65941,-33.822672 18.658692,-33.821521 18.661287,-33.81993 18.662708,-33.82337 18.664656,-33.822641 18.666074,-33.821739 18.667032,-33.820567 18.667562,-33.819743 18.66578,-33.815394 18.665863,-33.815369 18.66514,-33.813586</coordinates></LinearRing></outerBoundaryIs><innerBoundaryIs><LinearRing><coordinates>18.667663,-33.832938 18.66748,-33.832063 18.66758,-33.832046 18.667252,-33.830558 18.670934,-33.832532 18.671219,-33.833776 18.667937,-33.834252 18.667663,-33.832938</coordinates></LinearRing></innerBoundaryIs></Polygon>
  </Placemark>
  <Placemark id="Official_Planning_Suburbs.668">
	<name>OTTERY</name><description>5558218</description><styleUrl>#suburbStyle</styleUrl><Polygon><outerBoundaryIs><LinearRing><coordinates>18.501316,-34.000939 18.501346,-34.000879 18.495561,-34.00179 18.488104,-34.002149 18.485151,-34.004594 18.484453,-34.005429 18.483988,-34.006263 18.4837,-34.007125 18.483565,-34.008358 18.484161,-34.013812 18.484664,-34.016359 18.485329,-34.018453 18.485885,-34.019882 18.489617,-34.027897 18.489867,-34.029074 18.490617,-34.028808 18.496819,-34.025251 18.502633,-34.025236 18.510208,-34.024775 18.510381,-34.024731 18.510433,-34.02462 18.510762,-34.024743 18.514594,-34.024587 18.516838,-34.024577 18.519633,-34.024929 18.519551,-34.024567 18.520686,-34.024386 18.520791,-34.024276 18.523464,-34.023919 18.522265,-34.01864 18.522115,-34.017477 18.522198,-34.015909 18.523009,-34.010282 18.523027,-34.009231 18.522903,-34.008363 18.517373,-34.00957 18.515778,-34.003702 18.497737,-34.010325 18.497402,-34.010272 18.4972,-34.010517 18.496963,-34.00994 18.497301,-34.009283 18.497149,-34.009228 18.500111,-34.003607 18.499985,-34.003554 18.501316,-34.000939</coordinates></LinearRing></outerBoundaryIs></Polygon>
  </Placemark>
  <Placemark id="Official_Planning_Suburbs.669">
	<name>GRASSY PARK</name><description>5558175</description><styleUrl>#suburbStyle</styleUrl><Polygon><outerBoundaryIs><LinearRing><coordinates>18.508101,-34.049584 18.511301,-34.047496 18.51114,-34.047325 18.511993,-34.046767 18.502014,-34.036133 18.501229,-34.036366 18.48877,-34.044728 18.487452,-34.045699 18.487339,-34.045999 18.487422,-34.047673 18.488772,-34.057444 18.489023,-34.059833 18.489019,-34.060539 18.488894,-34.061 18.489184,-34.06107 18.489453,-34.063082 18.491079,-34.065524 18.497587,-34.067408 18.504952,-34.065839 18.505186,-34.064366 18.505276,-34.064318 18.50516,-34.063896 18.504493,-34.063389 18.504274,-34.063079 18.503546,-34.059597 18.503414,-34.059605 18.502902,-34.059059 18.501437,-34.058395 18.500109,-34.058391 18.499565,-34.057834 18.499045,-34.058172 18.497464,-34.056506 18.506361,-34.050717 18.506414,-34.050677 18.505896,-34.050124 18.506665,-34.049621 18.507188,-34.050167 18.508101,-34.049584</coordinates></LinearRing></outerBoundaryIs></Polygon>
  </Placemark>
  <Placemark id="Official_Planning_Suburbs.670">
	<name>RONDEBOSCH</name><description>5558079</description><styleUrl>#suburbStyle</styleUrl><Polygon><outerBoundaryIs><LinearRing><coordinates>18.494749,-33.959037 18.494296,-33.957396 18.494187,-33.957168 18.49401,-33.957136 18.493773,-33.956839 18.493812,-33.956525 18.486906,-33.95248 18.485352,-33.951729 18.484794,-33.951333 18.484145,-33.951003 18.481374,-33.953513 18.481094,-33.953663 18.479216,-33.958084 18.479109,-33.958548 18.479149,-33.959547 18.477533,-33.959686 18.476791,-33.959611 18.476193,-33.95964 18.472469,-33.960927 18.472798,-33.957534 18.471167,-33.957234 18.471305,-33.956745 18.471188,-33.956468 18.471218,-33.956103 18.471084,-33.955949 18.470792,-33.955808 18.469126,-33.955544 18.467699,-33.955229 18.466836,-33.95525 18.466387,-33.955192 18.46456,-33.954277 18.463927,-33.955432 18.462916,-33.955216 18.462648,-33.955619 18.462485,-33.955643 18.462213,-33.955527 18.462102,-33.955187 18.461896,-33.95505 18.45886,-33.954262 18.458631,-33.955029 18.45826,-33.955614 18.456347,-33.958438 18.456119,-33.958751 18.455892,-33.958905 18.459686,-33.960635 18.460032,-33.961113 18.460027,-33.961536 18.459612,-33.962671 18.459171,-33.963549 18.457047,-33.962988 18.458221,-33.964056 18.457725,-33.964426 18.458143,-33.964727 18.457102,-33.96617 18.457238,-33.966284 18.456132,-33.967444 18.458776,-33.969208 18.465162,-33.971466 18.466098,-33.968925 18.467497,-33.969332 18.467529,-33.969265 18.467842,-33.969235 18.468197,-33.969378 18.468298,-33.969306 18.469953,-33.969947 18.472366,-33.971296 18.473724,-33.969772 18.472947,-33.972374 18.473175,-33.972397 18.476289,-33.973596 18.482622,-33.978092 18.483068,-33.977754 18.48738,-33.97531 18.490483,-33.978242 18.490336,-33.978836 18.491233,-33.978964 18.491126,-33.979494 18.491196,-33.979506 18.492771,-33.976342 18.495771,-33.965149 18.495837,-33.964523 18.495785,-33.963353 18.494749,-33.959037</coordinates></LinearRing></outerBoundaryIs></Polygon>
  </Placemark>
  <Placemark id="Official_Planning_Suburbs.671">
	<name>DRIFTSANDS</name><description>5558457</description><styleUrl>#suburbStyle</styleUrl><Polygon><outerBoundaryIs><LinearRing><coordinates>18.668074,-33.980111 18.667028,-33.980133 18.665748,-33.980319 18.665613,-33.98054 18.66565,-33.980743 18.665555,-33.981164 18.664709,-33.982345 18.664614,-33.98261 18.664649,-33.983233 18.664815,-33.983871 18.663762,-33.985441 18.663816,-33.985987 18.648282,-33.98684 18.647536,-33.987019 18.642404,-33.992119 18.636818,-33.997392 18.63275,-34.001353 18.64632,-34.006718 18.654612,-34.010557 18.658759,-34.012317 18.656649,-34.015983 18.662427,-34.015916 18.663182,-34.016033 18.663926,-34.016328 18.665036,-34.015828 18.673735,-34.019821 18.675533,-34.020781 18.677302,-34.024299 18.677371,-34.024307 18.677835,-34.025159 18.678863,-34.029169 18.679405,-34.031874 18.679502,-34.031837 18.679948,-34.033849 18.680371,-34.034652 18.681724,-34.036905 18.686392,-34.040661 18.689961,-34.043383 18.68869,-34.044323 18.690177,-34.044459 18.691537,-34.044753 18.695409,-34.046516 18.69584,-34.045909 18.695341,-34.045691 18.69519,-34.044798 18.693391,-34.042468 18.693312,-34.041093 18.694255,-34.040173 18.69615,-34.039022 18.697611,-34.039262 18.698087,-34.039135 18.699788,-34.037809 18.702931,-34.037918 18.704337,-34.03755 18.711089,-34.037473 18.71289,-34.0391 18.712899,-34.043703 18.712744,-34.043714 18.712743,-34.044021 18.714608,-34.048142 18.714035,-34.049175 18.713556,-34.050434 18.712796,-34.051774 18.715035,-34.052677 18.715743,-34.053353 18.72372,-34.03926 18.711403,-34.034411 18.702387,-34.027334 18.691599,-34.022058 18.692618,-34.014969 18.692919,-34.012297 18.692752,-34.011181 18.691723,-34.00756 18.691341,-34.008055 18.691132,-34.007431 18.685663,-34.014368 18.671844,-34.011826 18.672866,-34.011603 18.674689,-34.009081 18.670579,-34.007452 18.668113,-33.998836 18.667795,-33.99885 18.667575,-33.998481 18.667363,-33.997263 18.664145,-33.98597 18.668915,-33.98567 18.670492,-33.980484 18.6693,-33.980214 18.668074,-33.980111</coordinates></LinearRing></outerBoundaryIs></Polygon>
  </Placemark>
  <Placemark id="Official_Planning_Suburbs.672">
	<name>KELDERHOF</name><description>5558381</description><styleUrl>#suburbStyle</styleUrl><Polygon><outerBoundaryIs><LinearRing><coordinates>18.765702,-34.044079 18.767008,-34.043198 18.766484,-34.042506 18.767203,-34.041953 18.767239,-34.040757 18.767672,-34.040431 18.763681,-34.038677 18.760197,-34.035084 18.759022,-34.033347 18.757238,-34.033768 18.75478,-34.034649 18.755435,-34.035714 18.757016,-34.037418 18.756792,-34.037486 18.758663,-34.039415 18.758266,-34.039696 18.758444,-34.039943 18.75765,-34.040519 18.758199,-34.040913 18.765702,-34.044079</coordinates></LinearRing></outerBoundaryIs></Polygon>
  </Placemark>
  <Placemark id="Official_Planning_Suburbs.673">
	<name>SITARI COUNTRY ESTATE</name><description>25857194</description><styleUrl>#suburbStyle</styleUrl><Polygon><outerBoundaryIs><LinearRing><coordinates>18.765669,-34.044101 18.763126,-34.043019 18.755741,-34.045663 18.758838,-34.047539 18.758584,-34.048432 18.758926,-34.049085 18.760034,-34.04998 18.771839,-34.057097 18.77363,-34.057917 18.775789,-34.058605 18.778018,-34.055558 18.779233,-34.05486 18.779895,-34.052966 18.780371,-34.050933 18.7801,-34.050303 18.780025,-34.049034 18.773,-34.046662 18.766246,-34.043712 18.765669,-34.044101</coordinates></LinearRing></outerBoundaryIs></Polygon>
  </Placemark>
  <Placemark id="Official_Planning_Suburbs.674">
	<name>MACASSAR</name><description>25857188</description><styleUrl>#suburbStyle</styleUrl><Polygon><outerBoundaryIs><LinearRing><coordinates>18.743553,-34.026536 18.743476,-34.026418 18.743736,-34.026311 18.742014,-34.025444 18.741375,-34.026563 18.73109,-34.026605 18.731027,-34.029264 18.731233,-34.029542 18.728917,-34.03139 18.727539,-34.03288 18.726939,-34.033748 18.725706,-34.035985 18.723594,-34.039472 18.715743,-34.053353 18.72091,-34.057665 18.733074,-34.067032 18.737144,-34.068429 18.735225,-34.075127 18.73895,-34.07533 18.74101,-34.07567 18.7451,-34.07665 18.74782,-34.07708 18.75009,-34.0776 18.75207,-34.0778 18.75321,-34.07811 18.75451,-34.07815 18.75529,-34.07841 18.75611,-34.0785 18.75696,-34.07881 18.759,-34.07929 18.76007,-34.07981 18.7617,-34.08025 18.7626,-34.08072 18.76701,-34.08171 18.768162,-34.081824 18.769682,-34.078084 18.769592,-34.075181 18.769828,-34.074737 18.769795,-34.074008 18.769696,-34.073678 18.769066,-34.073558 18.768706,-34.073392 18.771445,-34.072931 18.772325,-34.072323 18.775313,-34.069055 18.774683,-34.068656 18.774808,-34.068532 18.774846,-34.067955 18.77384,-34.067941 18.773509,-34.067733 18.773513,-34.066143 18.773868,-34.066156 18.773981,-34.066028 18.773982,-34.065697 18.774498,-34.065704 18.774627,-34.065607 18.774159,-34.06476 18.776292,-34.063944 18.775697,-34.063225 18.775345,-34.063343 18.775179,-34.063715 18.774008,-34.064163 18.77197,-34.064779 18.771394,-34.06504 18.770783,-34.065115 18.77033,-34.065007 18.770169,-34.065096 18.767867,-34.064705 18.768035,-34.064016 18.768598,-34.064066 18.768728,-34.063536 18.769481,-34.062909 18.769661,-34.062388 18.770192,-34.062478 18.770667,-34.061968 18.771165,-34.061933 18.774534,-34.060979 18.774522,-34.060881 18.776719,-34.06004 18.780687,-34.062011 18.781073,-34.060397 18.78236,-34.060237 18.783943,-34.059616 18.785625,-34.059266 18.785129,-34.059048 18.782256,-34.059496 18.781378,-34.059568 18.781294,-34.059489 18.7855,-34.052771 18.78351,-34.051596 18.784668,-34.050631 18.78251,-34.049857 18.782665,-34.049509 18.782165,-34.049344 18.781998,-34.049687 18.780025,-34.049034 18.7801,-34.050303 18.780371,-34.050933 18.779895,-34.052966 18.779233,-34.05486 18.778018,-34.055558 18.775789,-34.058605 18.774528,-34.05824 18.773116,-34.057707 18.771106,-34.056683 18.76003,-34.049977 18.758926,-34.049085 18.758584,-34.048432 18.758838,-34.047539 18.755744,-34.045666 18.754075,-34.046252 18.753333,-34.045994 18.75168,-34.045281 18.749821,-34.043707 18.749648,-34.038166 18.749703,-34.03718 18.749888,-34.036328 18.749594,-34.036422 18.745559,-34.03496 18.745788,-34.034528 18.746073,-34.034222 18.74652,-34.033964 18.746764,-34.033682 18.746928,-34.032342 18.746888,-34.031801 18.746996,-34.031337 18.747376,-34.030767 18.747293,-34.030723 18.746511,-34.031075 18.743553,-34.026536</coordinates></LinearRing></outerBoundaryIs><innerBoundaryIs><LinearRing><coordinates>18.740344,-34.064306 18.739153,-34.064051 18.738324,-34.063713 18.736858,-34.062852 18.735654,-34.062085 18.734906,-34.061267 18.733233,-34.060564 18.732267,-34.059835 18.730072,-34.05844 18.729236,-34.057474 18.728223,-34.05595 18.727686,-34.054647 18.727465,-34.054309 18.72665,-34.053584 18.725647,-34.052076 18.725124,-34.051405 18.724495,-34.050814 18.727117,-34.047474 18.736492,-34.046088 18.73587,-34.048004 18.735578,-34.048548 18.73519,-34.050484 18.735224,-34.051264 18.735547,-34.052281 18.735961,-34.052544 18.736123,-34.052899 18.736075,-34.053065 18.7356,-34.053648 18.735388,-34.054447 18.735428,-34.054888 18.735185,-34.055577 18.735216,-34.055824 18.736159,-34.056311 18.736787,-34.057156 18.73715,-34.057205 18.73751,-34.057101 18.737725,-34.057178 18.738078,-34.05752 18.738177,-34.057734 18.738571,-34.057971 18.739975,-34.059266 18.740258,-34.059415 18.740509,-34.059883 18.741074,-34.060459 18.741325,-34.060827 18.741892,-34.061134 18.742259,-34.061269 18.742995,-34.061294 18.743157,-34.061192 18.743254,-34.06094 18.743398,-34.060809 18.743935,-34.060786 18.744048,-34.06087 18.744124,-34.061205 18.744265,-34.061332 18.745105,-34.061784 18.745199,-34.061906 18.745377,-34.061937 18.745588,-34.061806 18.746196,-34.062123 18.747149,-34.062066 18.742939,-34.063933 18.74137,-34.06431 18.740344,-34.064306</coordinates></LinearRing></innerBoundaryIs><innerBoundaryIs><LinearRing><coordinates>18.747553,-34.057086 18.749378,-34.04976 18.749506,-34.04969 18.750665,-34.049853 18.752298,-34.050135 18.752905,-34.050355 18.754416,-34.051286 18.755606,-34.052449 18.755929,-34.053337 18.755095,-34.053778 18.754614,-34.054249 18.753188,-34.056297 18.753038,-34.056334 18.751067,-34.05567 18.748876,-34.055151 18.748634,-34.05649 18.748639,-34.057269 18.748455,-34.057788 18.747433,-34.057564 18.747553,-34.057086</coordinates></LinearRing></innerBoundaryIs><innerBoundaryIs><LinearRing><coordinates>18.7534,-34.056314 18.753832,-34.055682 18.754021,-34.055771 18.753598,-34.056408 18.754631,-34.057191 18.75568,-34.055719 18.756533,-34.05614 18.756731,-34.055861 18.757607,-34.056293 18.757552,-34.05637 18.75854,-34.056858 18.758659,-34.056602 18.759097,-34.056818 18.758782,-34.05726 18.760113,-34.057917 18.760314,-34.057636 18.760468,-34.057711 18.760505,-34.057818 18.760587,-34.057702 18.760987,-34.057928 18.759337,-34.06023 18.759182,-34.060268 18.757883,-34.059753 18.756766,-34.059206 18.756053,-34.058727 18.754227,-34.057109 18.75339,-34.056508 18.7534,-34.056314</coordinates></LinearRing></innerBoundaryIs><innerBoundaryIs><LinearRing><coordinates>18.764273,-34.060259 18.764196,-34.059658 18.764485,-34.058931 18.765079,-34.058089 18.765166,-34.058073 18.768974,-34.060232 18.769154,-34.060604 18.769233,-34.061025 18.768178,-34.062734 18.76712,-34.062555 18.766627,-34.062372 18.765295,-34.061621 18.764768,-34.061143 18.764301,-34.060483 18.764273,-34.060259</coordinates></LinearRing></innerBoundaryIs><innerBoundaryIs><LinearRing><coordinates>18.759646,-34.060736 18.760168,-34.061039 18.760582,-34.06155 18.761725,-34.063705 18.763288,-34.063176 18.765253,-34.06463 18.765829,-34.06414 18.766389,-34.064554 18.766467,-34.064985 18.767279,-34.06487 18.767336,-34.065492 18.767577,-34.065613 18.766171,-34.067557 18.765328,-34.068492 18.765321,-34.068591 18.764356,-34.068913 18.763816,-34.068961 18.763079,-34.068632 18.757622,-34.063713 18.758799,-34.063281 18.758519,-34.062749 18.758031,-34.062497 18.759378,-34.060685 18.759504,-34.060655 18.759646,-34.060736</coordinates></LinearRing></innerBoundaryIs><innerBoundaryIs><LinearRing><coordinates>18.756369,-34.061829 18.756364,-34.062357 18.754197,-34.061095 18.752867,-34.060787 18.751965,-34.06071 18.75091,-34.060125 18.75088,-34.060012 18.75105,-34.059801 18.751158,-34.059861 18.751235,-34.059765 18.751128,-34.059706 18.751556,-34.059104 18.75142,-34.058572 18.751505,-34.058362 18.751341,-34.058316 18.751365,-34.058257 18.750637,-34.057753 18.750671,-34.05767 18.750558,-34.057639 18.750516,-34.057741 18.749572,-34.057475 18.749614,-34.057373 18.749328,-34.057292 18.749222,-34.057145 18.749048,-34.056657 18.749465,-34.055483 18.75242,-34.056321 18.753185,-34.056659 18.753986,-34.057234 18.755868,-34.058893 18.756485,-34.059307 18.755995,-34.059953 18.756369,-34.061829</coordinates></LinearRing></innerBoundaryIs><innerBoundaryIs><LinearRing><coordinates>18.748259,-34.057862 18.750378,-34.058385 18.750122,-34.059197 18.747839,-34.058661 18.748094,-34.05785 18.748259,-34.057862</coordinates></LinearRing></innerBoundaryIs><innerBoundaryIs><LinearRing><coordinates>18.746589,-34.076342 18.745975,-34.076223 18.745108,-34.075805 18.743802,-34.075551 18.743733,-34.075127 18.742066,-34.075058 18.73913,-34.073899 18.740385,-34.06951 18.745802,-34.070123 18.747379,-34.071885 18.747329,-34.072365 18.748484,-34.072455 18.752687,-34.073271 18.753198,-34.073575 18.753324,-34.073744 18.753656,-34.073809 18.753563,-34.073907 18.753293,-34.073855 18.752823,-34.075279 18.752727,-34.075873 18.752627,-34.075853 18.752565,-34.076075 18.752067,-34.075978 18.751964,-34.076031 18.751867,-34.076245 18.751915,-34.076646 18.751236,-34.076995 18.750239,-34.077051 18.749512,-34.07691 18.748647,-34.076492 18.748533,-34.076339 18.748665,-34.07587 18.748199,-34.07578 18.748067,-34.076249 18.747884,-34.076344 18.746886,-34.0764 18.746589,-34.076342</coordinates></LinearRing></innerBoundaryIs></Polygon>
  </Placemark>
  <Placemark id="Official_Planning_Suburbs.675">
	<name>FIRGROVE</name><description>22171831</description><styleUrl>#suburbStyle</styleUrl><Polygon><outerBoundaryIs><LinearRing><coordinates>18.784668,-34.050631 18.78351,-34.051596 18.7855,-34.052771 18.782216,-34.058039 18.782404,-34.058115 18.782261,-34.058413 18.782326,-34.058525 18.783795,-34.058752 18.789764,-34.058089 18.791248,-34.058093 18.792133,-34.058185 18.793658,-34.058488 18.794936,-34.058907 18.796116,-34.059482 18.788889,-34.055153 18.790221,-34.052872 18.791156,-34.052937 18.78995,-34.051896 18.789469,-34.051611 18.788934,-34.051452 18.788386,-34.051421 18.787861,-34.051474 18.786955,-34.051839 18.785716,-34.051129 18.784668,-34.050631</coordinates></LinearRing></outerBoundaryIs></Polygon>
  </Placemark>
  <Placemark id="Official_Planning_Suburbs.676">
	<name>BIG BAY</name><description>5557795</description><styleUrl>#suburbStyle</styleUrl><Polygon><outerBoundaryIs><LinearRing><coordinates>18.463504,-33.787492 18.462581,-33.785022 18.460646,-33.78578 18.458012,-33.7873 18.453311,-33.788137 18.453887,-33.79002 18.454841,-33.791181 18.455646,-33.791506 18.455699,-33.791637 18.455627,-33.791689 18.456541,-33.792841 18.456605,-33.7932 18.457097,-33.794221 18.4584,-33.793868 18.458543,-33.794191 18.459246,-33.793902 18.460209,-33.794674 18.460247,-33.7948 18.459544,-33.794955 18.460001,-33.795863 18.460645,-33.798209 18.461431,-33.799341 18.462067,-33.800849 18.463156,-33.800524 18.463675,-33.801777 18.464745,-33.801529 18.464945,-33.801151 18.465154,-33.801106 18.465255,-33.801431 18.466854,-33.801036 18.468493,-33.800838 18.463504,-33.787492</coordinates></LinearRing></outerBoundaryIs></Polygon>
  </Placemark>
  <Placemark id="Official_Planning_Suburbs.677">
	<name>NIEUW MAASTRECHT-1</name><description>5557826</description><styleUrl>#suburbStyle</styleUrl><Polygon><outerBoundaryIs><LinearRing><coordinates>18.594085,-33.845619 18.594244,-33.845185 18.595891,-33.844823 18.5965,-33.8432 18.596104,-33.837995 18.595825,-33.830714 18.594898,-33.829773 18.577803,-33.838751 18.57765,-33.842402 18.581112,-33.848725 18.586117,-33.852774 18.586368,-33.853144 18.586121,-33.853964 18.589349,-33.860479 18.590871,-33.860946 18.594074,-33.856614 18.59313,-33.856126 18.594193,-33.854619 18.59318,-33.852899 18.597414,-33.852121 18.597199,-33.850552 18.594085,-33.845619</coordinates></LinearRing></outerBoundaryIs></Polygon>
  </Placemark>
  <Placemark id="Official_Planning_Suburbs.678">
	<name>KANONBERG</name><description>5557879</description><styleUrl>#suburbStyle</styleUrl><Polygon><outerBoundaryIs><LinearRing><coordinates>18.599835,-33.860941 18.599902,-33.860883 18.597225,-33.858235 18.594074,-33.856614 18.590871,-33.860946 18.589349,-33.860479 18.590214,-33.861941 18.592652,-33.862532 18.593883,-33.862076 18.594109,-33.862572 18.599963,-33.861057 18.599835,-33.860941</coordinates></LinearRing></outerBoundaryIs></Polygon>
  </Placemark>
  <Placemark id="Official_Planning_Suburbs.679">
	<name>DE GRENDEL FARM</name><description>5558470</description><styleUrl>#suburbStyle</styleUrl><Polygon><outerBoundaryIs><LinearRing><coordinates>18.577751,-33.839937 18.57781,-33.838764 18.567351,-33.831942 18.559911,-33.821732 18.558339,-33.822555 18.557078,-33.823453 18.55217,-33.82863 18.554148,-33.840544 18.554074,-33.840733 18.554175,-33.84072 18.557153,-33.857305 18.557283,-33.857515 18.560209,-33.858796 18.562779,-33.860063 18.564672,-33.861145 18.566986,-33.862703 18.585219,-33.853106 18.586125,-33.85397 18.586368,-33.853144 18.586117,-33.852774 18.581112,-33.848725 18.57765,-33.842402 18.577751,-33.839937</coordinates></LinearRing></outerBoundaryIs></Polygon>
  </Placemark>
  <Placemark id="Official_Planning_Suburbs.680">
	<name>WELGELEGEN</name><description>5557892</description><styleUrl>#suburbStyle</styleUrl><Polygon><outerBoundaryIs><LinearRing><coordinates>18.566588,-33.878989 18.578243,-33.874695 18.570371,-33.865519 18.567915,-33.86339 18.565384,-33.861595 18.558915,-33.865001 18.559714,-33.868616 18.559639,-33.868677 18.562097,-33.879242 18.563624,-33.879907 18.563658,-33.88015 18.563796,-33.880011 18.566588,-33.878989</coordinates></LinearRing></outerBoundaryIs></Polygon>
  </Placemark>
  <Placemark id="Official_Planning_Suburbs.681">
	<name>OUDE WESTHOF</name><description>5557869</description><styleUrl>#suburbStyle</styleUrl><Polygon><outerBoundaryIs><LinearRing><coordinates>18.604154,-33.857719 18.604131,-33.856784 18.60301,-33.8509 18.597414,-33.852121 18.59318,-33.852899 18.594193,-33.854619 18.59313,-33.856126 18.597225,-33.858235 18.599902,-33.860883 18.599834,-33.86094 18.599963,-33.861057 18.599969,-33.861188 18.602298,-33.860456 18.60338,-33.860633 18.604052,-33.860417 18.60402,-33.860349 18.604097,-33.860324 18.604124,-33.860388 18.604469,-33.860298 18.604152,-33.859597 18.605182,-33.859363 18.605313,-33.859404 18.605179,-33.857668 18.604421,-33.85763 18.604154,-33.857719</coordinates></LinearRing></outerBoundaryIs></Polygon>
  </Placemark>
  <Placemark id="Official_Planning_Suburbs.682">
	<name>WELGEDACHT</name><description>5557887</description><styleUrl>#suburbStyle</styleUrl><Polygon><outerBoundaryIs><LinearRing><coordinates>18.605258,-33.859424 18.605182,-33.859363 18.604152,-33.859597 18.604469,-33.860298 18.604124,-33.860388 18.604097,-33.860324 18.60402,-33.860349 18.604052,-33.860417 18.60338,-33.860633 18.602298,-33.860456 18.599969,-33.861188 18.599963,-33.861057 18.594109,-33.862572 18.593883,-33.862076 18.592652,-33.862532 18.590202,-33.861939 18.591834,-33.864659 18.594978,-33.867025 18.595427,-33.875537 18.599906,-33.873447 18.608179,-33.8694 18.605863,-33.863708 18.607537,-33.862426 18.607832,-33.861998 18.608581,-33.862072 18.608713,-33.862217 18.60878,-33.861901 18.608027,-33.861862 18.607329,-33.861548 18.605258,-33.859424</coordinates></LinearRing></outerBoundaryIs></Polygon>
  </Placemark>
  <Placemark id="Official_Planning_Suburbs.683">
	<name>BARONETCY ESTATE</name><description>17579578</description><styleUrl>#suburbStyle</styleUrl><Polygon><outerBoundaryIs><LinearRing><coordinates>18.589925,-33.861454 18.589349,-33.860479 18.586125,-33.85397 18.585219,-33.853106 18.566986,-33.862703 18.569147,-33.864408 18.570371,-33.865519 18.571356,-33.866624 18.573942,-33.865875 18.573029,-33.864675 18.573108,-33.864625 18.572126,-33.863357 18.576249,-33.861592 18.580718,-33.867362 18.584189,-33.865378 18.583993,-33.86514 18.584074,-33.864613 18.58451,-33.864653 18.584813,-33.865021 18.5859,-33.8644 18.586033,-33.864007 18.586426,-33.8641 18.590214,-33.861941 18.589925,-33.861454</coordinates></LinearRing></outerBoundaryIs></Polygon>
  </Placemark>
  <Placemark id="Official_Planning_Suburbs.684">
	<name>PLATTEKLOOF 3</name><description>5558351</description><styleUrl>#suburbStyle</styleUrl><Polygon><outerBoundaryIs><LinearRing><coordinates>18.580716,-33.86736 18.576249,-33.861592 18.572126,-33.863357 18.573108,-33.864625 18.573029,-33.864675 18.573942,-33.865875 18.571356,-33.866624 18.579889,-33.876675 18.594979,-33.867026 18.591834,-33.864659 18.590202,-33.861939 18.586426,-33.8641 18.586033,-33.864007 18.5859,-33.8644 18.584813,-33.865021 18.58451,-33.864653 18.584074,-33.864613 18.583993,-33.86514 18.584189,-33.865378 18.580716,-33.86736</coordinates></LinearRing></outerBoundaryIs></Polygon>
  </Placemark>
  <Placemark id="Official_Planning_Suburbs.685">
	<name>BOSTON</name><description>5558291</description><styleUrl>#suburbStyle</styleUrl><Polygon><outerBoundaryIs><LinearRing><coordinates>18.634025,-33.887648 18.634131,-33.887067 18.630843,-33.887801 18.627303,-33.888282 18.613583,-33.88919 18.614736,-33.9018 18.626596,-33.9011 18.626995,-33.90042 18.627324,-33.90018 18.627448,-33.899895 18.627647,-33.898526 18.627441,-33.898114 18.627597,-33.897703 18.625073,-33.897828 18.625004,-33.897784 18.624826,-33.895601 18.626065,-33.894938 18.627586,-33.894822 18.627568,-33.894752 18.627304,-33.89477 18.627166,-33.894491 18.628268,-33.893962 18.628578,-33.892568 18.62913,-33.892707 18.630004,-33.891283 18.630116,-33.891305 18.630253,-33.891013 18.630955,-33.891245 18.632241,-33.888141 18.633827,-33.888481 18.634025,-33.887648</coordinates></LinearRing></outerBoundaryIs></Polygon>
  </Placemark>
  <Placemark id="Official_Planning_Suburbs.686">
	<name>HARDEKRAALTJIE</name><description>5558469</description><styleUrl>#suburbStyle</styleUrl><Polygon><outerBoundaryIs><LinearRing><coordinates>18.627126,-33.901351 18.627142,-33.901234 18.627045,-33.901169 18.627325,-33.901158 18.627367,-33.90105 18.611069,-33.902005 18.611268,-33.904108 18.610339,-33.904849 18.609588,-33.906167 18.619392,-33.904703 18.620891,-33.904614 18.622362,-33.90462 18.622995,-33.903953 18.624318,-33.902794 18.625442,-33.902788 18.626774,-33.902596 18.626601,-33.901757 18.626823,-33.901724 18.626828,-33.901406 18.62701,-33.90138 18.627003,-33.901699 18.627126,-33.901351</coordinates></LinearRing></outerBoundaryIs></Polygon>
  </Placemark>
  <Placemark id="Official_Planning_Suburbs.687">
	<name>OBSERVATORY</name><description>5558044</description><styleUrl>#suburbStyle</styleUrl><Polygon><outerBoundaryIs><LinearRing><coordinates>18.478233,-33.930426 18.477888,-33.930029 18.477643,-33.929353 18.47263,-33.930796 18.471538,-33.930843 18.471555,-33.931049 18.471005,-33.930877 18.46888,-33.930548 18.466363,-33.929936 18.466104,-33.930178 18.462261,-33.935431 18.462385,-33.935495 18.461859,-33.936062 18.462627,-33.936685 18.45758,-33.941184 18.458434,-33.942696 18.45894,-33.943119 18.459588,-33.943368 18.460586,-33.943399 18.462949,-33.943306 18.464054,-33.943579 18.464791,-33.944022 18.46527,-33.944479 18.466154,-33.946024 18.466536,-33.946315 18.467063,-33.94649 18.467661,-33.946439 18.472282,-33.944771 18.473685,-33.944409 18.474566,-33.944269 18.484606,-33.943588 18.485103,-33.943579 18.485738,-33.943696 18.486593,-33.94406 18.487197,-33.944593 18.488316,-33.946418 18.489836,-33.946062 18.49057,-33.945792 18.490986,-33.945555 18.491381,-33.9453 18.491058,-33.944613 18.490112,-33.938449 18.489308,-33.936526 18.487708,-33.937052 18.487768,-33.937151 18.483663,-33.938723 18.483393,-33.938137 18.480452,-33.933509 18.480248,-33.932949 18.480166,-33.932268 18.47932,-33.932746 18.478233,-33.930426</coordinates></LinearRing></outerBoundaryIs></Polygon>
  </Placemark>
  <Placemark id="Official_Planning_Suburbs.688">
	<name>EPPING INDUSTRIA 2</name><description>23034276</description><styleUrl>#suburbStyle</styleUrl><Polygon><outerBoundaryIs><LinearRing><coordinates>18.565472,-33.926912 18.564316,-33.92536 18.562846,-33.926207 18.56163,-33.926721 18.560675,-33.926984 18.559959,-33.927091 18.556127,-33.9271 18.543686,-33.926757 18.543542,-33.930388 18.542759,-33.941529 18.542966,-33.941402 18.547331,-33.941701 18.548438,-33.941534 18.552341,-33.941803 18.553403,-33.942118 18.566397,-33.943009 18.566546,-33.929445 18.566244,-33.928148 18.565977,-33.927611 18.565472,-33.926912</coordinates></LinearRing></outerBoundaryIs></Polygon>
  </Placemark>
  <Placemark id="Official_Planning_Suburbs.689">
	<name>THE RANGE</name><description>5558255</description><styleUrl>#suburbStyle</styleUrl><Polygon><outerBoundaryIs><LinearRing><coordinates>18.572899,-33.936883 18.570046,-33.932881 18.570061,-33.931542 18.566535,-33.931512 18.566468,-33.936964 18.572998,-33.93703 18.572899,-33.936883</coordinates></LinearRing></outerBoundaryIs></Polygon>
  </Placemark>
  <Placemark id="Official_Planning_Suburbs.690">
	<name>WETTON</name><description>5558147</description><styleUrl>#suburbStyle</styleUrl><Polygon><outerBoundaryIs><LinearRing><coordinates>18.507347,-34.000952 18.505219,-34.00034 18.504939,-34.000314 18.501346,-34.000879 18.499985,-34.003554 18.500111,-34.003607 18.497149,-34.009228 18.497301,-34.009283 18.496963,-34.00994 18.4972,-34.010517 18.497402,-34.010272 18.497737,-34.010325 18.515778,-34.003702 18.517373,-34.00957 18.522903,-34.008363 18.521457,-34.001894 18.517474,-34.002451 18.5164,-34.002708 18.515596,-34.002793 18.515541,-34.002689 18.515317,-34.002629 18.515149,-34.002773 18.514708,-34.002825 18.508209,-34.001226 18.507347,-34.000952</coordinates></LinearRing></outerBoundaryIs></Polygon>
  </Placemark>
  <Placemark id="Official_Planning_Suburbs.691">
	<name>DUNOON</name><description>5557801</description><styleUrl>#suburbStyle</styleUrl><Polygon><outerBoundaryIs><LinearRing><coordinates>18.54555,-33.814565 18.546391,-33.812088 18.543779,-33.808473 18.540404,-33.812034 18.54049,-33.812168 18.538436,-33.814389 18.53525,-33.818713 18.540787,-33.826955 18.54555,-33.814565</coordinates></LinearRing></outerBoundaryIs></Polygon>
  </Placemark>
  <Placemark id="Official_Planning_Suburbs.692">
	<name>KILLARNEY GARDENS</name><description>5557810</description><styleUrl>#suburbStyle</styleUrl><Polygon><outerBoundaryIs><LinearRing><coordinates>18.54075,-33.826904 18.535134,-33.818533 18.530931,-33.823999 18.529365,-33.826213 18.52853,-33.827772 18.527477,-33.83036 18.531631,-33.831607 18.53207,-33.832278 18.541479,-33.82799 18.541695,-33.82831 18.541596,-33.824846 18.540787,-33.826955 18.54075,-33.826904</coordinates></LinearRing></outerBoundaryIs></Polygon>
  </Placemark>
  <Placemark id="Official_Planning_Suburbs.693">
	<name>ANNANDALE FARM</name><description>5558287</description><styleUrl>#suburbStyle</styleUrl><MultiGeometry><Polygon><outerBoundaryIs><LinearRing><coordinates>18.550671,-33.824631 18.547178,-33.81471 18.545408,-33.814959 18.541596,-33.824846 18.541695,-33.828312 18.547776,-33.828306 18.549748,-33.831199 18.556754,-33.823764 18.557078,-33.823453 18.557711,-33.823054 18.550958,-33.825447 18.550671,-33.824631</coordinates></LinearRing></outerBoundaryIs></Polygon><Polygon><outerBoundaryIs><LinearRing><coordinates>18.541666,-33.828384 18.54168,-33.828347 18.541664,-33.828384 18.541666,-33.828384</coordinates></LinearRing></outerBoundaryIs></Polygon><Polygon><outerBoundaryIs><LinearRing><coordinates>18.541657,-33.828254 18.54151,-33.828036 18.541682,-33.828294 18.541657,-33.828254</coordinates></LinearRing></outerBoundaryIs></Polygon></MultiGeometry>
  </Placemark>
  <Placemark id="Official_Planning_Suburbs.694">
	<name>CAPE FARMS - DISTRICT B</name><description>5558447</description><styleUrl>#suburbStyle</styleUrl><Polygon><outerBoundaryIs><LinearRing><coordinates>18.402462,-33.514305 18.388819,-33.508909 18.383692,-33.511666 18.369152,-33.52529 18.359356,-33.542265 18.360388,-33.548892 18.343626,-33.55667 18.341316,-33.55859 18.343113,-33.571126 18.343778,-33.571273 18.344454,-33.571528 18.345264,-33.57204 18.346794,-33.573354 18.348576,-33.575068 18.349545,-33.576418 18.350496,-33.577118 18.352181,-33.578007 18.352473,-33.57829 18.352931,-33.578984 18.35368,-33.579447 18.354218,-33.579953 18.356181,-33.58233 18.358218,-33.586516 18.358879,-33.587468 18.359794,-33.588361 18.360009,-33.588703 18.360169,-33.589479 18.360026,-33.590236 18.359611,-33.590689 18.358936,-33.590822 18.358631,-33.591152 18.359076,-33.591427 18.359886,-33.591722 18.360136,-33.591964 18.360487,-33.592632 18.360597,-33.593075 18.360589,-33.594196 18.360323,-33.594701 18.360128,-33.594884 18.359268,-33.595185 18.35892,-33.595475 18.35868,-33.59598 18.358596,-33.596923 18.358473,-33.597232 18.358099,-33.597365 18.357471,-33.597235 18.356763,-33.597213 18.356453,-33.597238 18.35625,-33.597359 18.356087,-33.597669 18.356031,-33.598064 18.356204,-33.598655 18.356552,-33.599091 18.357466,-33.599805 18.358629,-33.60017 18.359389,-33.600136 18.360367,-33.599791 18.36184,-33.599542 18.362448,-33.599221 18.36322,-33.599148 18.365841,-33.599659 18.366611,-33.600009 18.367185,-33.60051 18.369296,-33.603288 18.370255,-33.604427 18.370581,-33.604976 18.371021,-33.606205 18.371618,-33.606827 18.371875,-33.607386 18.372498,-33.607841 18.372606,-33.608217 18.372605,-33.609548 18.372559,-33.60996 18.372386,-33.610399 18.372183,-33.610511 18.371671,-33.610474 18.371221,-33.610612 18.37085,-33.610888 18.370552,-33.61128 18.370559,-33.611643 18.370948,-33.611918 18.371931,-33.612407 18.372228,-33.612913 18.372963,-33.613336 18.373246,-33.61358 18.373646,-33.614329 18.3737,-33.615251 18.373968,-33.616139 18.374422,-33.616961 18.374952,-33.617697 18.375869,-33.618674 18.376203,-33.618961 18.376949,-33.619312 18.37891,-33.619268 18.379876,-33.619937 18.381342,-33.620304 18.381655,-33.62034 18.382241,-33.620218 18.383892,-33.620114 18.384798,-33.620485 18.384918,-33.620566 18.384602,-33.620971 18.383742,-33.621426 18.383218,-33.622133 18.383213,-33.622341 18.383398,-33.622648 18.383597,-33.622839 18.383891,-33.622943 18.384268,-33.622748 18.384271,-33.622385 18.384584,-33.622226 18.385276,-33.622312 18.385805,-33.622464 18.386044,-33.622443 18.38616,-33.622291 18.386344,-33.621661 18.386519,-33.621405 18.386671,-33.621284 18.387001,-33.621183 18.389182,-33.621741 18.39093,-33.621944 18.391659,-33.622278 18.392117,-33.623077 18.392249,-33.623144 18.393499,-33.623148 18.393962,-33.623261 18.394541,-33.623654 18.395793,-33.625048 18.396507,-33.625637 18.39744,-33.627132 18.398611,-33.628689 18.399061,-33.62949 18.400166,-33.630386 18.400731,-33.630964 18.401234,-33.631577 18.401808,-33.632575 18.403094,-33.633867 18.40479,-33.636753 18.404885,-33.637185 18.404879,-33.638071 18.406128,-33.640917 18.406971,-33.641994 18.409285,-33.644308 18.411438,-33.646981 18.413631,-33.64942 18.41645,-33.653434 18.418363,-33.655946 18.419301,-33.657448 18.419998,-33.657248 18.422376,-33.661732 18.422397,-33.662004 18.422684,-33.66245 18.423391,-33.663955 18.423741,-33.664266 18.423793,-33.664703 18.424166,-33.665529 18.424477,-33.665883 18.424818,-33.666858 18.425068,-33.667078 18.425184,-33.667615 18.425506,-33.66794 18.425553,-33.668135 18.425719,-33.668239 18.425806,-33.668484 18.42656,-33.669396 18.426511,-33.669671 18.426847,-33.669969 18.427189,-33.670881 18.42706,-33.671558 18.427326,-33.672 18.42729,-33.672191 18.428177,-33.673701 18.428151,-33.674092 18.426515,-33.675413 18.423577,-33.676525 18.423381,-33.67648 18.423564,-33.676567 18.426417,-33.675525 18.42834,-33.674015 18.42845,-33.674273 18.428359,-33.674462 18.429232,-33.675698 18.429569,-33.676338 18.429665,-33.676573 18.42936,-33.676666 18.429865,-33.677677 18.430205,-33.677559 18.430588,-33.678486 18.426139,-33.678627 18.425439,-33.67726 18.42534,-33.6773 18.426011,-33.67862 18.425384,-33.678574 18.424792,-33.678441 18.421954,-33.677369 18.421557,-33.677229 18.421547,-33.677279 18.424571,-33.678442 18.425308,-33.678625 18.425999,-33.678687 18.430601,-33.678558 18.430821,-33.678663 18.431142,-33.67934 18.430565,-33.680185 18.430797,-33.680448 18.43105,-33.680271 18.431502,-33.679506 18.431905,-33.679641 18.43157,-33.68018 18.43091,-33.680613 18.431322,-33.681072 18.431693,-33.681078 18.432125,-33.680959 18.432305,-33.681255 18.432405,-33.68169 18.43305,-33.683201 18.433001,-33.683327 18.433296,-33.683878 18.433531,-33.684124 18.433696,-33.684925 18.433857,-33.685224 18.434101,-33.685435 18.434626,-33.687083 18.434818,-33.687224 18.434945,-33.687652 18.435319,-33.68826 18.43513,-33.688584 18.434865,-33.688725 18.435197,-33.689267 18.435134,-33.689466 18.435463,-33.689465 18.435937,-33.690183 18.43626,-33.690326 18.436438,-33.690519 18.436478,-33.690797 18.436652,-33.691034 18.436918,-33.691215 18.437335,-33.691702 18.437673,-33.692345 18.437962,-33.692561 18.437983,-33.693185 18.438324,-33.693913 18.44288,-33.691033 18.44299,-33.691112 18.445877,-33.689216 18.445894,-33.689129 18.455907,-33.682802 18.456347,-33.682219 18.455175,-33.751062 18.455236,-33.752081 18.455672,-33.754546 18.456062,-33.755857 18.456899,-33.757799 18.456519,-33.758049 18.456552,-33.758122 18.445779,-33.761258 18.445101,-33.755536 18.441369,-33.735895 18.438912,-33.734599 18.43538,-33.731877 18.435008,-33.733374 18.434936,-33.734346 18.435048,-33.735143 18.4355,-33.736008 18.436169,-33.736958 18.43691,-33.737687 18.437074,-33.73806 18.437442,-33.738347 18.437719,-33.739001 18.438551,-33.740462 18.439299,-33.742067 18.440127,-33.744165 18.440906,-33.746574 18.441243,-33.749517 18.441069,-33.750489 18.441083,-33.751475 18.440816,-33.753407 18.440946,-33.754574 18.441789,-33.757846 18.442232,-33.758929 18.442702,-33.762424 18.443602,-33.765392 18.444029,-33.766222 18.444121,-33.766728 18.444425,-33.767357 18.444996,-33.769195 18.445423,-33.769974 18.445665,-33.770677 18.4461,-33.772537 18.446014,-33.772689 18.445779,-33.772681 18.445713,-33.772788 18.445974,-33.772942 18.447237,-33.774585 18.447167,-33.774867 18.446694,-33.775157 18.446646,-33.775387 18.447563,-33.776214 18.447959,-33.777402 18.448458,-33.778512 18.449297,-33.779652 18.449592,-33.781505 18.450869,-33.783572 18.451517,-33.784279 18.45182,-33.784897 18.451896,-33.785341 18.452727,-33.786824 18.453311,-33.788137 18.455812,-33.78771 18.454684,-33.785253 18.451606,-33.780263 18.452643,-33.780014 18.45262,-33.779943 18.455331,-33.779197 18.456571,-33.78756 18.458012,-33.7873 18.460646,-33.78578 18.462581,-33.785022 18.470504,-33.806215 18.476884,-33.795255 18.477217,-33.795125 18.47665,-33.794111 18.476351,-33.792292 18.476234,-33.792081 18.475906,-33.790468 18.474777,-33.78695 18.475334,-33.787029 18.477908,-33.786496 18.485296,-33.785903 18.485715,-33.787554 18.484846,-33.787624 18.48505,-33.788409 18.485895,-33.78826 18.486703,-33.791431 18.491187,-33.789682 18.499858,-33.789704 18.499871,-33.791661 18.503932,-33.791669 18.505594,-33.790987 18.504853,-33.789706 18.510841,-33.78426 18.512366,-33.786194 18.512904,-33.787123 18.513107,-33.787787 18.513203,-33.788471 18.513184,-33.790983 18.513289,-33.791762 18.516215,-33.798958 18.516536,-33.798874 18.516659,-33.798926 18.518281,-33.798574 18.520191,-33.798549 18.520206,-33.795954 18.524684,-33.795982 18.524601,-33.799309 18.525046,-33.799329 18.525509,-33.788062 18.527373,-33.782615 18.527787,-33.781956 18.528318,-33.781475 18.528963,-33.781173 18.529835,-33.780979 18.535172,-33.780949 18.547119,-33.783209 18.545413,-33.789503 18.543672,-33.789952 18.544462,-33.787465 18.540932,-33.787769 18.540844,-33.790679 18.535285,-33.792107 18.534157,-33.789803 18.531644,-33.790671 18.53283,-33.793093 18.535483,-33.793156 18.536988,-33.798834 18.535419,-33.80152 18.534621,-33.802454 18.531472,-33.804205 18.530398,-33.806287 18.53115,-33.808828 18.530689,-33.809547 18.529494,-33.810133 18.528877,-33.808095 18.52885,-33.806051 18.529311,-33.80267 18.515667,-33.808106 18.519268,-33.814215 18.522191,-33.820658 18.518825,-33.820839 18.518322,-33.822064 18.519172,-33.822253 18.519594,-33.825277 18.519397,-33.825273 18.518046,-33.82807 18.519782,-33.829584 18.519315,-33.829561 18.519456,-33.829879 18.519598,-33.829958 18.519694,-33.830205 18.520106,-33.830662 18.51957,-33.831301 18.519657,-33.832073 18.519457,-33.832602 18.519201,-33.832535 18.519199,-33.832611 18.525853,-33.834405 18.526195,-33.833274 18.52694,-33.831674 18.52853,-33.827772 18.529132,-33.826593 18.530931,-33.823999 18.535132,-33.818536 18.530715,-33.811953 18.534918,-33.808841 18.537038,-33.810994 18.537382,-33.811918 18.538437,-33.813075 18.538935,-33.8134 18.539275,-33.813482 18.540398,-33.812267 18.540098,-33.812195 18.540128,-33.811832 18.539488,-33.810945 18.5393,-33.81051 18.536947,-33.807249 18.537504,-33.806788 18.538609,-33.80672 18.539321,-33.806836 18.540758,-33.806357 18.542635,-33.809681 18.543779,-33.808473 18.546391,-33.812088 18.546705,-33.811092 18.54726,-33.808583 18.547643,-33.805026 18.547714,-33.794561 18.548111,-33.791441 18.54891,-33.787105 18.549051,-33.784207 18.545782,-33.743032 18.544681,-33.729683 18.543638,-33.718261 18.543529,-33.713694 18.543778,-33.711725 18.544511,-33.708185 18.551241,-33.684696 18.555216,-33.670349 18.556355,-33.667574 18.557288,-33.665851 18.559103,-33.663017 18.594137,-33.610785 18.598462,-33.603994 18.600863,-33.599893 18.61024,-33.585111 18.605883,-33.585519 18.605848,-33.585619 18.60318,-33.584772 18.596402,-33.58212 18.596625,-33.582092 18.574368,-33.573499 18.568593,-33.562092 18.579958,-33.557725 18.576415,-33.531483 18.564032,-33.523504 18.536531,-33.52711 18.524142,-33.52523 18.524666,-33.528429 18.527908,-33.52919 18.527385,-33.530541 18.524175,-33.531979 18.524069,-33.534914 18.524217,-33.534891 18.524259,-33.537795 18.524034,-33.537866 18.524078,-33.537978 18.523959,-33.538012 18.523896,-33.53976 18.524285,-33.539581 18.524301,-33.540729 18.523826,-33.541805 18.525726,-33.547128 18.519298,-33.551149 18.518366,-33.54185 18.517135,-33.532758 18.516539,-33.530671 18.486722,-33.528602 18.47382,-33.532661 18.454717,-33.520611 18.431597,-33.513104 18.426141,-33.511192 18.402462,-33.514305</coordinates></LinearRing></outerBoundaryIs><innerBoundaryIs><LinearRing><coordinates>18.453849,-33.596959 18.453127,-33.596027 18.45357,-33.594978 18.454312,-33.593782 18.454924,-33.592983 18.455633,-33.592242 18.462985,-33.585947 18.463868,-33.585414 18.471285,-33.576864 18.447811,-33.563332 18.477519,-33.534937 18.517746,-33.554449 18.51904,-33.555404 18.530561,-33.551937 18.515056,-33.579739 18.506919,-33.581445 18.510152,-33.592238 18.507216,-33.592843 18.506226,-33.592918 18.504607,-33.592842 18.505095,-33.592126 18.500464,-33.590362 18.496169,-33.591202 18.46804,-33.614632 18.453849,-33.596959</coordinates></LinearRing></innerBoundaryIs></Polygon>
  </Placemark>
  <Placemark id="Official_Planning_Suburbs.695">
	<name>THE STABLES</name><description>22486136</description><styleUrl>#suburbStyle</styleUrl><Polygon><outerBoundaryIs><LinearRing><coordinates>18.540992,-33.806772 18.540758,-33.806357 18.539321,-33.806836 18.538609,-33.80672 18.537502,-33.806789 18.536947,-33.807249 18.5393,-33.81051 18.539488,-33.810945 18.540128,-33.811832 18.540098,-33.812195 18.540398,-33.812267 18.54049,-33.812168 18.540404,-33.812034 18.542635,-33.809681 18.540992,-33.806772</coordinates></LinearRing></outerBoundaryIs></Polygon>
  </Placemark>
  <Placemark id="Official_Planning_Suburbs.696">
	<name>RACING PARK</name><description>22486932</description><styleUrl>#suburbStyle</styleUrl><Polygon><outerBoundaryIs><LinearRing><coordinates>18.535832,-33.817926 18.538436,-33.814389 18.539275,-33.813482 18.538935,-33.8134 18.538437,-33.813075 18.537382,-33.811918 18.537038,-33.810994 18.534918,-33.808841 18.530715,-33.811953 18.53525,-33.818713 18.535832,-33.817926</coordinates></LinearRing></outerBoundaryIs></Polygon>
  </Placemark>
  <Placemark id="Official_Planning_Suburbs.697">
	<name>DE KUILEN</name><description>5558028</description><styleUrl>#suburbStyle</styleUrl><Polygon><outerBoundaryIs><LinearRing><coordinates>18.682885,-33.931869 18.676948,-33.922733 18.676026,-33.923533 18.675966,-33.923684 18.676024,-33.923941 18.67593,-33.924594 18.676937,-33.924908 18.676471,-33.925907 18.676365,-33.926467 18.675822,-33.926556 18.675803,-33.927416 18.675083,-33.928664 18.675132,-33.929405 18.675353,-33.930139 18.67573,-33.930883 18.675487,-33.931112 18.677806,-33.934071 18.682929,-33.931931 18.682885,-33.931869</coordinates></LinearRing></outerBoundaryIs></Polygon>
  </Placemark>
  <Placemark id="Official_Planning_Suburbs.698">
	<name>SUNNYDALE</name><description>5558233</description><styleUrl>#suburbStyle</styleUrl><Polygon><outerBoundaryIs><LinearRing><coordinates>18.392352,-34.123937 18.391873,-34.122562 18.391861,-34.121057 18.391755,-34.120824 18.391088,-34.1203 18.387378,-34.116818 18.386634,-34.116264 18.385589,-34.115734 18.382121,-34.119996 18.382199,-34.120059 18.381256,-34.12121 18.378524,-34.123596 18.376859,-34.124592 18.376889,-34.124488 18.373484,-34.124912 18.372655,-34.124917 18.372559,-34.125 18.371882,-34.125009 18.371472,-34.12838 18.369523,-34.12892 18.368209,-34.12808 18.367251,-34.128075 18.367229,-34.131134 18.370025,-34.131332 18.371033,-34.131112 18.370543,-34.135385 18.370653,-34.13538 18.369675,-34.143633 18.377641,-34.147487 18.377369,-34.147866 18.378968,-34.14858 18.388032,-34.15177 18.39971,-34.143624 18.398477,-34.142441 18.396214,-34.140902 18.395524,-34.140338 18.394808,-34.139498 18.394298,-34.138531 18.394017,-34.137299 18.394094,-34.136089 18.394769,-34.134323 18.395828,-34.132295 18.395985,-34.131589 18.395989,-34.130906 18.395677,-34.130088 18.393655,-34.127101 18.392352,-34.123937</coordinates></LinearRing></outerBoundaryIs></Polygon>
  </Placemark>
  <Placemark id="Official_Planning_Suburbs.699">
	<name>KIRSTENHOF</name><description>5558199</description><styleUrl>#suburbStyle</styleUrl><Polygon><outerBoundaryIs><LinearRing><coordinates>18.452415,-34.079392 18.456222,-34.079393 18.457592,-34.072537 18.458791,-34.065991 18.457749,-34.06593 18.448241,-34.06432 18.447512,-34.069476 18.446889,-34.072256 18.445955,-34.075756 18.444925,-34.078886 18.444996,-34.079562 18.445404,-34.080284 18.449225,-34.079474 18.452415,-34.079392</coordinates></LinearRing></outerBoundaryIs></Polygon>
  </Placemark>
  <Placemark id="Official_Planning_Suburbs.700">
	<name>SOMERSET WEST</name><description>5558459</description><styleUrl>#suburbStyle</styleUrl><Polygon><outerBoundaryIs><LinearRing><coordinates>18.883314,-34.077174 18.882572,-34.075682 18.876611,-34.077817 18.875167,-34.078289 18.874445,-34.07845 18.873195,-34.078541 18.869077,-34.078575 18.869207,-34.07991 18.863275,-34.082448 18.860136,-34.082888 18.861578,-34.08548 18.861406,-34.085558 18.861437,-34.085612 18.860705,-34.085893 18.860305,-34.085689 18.859055,-34.083472 18.857533,-34.084296 18.856184,-34.085169 18.855641,-34.085757 18.85545,-34.086167 18.854466,-34.085769 18.853679,-34.084558 18.852712,-34.083533 18.850998,-34.081289 18.850068,-34.079931 18.851626,-34.078592 18.850321,-34.078327 18.850014,-34.078539 18.847746,-34.079315 18.848165,-34.080086 18.849022,-34.081183 18.843351,-34.084558 18.843166,-34.084529 18.843181,-34.084734 18.843403,-34.0846 18.843603,-34.08483 18.843537,-34.08487 18.843955,-34.085037 18.84413,-34.085368 18.844465,-34.085671 18.845025,-34.086384 18.840843,-34.088651 18.840893,-34.088736 18.839638,-34.089609 18.838641,-34.088661 18.838508,-34.090274 18.838411,-34.090216 18.836724,-34.090538 18.836539,-34.090625 18.837179,-34.091254 18.834352,-34.093269 18.833454,-34.093754 18.831522,-34.094486 18.829185,-34.094969 18.82894,-34.094578 18.820944,-34.099434 18.821759,-34.100357 18.822671,-34.100273 18.823342,-34.100042 18.823722,-34.099714 18.823709,-34.099411 18.823825,-34.099296 18.824657,-34.099213 18.82545,-34.099014 18.825626,-34.098889 18.826034,-34.098971 18.82626,-34.098779 18.826092,-34.09841 18.826151,-34.098311 18.826716,-34.098194 18.827202,-34.097823 18.827265,-34.097545 18.827011,-34.097261 18.827238,-34.096721 18.827965,-34.096271 18.828623,-34.0962 18.829151,-34.096351 18.829795,-34.096305 18.830652,-34.095691 18.830892,-34.095608 18.831133,-34.095619 18.831244,-34.095408 18.831552,-34.095188 18.832445,-34.094873 18.832849,-34.09489 18.834286,-34.095228 18.834896,-34.095109 18.835127,-34.09517 18.835314,-34.095125 18.835646,-34.094836 18.836055,-34.094677 18.836315,-34.09466 18.836651,-34.0948 18.836809,-34.094775 18.837021,-34.094625 18.83733,-34.093984 18.837258,-34.093561 18.83737,-34.093189 18.837804,-34.093063 18.838161,-34.093073 18.83859,-34.092681 18.838832,-34.092581 18.838962,-34.092594 18.839168,-34.092795 18.840042,-34.09249 18.840694,-34.092551 18.840844,-34.092331 18.841879,-34.092515 18.842293,-34.092391 18.842523,-34.092185 18.841523,-34.091234 18.846304,-34.088556 18.846654,-34.089266 18.84704,-34.090472 18.847773,-34.090254 18.849259,-34.089998 18.849472,-34.089835 18.849639,-34.090114 18.85153,-34.089809 18.851806,-34.089538 18.851915,-34.088889 18.852057,-34.088722 18.852577,-34.089053 18.853218,-34.089263 18.854373,-34.089262 18.854991,-34.090023 18.854732,-34.090515 18.855394,-34.090773 18.855504,-34.090881 18.853346,-34.092022 18.853466,-34.092127 18.85239,-34.094855 18.857421,-34.094602 18.859509,-34.092922 18.859471,-34.092779 18.857596,-34.091253 18.857723,-34.091162 18.857382,-34.090665 18.855966,-34.087134 18.856136,-34.087028 18.856423,-34.086994 18.856795,-34.087056 18.85704,-34.087217 18.857623,-34.087151 18.858245,-34.08663 18.859148,-34.086207 18.859736,-34.085826 18.860286,-34.08589 18.860784,-34.086159 18.861228,-34.086292 18.861938,-34.086331 18.862398,-34.086045 18.862524,-34.085617 18.862783,-34.08561 18.863219,-34.085799 18.863378,-34.085795 18.86443,-34.085413 18.864882,-34.085323 18.864949,-34.085253 18.864874,-34.085062 18.864975,-34.084989 18.865557,-34.085212 18.865942,-34.085143 18.866311,-34.085021 18.866534,-34.084649 18.86676,-34.084503 18.867727,-34.084748 18.868167,-34.084755 18.873449,-34.089267 18.875234,-34.0907 18.87691,-34.089661 18.871945,-34.085544 18.870256,-34.083408 18.870896,-34.083065 18.871659,-34.083074 18.8721,-34.082304 18.872243,-34.082201 18.873293,-34.082012 18.873599,-34.081796 18.874096,-34.081925 18.875108,-34.081473 18.875548,-34.080766 18.876047,-34.080736 18.876426,-34.08122 18.876684,-34.081277 18.879734,-34.080462 18.879897,-34.080094 18.880787,-34.079831 18.882566,-34.080805 18.883033,-34.080631 18.883052,-34.079881 18.884481,-34.079479 18.883314,-34.077174</coordinates></LinearRing></outerBoundaryIs></Polygon>
  </Placemark>
  <Placemark id="Official_Planning_Suburbs.701">
	<name>HERITAGE PARK</name><description>22022533</description><styleUrl>#suburbStyle</styleUrl><Polygon><outerBoundaryIs><LinearRing><coordinates>18.863067,-34.095673 18.859535,-34.092901 18.856092,-34.095692 18.856198,-34.09568 18.856504,-34.096192 18.856603,-34.096702 18.856524,-34.097231 18.856273,-34.097716 18.855874,-34.098123 18.855393,-34.0984 18.853906,-34.098886 18.856483,-34.101382 18.857522,-34.102074 18.857081,-34.102472 18.857515,-34.102617 18.858241,-34.10315 18.858537,-34.102886 18.859348,-34.103516 18.856958,-34.105728 18.858636,-34.106844 18.861297,-34.108444 18.861476,-34.10826 18.861588,-34.107852 18.863776,-34.105369 18.864043,-34.104393 18.864948,-34.104817 18.864715,-34.105023 18.864638,-34.105299 18.864656,-34.105583 18.864797,-34.105841 18.864753,-34.105921 18.865336,-34.106434 18.86637,-34.106908 18.866973,-34.106542 18.867075,-34.10666 18.868648,-34.105653 18.868754,-34.105653 18.869332,-34.105213 18.869467,-34.105008 18.867501,-34.100988 18.867846,-34.100871 18.868568,-34.100206 18.868692,-34.100205 18.86833,-34.099919 18.86833,-34.099783 18.868228,-34.099837 18.866479,-34.098476 18.866308,-34.098204 18.863067,-34.095673</coordinates></LinearRing></outerBoundaryIs></Polygon>
  </Placemark>
  <Placemark id="Official_Planning_Suburbs.702">
	<name>ATHLONE</name><description>5558098</description><styleUrl>#suburbStyle</styleUrl><Polygon><outerBoundaryIs><LinearRing><coordinates>18.497097,-33.960255 18.496868,-33.960218 18.496553,-33.96059 18.496238,-33.960756 18.49577,-33.960687 18.495178,-33.960753 18.495706,-33.962884 18.495837,-33.964523 18.495696,-33.965561 18.494926,-33.968409 18.501441,-33.968524 18.501318,-33.973281 18.50717,-33.973883 18.511319,-33.973702 18.510906,-33.968005 18.513157,-33.967894 18.513255,-33.968483 18.514667,-33.968425 18.514306,-33.963578 18.51444,-33.96311 18.504529,-33.960341 18.503925,-33.960275 18.497097,-33.960255</coordinates></LinearRing></outerBoundaryIs></Polygon>
  </Placemark>
  <Placemark id="Official_Planning_Suburbs.703">
	<name>CRAWFORD</name><description>5558116</description><styleUrl>#suburbStyle</styleUrl><Polygon><outerBoundaryIs><LinearRing><coordinates>18.506823,-33.973864 18.501318,-33.973281 18.501278,-33.974777 18.50134,-33.974933 18.501283,-33.974931 18.50114,-33.977848 18.501086,-33.981087 18.501442,-33.981107 18.503221,-33.986114 18.508203,-33.984846 18.506927,-33.981347 18.508515,-33.981371 18.511886,-33.981229 18.511319,-33.973702 18.50793,-33.97388 18.506823,-33.973864</coordinates></LinearRing></outerBoundaryIs></Polygon>
  </Placemark>
  <Placemark id="Official_Planning_Suburbs.704">
	<name>BLAAUWBERGSTRAND</name><description>5558445</description><styleUrl>#suburbStyle</styleUrl><MultiGeometry><Polygon><outerBoundaryIs><LinearRing><coordinates>18.458469,-33.794025 18.4584,-33.793868 18.457097,-33.794221 18.457548,-33.794977 18.457618,-33.795363 18.457872,-33.795395 18.458685,-33.797303 18.458786,-33.797319 18.458765,-33.797788 18.458866,-33.797802 18.458855,-33.79936 18.457905,-33.79979 18.457852,-33.799844 18.457972,-33.800213 18.458295,-33.800143 18.458376,-33.800414 18.458482,-33.800389 18.458823,-33.801337 18.458995,-33.801321 18.459396,-33.802001 18.460234,-33.80267 18.46079,-33.802948 18.461747,-33.803256 18.46284,-33.804834 18.463904,-33.805489 18.464242,-33.8054 18.465541,-33.805636 18.468265,-33.809034 18.469017,-33.808767 18.470504,-33.806215 18.468493,-33.800838 18.466854,-33.801036 18.465255,-33.801431 18.465154,-33.801106 18.464945,-33.801151 18.464745,-33.801529 18.463675,-33.801777 18.463156,-33.800524 18.462067,-33.800849 18.461431,-33.799341 18.460645,-33.798209 18.460001,-33.795863 18.459544,-33.794955 18.460247,-33.7948 18.460209,-33.794674 18.459246,-33.793902 18.458543,-33.794191 18.458469,-33.794025</coordinates></LinearRing></outerBoundaryIs></Polygon><Polygon><outerBoundaryIs><LinearRing><coordinates>18.456007,-33.783762 18.455331,-33.779197 18.45262,-33.779943 18.452643,-33.780014 18.451606,-33.780263 18.454684,-33.785253 18.455806,-33.787696 18.456571,-33.787558 18.456007,-33.783762</coordinates></LinearRing></outerBoundaryIs></Polygon></MultiGeometry>
  </Placemark>
  <Placemark id="Official_Planning_Suburbs.705">
	<name>BLOUBERG RISE</name><description>22353993</description><styleUrl>#suburbStyle</styleUrl><Polygon><outerBoundaryIs><LinearRing><coordinates>18.486608,-33.811379 18.48541,-33.809054 18.481913,-33.81111 18.481817,-33.811437 18.481375,-33.811291 18.481212,-33.811527 18.480991,-33.811659 18.479516,-33.812085 18.477687,-33.81333 18.478951,-33.81466 18.482967,-33.815985 18.483307,-33.816258 18.484552,-33.817718 18.484736,-33.817716 18.484963,-33.817579 18.485125,-33.817778 18.488765,-33.818736 18.488774,-33.81867 18.488918,-33.818682 18.488965,-33.817517 18.48868,-33.81572 18.488311,-33.814742 18.486608,-33.811379</coordinates></LinearRing></outerBoundaryIs></Polygon>
  </Placemark>
  <Placemark id="Official_Planning_Suburbs.706">
	<name>WEST BEACH</name><description>22351354</description><styleUrl>#suburbStyle</styleUrl><Polygon><outerBoundaryIs><LinearRing><coordinates>18.474393,-33.805426 18.472266,-33.805416 18.47044,-33.80632 18.469017,-33.808767 18.469429,-33.808588 18.471552,-33.811897 18.472095,-33.811667 18.47326,-33.811979 18.473226,-33.812029 18.473427,-33.811943 18.477424,-33.813054 18.477687,-33.81333 18.479516,-33.812085 18.480991,-33.811659 18.481212,-33.811527 18.481375,-33.811291 18.481817,-33.811437 18.481913,-33.81111 18.48541,-33.809054 18.483713,-33.805988 18.478474,-33.808228 18.477696,-33.808198 18.477416,-33.80808 18.476064,-33.806613 18.475938,-33.80623 18.47592,-33.805433 18.474393,-33.805426</coordinates></LinearRing></outerBoundaryIs></Polygon>
  </Placemark>
  <Placemark id="Official_Planning_Suburbs.707">
	<name>BLOUBERGRANT</name><description>22353377</description><styleUrl>#suburbStyle</styleUrl><Polygon><outerBoundaryIs><LinearRing><coordinates>18.478547,-33.818979 18.479752,-33.818272 18.478866,-33.814694 18.478951,-33.81466 18.477424,-33.813054 18.473427,-33.811943 18.473226,-33.812029 18.473086,-33.812339 18.477269,-33.818593 18.477119,-33.818685 18.477116,-33.819027 18.47733,-33.819133 18.477657,-33.819502 18.478547,-33.818979</coordinates></LinearRing></outerBoundaryIs></Polygon>
  </Placemark>
  <Placemark id="Official_Planning_Suburbs.708">
	<name>TABLE VIEW</name><description>84549801</description><styleUrl>#suburbStyle</styleUrl><Polygon><outerBoundaryIs><LinearRing><coordinates>18.471214,-33.81138 18.469429,-33.808588 18.467729,-33.809226 18.470057,-33.812416 18.470024,-33.812589 18.471934,-33.815611 18.47259,-33.816447 18.473265,-33.817507 18.473821,-33.818134 18.475754,-33.821174 18.477169,-33.824119 18.479489,-33.828135 18.48214,-33.83367 18.482154,-33.833877 18.482678,-33.83499 18.482887,-33.835678 18.483185,-33.83589 18.483394,-33.836285 18.483527,-33.837094 18.483905,-33.837828 18.483983,-33.838402 18.484291,-33.838835 18.484687,-33.840418 18.484918,-33.840814 18.484913,-33.841035 18.48511,-33.841527 18.485369,-33.841898 18.485499,-33.842329 18.485886,-33.84277 18.486017,-33.843125 18.485997,-33.843381 18.486326,-33.844037 18.48702,-33.846365 18.487149,-33.846561 18.487355,-33.847633 18.488699,-33.851907 18.488956,-33.853905 18.489191,-33.8539 18.489144,-33.853018 18.488236,-33.846927 18.487985,-33.84586 18.487287,-33.844078 18.488026,-33.843963 18.48468,-33.835895 18.484384,-33.834905 18.484254,-33.833613 18.484274,-33.832876 18.484502,-33.831739 18.484917,-33.830336 18.486731,-33.830867 18.48832,-33.830774 18.488776,-33.831695 18.489264,-33.831678 18.490489,-33.834153 18.491743,-33.834148 18.492113,-33.834747 18.49871,-33.838414 18.511169,-33.839356 18.511073,-33.839399 18.511691,-33.840112 18.512782,-33.840585 18.513942,-33.839661 18.514843,-33.839561 18.516055,-33.839734 18.516986,-33.840078 18.517422,-33.840355 18.518173,-33.839465 18.518815,-33.838512 18.519658,-33.837026 18.520157,-33.836399 18.520987,-33.833119 18.519199,-33.832611 18.519201,-33.832535 18.519457,-33.832602 18.519657,-33.832073 18.51957,-33.831301 18.520106,-33.830662 18.519694,-33.830205 18.519598,-33.829958 18.519456,-33.829879 18.519315,-33.829561 18.517906,-33.82949 18.516837,-33.829892 18.516531,-33.829401 18.51539,-33.829896 18.515587,-33.830272 18.514605,-33.830402 18.513503,-33.830114 18.51364,-33.829756 18.508622,-33.828432 18.50801,-33.827449 18.507039,-33.827193 18.508161,-33.824235 18.508866,-33.824347 18.509818,-33.821984 18.510099,-33.821987 18.513014,-33.822756 18.513118,-33.822481 18.512887,-33.82242 18.513299,-33.821376 18.512403,-33.821139 18.512483,-33.820173 18.512356,-33.82001 18.514576,-33.819658 18.51509,-33.819722 18.515316,-33.819844 18.515721,-33.819392 18.516027,-33.819531 18.516117,-33.819448 18.516666,-33.819407 18.519001,-33.819646 18.518825,-33.820839 18.522191,-33.820658 18.520801,-33.81766 18.519413,-33.817518 18.519278,-33.817603 18.516231,-33.817271 18.513844,-33.817546 18.511723,-33.818132 18.509163,-33.818124 18.507605,-33.818231 18.506931,-33.818451 18.505878,-33.819076 18.505164,-33.819287 18.501789,-33.819398 18.499129,-33.819024 18.498271,-33.819007 18.497381,-33.819127 18.496299,-33.819402 18.495691,-33.819274 18.495712,-33.819166 18.495599,-33.819084 18.495452,-33.819119 18.495412,-33.819227 18.494755,-33.818866 18.492465,-33.816013 18.492004,-33.815682 18.491375,-33.815409 18.491045,-33.815323 18.488607,-33.815505 18.488818,-33.816322 18.488965,-33.817517 18.488918,-33.818682 18.488774,-33.81867 18.488765,-33.818736 18.485125,-33.817778 18.484963,-33.817579 18.484736,-33.817716 18.484552,-33.817718 18.483307,-33.816258 18.482967,-33.815985 18.478951,-33.81466 18.478866,-33.814694 18.479752,-33.818272 18.477657,-33.819502 18.47733,-33.819133 18.477116,-33.819027 18.477119,-33.818685 18.477269,-33.818593 18.473086,-33.812339 18.47326,-33.811979 18.472095,-33.811667 18.471552,-33.811897 18.471214,-33.81138</coordinates></LinearRing></outerBoundaryIs><innerBoundaryIs><LinearRing><coordinates>18.494926,-33.829597 18.495293,-33.829306 18.495936,-33.829018 18.49676,-33.830341 18.498193,-33.829719 18.498711,-33.83055 18.50008,-33.829957 18.500436,-33.830306 18.500449,-33.830677 18.501078,-33.83097 18.501565,-33.830993 18.501776,-33.831333 18.502908,-33.830843 18.503474,-33.831752 18.505521,-33.832292 18.50594,-33.831885 18.509332,-33.837387 18.509534,-33.837554 18.508012,-33.838144 18.507235,-33.838236 18.506273,-33.838141 18.505272,-33.837746 18.50208,-33.83553 18.501242,-33.83515 18.498824,-33.834835 18.495983,-33.835061 18.49505,-33.835019 18.494459,-33.834852 18.491884,-33.833821 18.491484,-33.833486 18.490094,-33.830679 18.492381,-33.829695 18.494611,-33.830048 18.494926,-33.829597</coordinates></LinearRing></innerBoundaryIs></Polygon>
  </Placemark>
  <Placemark id="Official_Planning_Suburbs.709">
	<name>EAGLE PARK</name><description>22493456</description><styleUrl>#suburbStyle</styleUrl><Polygon><outerBoundaryIs><LinearRing><coordinates>18.527017,-34.042797 18.517662,-34.044108 18.517464,-34.044675 18.517567,-34.045188 18.518607,-34.04718 18.51862,-34.048135 18.518847,-34.04827 18.518928,-34.048478 18.518834,-34.048824 18.519215,-34.049642 18.51913,-34.050338 18.51883,-34.050473 18.518536,-34.050732 18.518497,-34.051907 18.51815,-34.052136 18.518398,-34.052391 18.518315,-34.052916 18.518484,-34.052987 18.518417,-34.053091 18.519411,-34.053274 18.520188,-34.053165 18.520166,-34.053053 18.528863,-34.051827 18.527017,-34.042797</coordinates></LinearRing></outerBoundaryIs></Polygon>
  </Placemark>
  <Placemark id="Official_Planning_Suburbs.710">
	<name>DURBELL</name><description>5557870</description><styleUrl>#suburbStyle</styleUrl><Polygon><outerBoundaryIs><LinearRing><coordinates>18.646836,-33.854642 18.645803,-33.85339 18.645728,-33.853382 18.645735,-33.853263 18.642665,-33.853052 18.641091,-33.854126 18.639294,-33.854827 18.639415,-33.855042 18.63951,-33.85507 18.641375,-33.858471 18.642402,-33.858891 18.6429,-33.857536 18.643293,-33.855987 18.643652,-33.856002 18.643639,-33.856136 18.644001,-33.856391 18.644558,-33.856504 18.644622,-33.856368 18.645153,-33.855953 18.645131,-33.855556 18.646985,-33.855669 18.646836,-33.854642</coordinates></LinearRing></outerBoundaryIs></Polygon>
  </Placemark>
  <Placemark id="Official_Planning_Suburbs.711">
	<name>CONSTANTIA</name><description>5558437</description><styleUrl>#suburbStyle</styleUrl><Polygon><outerBoundaryIs><LinearRing><coordinates>18.432452,-33.993645 18.430362,-33.99321 18.427299,-33.998721 18.427661,-33.998933 18.425174,-34.002469 18.424837,-34.002228 18.424782,-34.00253 18.424558,-34.002793 18.419839,-34.006455 18.419428,-34.006656 18.41778,-34.00709 18.417492,-34.007348 18.417236,-34.00796 18.417118,-34.008065 18.416789,-34.008154 18.416636,-34.008153 18.416381,-34.008013 18.416055,-34.00753 18.415387,-34.006815 18.410202,-34.007711 18.406459,-34.009826 18.406313,-34.00981 18.40571,-34.012016 18.405889,-34.012144 18.4057,-34.013683 18.405414,-34.013682 18.404675,-34.016416 18.403055,-34.019773 18.404024,-34.020006 18.406308,-34.022291 18.407205,-34.025958 18.411597,-34.025976 18.411778,-34.026267 18.413032,-34.026788 18.412469,-34.028956 18.413111,-34.029528 18.415398,-34.029668 18.41555,-34.029176 18.416533,-34.030022 18.415929,-34.030717 18.414192,-34.030809 18.414009,-34.031356 18.415798,-34.032412 18.416093,-34.033012 18.415551,-34.033458 18.417715,-34.035063 18.417134,-34.035694 18.411764,-34.031614 18.403326,-34.025738 18.399938,-34.033815 18.405683,-34.047295 18.402969,-34.050109 18.421304,-34.049406 18.42268,-34.049571 18.426915,-34.05159 18.425846,-34.05293 18.427461,-34.053572 18.429013,-34.050906 18.429692,-34.050583 18.432797,-34.050126 18.434128,-34.051102 18.436938,-34.051887 18.436771,-34.053462 18.442984,-34.052821 18.444972,-34.055155 18.445757,-34.054958 18.447265,-34.056084 18.445565,-34.049581 18.445945,-34.04953 18.445978,-34.049315 18.446132,-34.049213 18.446144,-34.049069 18.445697,-34.04789 18.444316,-34.044874 18.44409,-34.043982 18.4439,-34.042618 18.44391,-34.03827 18.444111,-34.036006 18.444404,-34.035417 18.444854,-34.034939 18.445372,-34.034612 18.446592,-34.034154 18.445405,-34.031962 18.446068,-34.030369 18.447434,-34.027857 18.448498,-34.028273 18.44924,-34.028673 18.454386,-34.031982 18.455218,-34.032425 18.458448,-34.033751 18.459741,-34.034077 18.460652,-34.03421 18.459957,-34.027468 18.463006,-34.024192 18.461157,-34.021463 18.460335,-34.021845 18.459572,-34.020342 18.459185,-34.020307 18.458302,-34.019774 18.456693,-34.015716 18.456597,-34.015715 18.456419,-34.015289 18.456048,-34.015078 18.457498,-34.013758 18.458658,-34.012964 18.458229,-34.012734 18.457912,-34.012418 18.457746,-34.012007 18.457847,-34.011457 18.452041,-34.004317 18.451956,-34.004364 18.452143,-34.004594 18.45091,-34.005452 18.45059,-34.004721 18.450369,-34.003923 18.450177,-34.002024 18.448584,-34.000095 18.448619,-34.000043 18.447799,-33.998966 18.447293,-33.997386 18.446898,-33.996772 18.44634,-33.996291 18.445736,-33.995926 18.444222,-33.995457 18.443498,-33.995413 18.443,-33.995296 18.442751,-33.995477 18.442144,-33.995713 18.438777,-33.996266 18.436748,-33.996473 18.435924,-33.995971 18.432635,-33.993599 18.432592,-33.993674 18.432452,-33.993645</coordinates></LinearRing></outerBoundaryIs></Polygon>
  </Placemark>
  <Placemark id="Official_Planning_Suburbs.712">
	<name>KENILWORTH</name><description>5558216</description><styleUrl>#suburbStyle</styleUrl><Polygon><outerBoundaryIs><LinearRing><coordinates>18.488307,-33.988769 18.487328,-33.988533 18.487085,-33.988938 18.484552,-33.990839 18.484359,-33.990612 18.483855,-33.990883 18.480271,-33.990987 18.478787,-33.990945 18.478858,-33.989192 18.47713,-33.989187 18.477102,-33.990088 18.472279,-33.989967 18.472021,-33.98939 18.468579,-33.991956 18.466938,-33.989999 18.461232,-33.990419 18.460987,-33.991104 18.460906,-33.99183 18.460961,-33.992092 18.460659,-33.992674 18.459165,-33.994022 18.458034,-33.995176 18.459502,-33.995532 18.4603,-33.99595 18.460913,-33.996058 18.461614,-33.996005 18.463121,-33.996508 18.464457,-33.997762 18.466041,-34.000241 18.466612,-34.000976 18.467155,-34.000692 18.468229,-33.999536 18.469122,-34.00231 18.471527,-34.002361 18.473385,-34.002624 18.475537,-34.002653 18.476634,-34.002595 18.479787,-34.002685 18.487957,-34.002268 18.489523,-34.000979 18.490194,-34.000283 18.490888,-33.999055 18.491084,-33.998452 18.491213,-33.997628 18.491182,-33.996749 18.490479,-33.990755 18.490458,-33.988747 18.488307,-33.988769</coordinates></LinearRing></outerBoundaryIs></Polygon>
  </Placemark>
  <Placemark id="Official_Planning_Suburbs.713">
	<name>WYNBERG</name><description>5558217</description><styleUrl>#suburbStyle</styleUrl><Polygon><outerBoundaryIs><LinearRing><coordinates>18.457723,-33.99549 18.45621,-33.994415 18.456255,-33.99437 18.455968,-33.994166 18.455554,-33.994116 18.455375,-33.994461 18.454914,-33.994952 18.450485,-33.998735 18.450227,-33.999139 18.450116,-33.999829 18.450278,-34.003381 18.450507,-34.004455 18.45091,-34.005452 18.452143,-34.004594 18.451956,-34.004364 18.452041,-34.004317 18.457847,-34.011457 18.457746,-34.012007 18.457912,-34.012418 18.458229,-34.012734 18.458658,-34.012964 18.457559,-34.013713 18.461869,-34.014059 18.467064,-34.014672 18.468774,-34.014258 18.468848,-34.01358 18.469066,-34.013597 18.47025,-34.013244 18.470501,-34.013227 18.470459,-34.014045 18.470396,-34.014051 18.470387,-34.014195 18.471281,-34.015638 18.481083,-34.014419 18.48164,-34.014827 18.483995,-34.015964 18.484664,-34.016359 18.484161,-34.013812 18.483565,-34.008358 18.4837,-34.007125 18.484189,-34.005859 18.484916,-34.004841 18.485379,-34.004381 18.487957,-34.002268 18.479787,-34.002685 18.476634,-34.002595 18.475537,-34.002653 18.473385,-34.002624 18.471527,-34.002361 18.469122,-34.00231 18.468229,-33.999536 18.467155,-34.000692 18.466612,-34.000976 18.466041,-34.000241 18.464457,-33.997762 18.463121,-33.996508 18.461614,-33.996005 18.460913,-33.996058 18.4603,-33.99595 18.459502,-33.995532 18.458034,-33.995176 18.457723,-33.99549</coordinates></LinearRing></outerBoundaryIs></Polygon>
  </Placemark>
  <Placemark id="Official_Planning_Suburbs.714">
	<name>CLOVELLY</name><description>5558231</description><styleUrl>#suburbStyle</styleUrl><Polygon><outerBoundaryIs><LinearRing><coordinates>18.438932,-34.117169 18.423752,-34.108605 18.41366,-34.116866 18.413957,-34.117035 18.414311,-34.117086 18.414604,-34.117372 18.415088,-34.117473 18.415452,-34.11771 18.416277,-34.117989 18.416549,-34.11801 18.417004,-34.118266 18.41729,-34.118313 18.417408,-34.118821 18.418061,-34.119338 18.418272,-34.119663 18.419606,-34.12097 18.420617,-34.121667 18.420669,-34.121819 18.420591,-34.122104 18.420306,-34.122497 18.420357,-34.122846 18.420577,-34.123025 18.421269,-34.123352 18.421932,-34.123564 18.422425,-34.123954 18.423474,-34.124568 18.424173,-34.124752 18.424805,-34.125045 18.425003,-34.125232 18.425205,-34.12594 18.425352,-34.126053 18.425775,-34.126166 18.42613,-34.126133 18.427881,-34.126259 18.428376,-34.126551 18.428997,-34.126761 18.429304,-34.127061 18.429775,-34.127317 18.430211,-34.127314 18.430855,-34.127609 18.431397,-34.127984 18.431703,-34.128329 18.432107,-34.128525 18.43235,-34.128856 18.433453,-34.129531 18.434399,-34.130287 18.434663,-34.130423 18.434976,-34.130364 18.435123,-34.130424 18.43536,-34.130721 18.436087,-34.130843 18.43684,-34.131502 18.437387,-34.132191 18.43771,-34.132257 18.438658,-34.132725 18.439247,-34.132146 18.439952,-34.132104 18.440157,-34.132008 18.441473,-34.132349 18.44304,-34.132559 18.443199,-34.131911 18.444057,-34.132114 18.444538,-34.132079 18.444603,-34.131679 18.439461,-34.130706 18.43802,-34.130174 18.439358,-34.128299 18.437418,-34.12732 18.442436,-34.121856 18.446366,-34.121359 18.438932,-34.117169</coordinates></LinearRing></outerBoundaryIs></Polygon>
  </Placemark>
  <Placemark id="Official_Planning_Suburbs.715">
	<name>MAITLAND</name><description>5558003</description><styleUrl>#suburbStyle</styleUrl><Polygon><outerBoundaryIs><LinearRing><coordinates>18.496669,-33.915132 18.49823,-33.911774 18.496549,-33.913023 18.494363,-33.914328 18.492021,-33.91543 18.490179,-33.916117 18.487848,-33.916746 18.483115,-33.917528 18.481778,-33.91765 18.480527,-33.917613 18.480791,-33.917953 18.480818,-33.918225 18.480558,-33.919599 18.480268,-33.919945 18.479005,-33.92071 18.478458,-33.921215 18.477319,-33.922948 18.476979,-33.923693 18.476864,-33.924337 18.476941,-33.925189 18.477217,-33.925993 18.477679,-33.926831 18.476764,-33.927203 18.477888,-33.930029 18.478233,-33.930426 18.47932,-33.932746 18.481381,-33.93158 18.481204,-33.931022 18.481082,-33.931083 18.481064,-33.931028 18.48559,-33.928737 18.486394,-33.930455 18.487666,-33.932753 18.490131,-33.938555 18.490251,-33.938548 18.490385,-33.937898 18.490444,-33.937907 18.490676,-33.936158 18.491131,-33.935998 18.49149,-33.935015 18.492479,-33.933381 18.492846,-33.933394 18.493019,-33.933293 18.493017,-33.933169 18.493359,-33.933065 18.501242,-33.93149 18.501584,-33.931262 18.503022,-33.929748 18.503468,-33.930032 18.503597,-33.929947 18.507823,-33.92945 18.506447,-33.922063 18.524026,-33.91984 18.52399,-33.919646 18.524352,-33.919627 18.524404,-33.919792 18.528015,-33.919332 18.528021,-33.919441 18.534304,-33.918656 18.537563,-33.917999 18.54118,-33.916875 18.540574,-33.915055 18.540244,-33.913731 18.524177,-33.916469 18.523165,-33.91669 18.523156,-33.916489 18.523075,-33.916503 18.522965,-33.914107 18.517119,-33.915112 18.515546,-33.915505 18.515102,-33.915415 18.508205,-33.916618 18.507795,-33.914942 18.50499,-33.915411 18.505615,-33.917958 18.500287,-33.918868 18.498909,-33.91805 18.49803,-33.917657 18.497536,-33.915653 18.496322,-33.915842 18.496669,-33.915132</coordinates></LinearRing></outerBoundaryIs></Polygon>
  </Placemark>
  <Placemark id="Official_Planning_Suburbs.716">
	<name>KALK BAY</name><description>5558234</description><styleUrl>#suburbStyle</styleUrl><Polygon><outerBoundaryIs><LinearRing><coordinates>18.452227,-34.121356 18.451697,-34.121501 18.451292,-34.121817 18.450943,-34.122951 18.451052,-34.123043 18.450923,-34.123256 18.450308,-34.123789 18.449975,-34.123853 18.450028,-34.124249 18.448749,-34.124502 18.447776,-34.125279 18.446237,-34.126018 18.445981,-34.125967 18.445818,-34.125568 18.445751,-34.12558 18.446366,-34.121359 18.442436,-34.121856 18.437418,-34.12732 18.439358,-34.128299 18.43802,-34.130174 18.439461,-34.130706 18.444603,-34.131679 18.444538,-34.132079 18.444057,-34.132114 18.443199,-34.131911 18.44304,-34.132559 18.443741,-34.132684 18.444969,-34.132641 18.445142,-34.132726 18.445371,-34.132588 18.446707,-34.132533 18.447088,-34.132386 18.447933,-34.131585 18.44792,-34.131403 18.448211,-34.130991 18.448396,-34.131075 18.448577,-34.131042 18.448575,-34.130718 18.448693,-34.130661 18.448882,-34.130735 18.449197,-34.130455 18.449159,-34.129883 18.449257,-34.129846 18.44931,-34.129702 18.451361,-34.128393 18.451239,-34.128296 18.451223,-34.128377 18.449499,-34.129476 18.4491,-34.12902 18.450177,-34.128322 18.45013,-34.12827 18.44905,-34.12897 18.448981,-34.12889 18.448615,-34.129101 18.448437,-34.129052 18.448138,-34.129113 18.448211,-34.128186 18.448386,-34.127824 18.4486,-34.12754 18.449479,-34.126963 18.449558,-34.126945 18.450621,-34.12807 18.450814,-34.128184 18.450775,-34.128066 18.449492,-34.126817 18.45001,-34.126415 18.4502,-34.126552 18.450478,-34.126341 18.45041,-34.12628 18.450535,-34.126195 18.450627,-34.126278 18.4509,-34.12609 18.45072,-34.12589 18.451292,-34.125448 18.453761,-34.122996 18.452569,-34.122226 18.452521,-34.122133 18.452752,-34.121733 18.452243,-34.121531 18.452227,-34.121356</coordinates></LinearRing></outerBoundaryIs></Polygon>
  </Placemark>
  <Placemark id="Official_Planning_Suburbs.717">
	<name>NEWLANDS</name><description>5558108</description><styleUrl>#suburbStyle</styleUrl><Polygon><outerBoundaryIs><LinearRing><coordinates>18.462863,-33.970682 18.458776,-33.969208 18.455783,-33.967214 18.452384,-33.970774 18.452182,-33.970749 18.451987,-33.970599 18.451682,-33.970794 18.450173,-33.972371 18.449789,-33.972116 18.449766,-33.972024 18.449707,-33.972062 18.449023,-33.971606 18.447287,-33.973249 18.447058,-33.973372 18.44139,-33.979254 18.438845,-33.977531 18.436556,-33.979915 18.434714,-33.981691 18.437532,-33.984544 18.438083,-33.984789 18.437,-33.985814 18.436373,-33.986787 18.437346,-33.986782 18.43745,-33.98688 18.440313,-33.98679 18.44058,-33.985837 18.442076,-33.986434 18.443871,-33.985793 18.445224,-33.9846 18.447092,-33.983511 18.447898,-33.983467 18.448335,-33.983104 18.448938,-33.982855 18.450551,-33.982415 18.453348,-33.980596 18.453353,-33.98078 18.454112,-33.980933 18.454753,-33.981296 18.455963,-33.981425 18.456418,-33.981249 18.457863,-33.980081 18.458254,-33.97987 18.458503,-33.979857 18.458791,-33.979959 18.459111,-33.980294 18.459338,-33.980406 18.460215,-33.980277 18.461474,-33.97943 18.464332,-33.977238 18.464881,-33.977036 18.466927,-33.976596 18.466823,-33.980268 18.466954,-33.981496 18.466799,-33.981519 18.467013,-33.982305 18.467234,-33.982453 18.467627,-33.983419 18.467945,-33.983312 18.468074,-33.9832 18.468086,-33.98295 18.467632,-33.982597 18.467464,-33.982177 18.467659,-33.981516 18.468391,-33.97987 18.470974,-33.976404 18.472904,-33.972531 18.473724,-33.969772 18.472366,-33.971296 18.469953,-33.969947 18.468298,-33.969306 18.468197,-33.969378 18.467842,-33.969235 18.467529,-33.969265 18.467497,-33.969332 18.466098,-33.968925 18.465162,-33.971466 18.462863,-33.970682</coordinates></LinearRing></outerBoundaryIs></Polygon>
  </Placemark>
  <Placemark id="Official_Planning_Suburbs.718">
	<name>LA CONCORDE</name><description>22143136</description><styleUrl>#suburbStyle</styleUrl><Polygon><outerBoundaryIs><LinearRing><coordinates>18.851476,-34.061877 18.851335,-34.059729 18.852118,-34.05859 18.852682,-34.057216 18.849264,-34.057031 18.845762,-34.054917 18.841833,-34.057652 18.844489,-34.062867 18.846183,-34.062734 18.84747,-34.061947 18.848747,-34.063017 18.848448,-34.063257 18.849778,-34.063504 18.851578,-34.06331 18.851476,-34.061877</coordinates></LinearRing></outerBoundaryIs></Polygon>
  </Placemark>
  <Placemark id="Official_Planning_Suburbs.719">
	<name>CAPE TOWN CITY CENTRE</name><description>5558005</description><styleUrl>#suburbStyle</styleUrl><Polygon><outerBoundaryIs><LinearRing><coordinates>18.419541,-33.911147 18.419033,-33.910947 18.41871,-33.910925 18.417354,-33.911241 18.416839,-33.91124 18.417039,-33.913036 18.418065,-33.914981 18.415982,-33.91571 18.413977,-33.916298 18.415187,-33.917809 18.416542,-33.917147 18.417568,-33.917918 18.417107,-33.918371 18.41774,-33.918847 18.415024,-33.921304 18.415861,-33.921861 18.415698,-33.922096 18.411819,-33.925695 18.413775,-33.927246 18.413832,-33.927718 18.412894,-33.929757 18.412814,-33.930075 18.413355,-33.931024 18.414464,-33.932595 18.415148,-33.932063 18.417473,-33.929766 18.41869,-33.930616 18.418456,-33.931195 18.420111,-33.931682 18.420486,-33.930829 18.421319,-33.931086 18.421386,-33.931037 18.422301,-33.929867 18.421609,-33.929406 18.421621,-33.929321 18.423332,-33.927868 18.426106,-33.925276 18.42597,-33.924847 18.425883,-33.924862 18.424053,-33.923535 18.423365,-33.923102 18.423275,-33.923107 18.422724,-33.922706 18.422773,-33.922571 18.423555,-33.921924 18.425331,-33.920215 18.425806,-33.920131 18.426044,-33.919869 18.42609,-33.91968 18.426764,-33.919009 18.42709,-33.919076 18.431907,-33.922607 18.432363,-33.922084 18.435115,-33.919435 18.43525,-33.9191 18.435113,-33.918905 18.434546,-33.918506 18.432802,-33.917709 18.431311,-33.9169 18.427486,-33.914523 18.426808,-33.914211 18.426076,-33.914034 18.425146,-33.914029 18.423953,-33.914355 18.423601,-33.913815 18.421806,-33.914467 18.421641,-33.914453 18.420505,-33.912663 18.421308,-33.912463 18.421082,-33.91182 18.421197,-33.911795 18.42113,-33.911605 18.420182,-33.91184 18.420091,-33.91198 18.419864,-33.911805 18.419903,-33.911683 18.419541,-33.911147</coordinates></LinearRing></outerBoundaryIs></Polygon>
  </Placemark>
  <Placemark id="Official_Planning_Suburbs.720">
	<name>ELSIES RIVER</name><description>5558002</description><styleUrl>#suburbStyle</styleUrl><Polygon><outerBoundaryIs><LinearRing><coordinates>18.565461,-33.916838 18.561616,-33.917641 18.563333,-33.923452 18.563059,-33.923402 18.564112,-33.92494 18.564151,-33.925027 18.564031,-33.925086 18.564244,-33.925262 18.565784,-33.927328 18.566317,-33.928333 18.566546,-33.929445 18.566535,-33.931512 18.570134,-33.931543 18.575088,-33.931825 18.575811,-33.93179 18.576476,-33.931585 18.578966,-33.929434 18.579728,-33.928864 18.578734,-33.925568 18.576461,-33.923764 18.575703,-33.922418 18.568231,-33.923048 18.567706,-33.923163 18.567179,-33.923416 18.566602,-33.92279 18.566244,-33.922011 18.565683,-33.916846 18.565461,-33.916838</coordinates></LinearRing></outerBoundaryIs></Polygon>
  </Placemark>
  <Placemark id="Official_Planning_Suburbs.721">
	<name>AVONWOOD</name><description>5558247</description><styleUrl>#suburbStyle</styleUrl><Polygon><outerBoundaryIs><LinearRing><coordinates>18.585215,-33.928031 18.583461,-33.921755 18.575703,-33.922418 18.576461,-33.923764 18.578734,-33.925568 18.579728,-33.928864 18.583376,-33.928063 18.585215,-33.928031</coordinates></LinearRing></outerBoundaryIs></Polygon>
  </Placemark>
  <Placemark id="Official_Planning_Suburbs.722">
	<name>ST JAMES</name><description>5558205</description><styleUrl>#suburbStyle</styleUrl><Polygon><outerBoundaryIs><LinearRing><coordinates>18.461069,-34.115572 18.460451,-34.115131 18.459878,-34.11545 18.455031,-34.117171 18.454659,-34.11766 18.454079,-34.118911 18.453968,-34.118795 18.453781,-34.11901 18.453958,-34.119195 18.452805,-34.121871 18.452706,-34.121811 18.452521,-34.122133 18.452569,-34.122226 18.453761,-34.122996 18.45419,-34.12255 18.45548,-34.12174 18.456845,-34.120695 18.4573,-34.120617 18.45745,-34.12069 18.45803,-34.12065 18.45829,-34.12075 18.45846,-34.12065 18.45842,-34.12046 18.45876,-34.12039 18.45879,-34.1199 18.45895,-34.11976 18.45928,-34.11968 18.459291,-34.11954 18.45972,-34.11929 18.45978,-34.11913 18.45929,-34.1189 18.45932,-34.11867 18.45962,-34.11831 18.45987,-34.11808 18.46037,-34.11799 18.46048,-34.11776 18.46097,-34.11744 18.46142,-34.11688 18.46167,-34.11679 18.462392,-34.116298 18.461634,-34.115536 18.461302,-34.115739 18.461069,-34.115572</coordinates></LinearRing></outerBoundaryIs></Polygon>
  </Placemark>
  <Placemark id="Official_Planning_Suburbs.723">
	<name>BELMONT PARK</name><description>5557847</description><styleUrl>#suburbStyle</styleUrl><Polygon><outerBoundaryIs><LinearRing><coordinates>18.735576,-33.844158 18.735557,-33.841356 18.729079,-33.843804 18.727485,-33.844846 18.727469,-33.84476 18.727179,-33.844943 18.727044,-33.84482 18.720231,-33.850214 18.725731,-33.856141 18.72607,-33.856601 18.72626,-33.857294 18.726094,-33.858145 18.726276,-33.858822 18.727463,-33.858341 18.727116,-33.857745 18.727794,-33.857282 18.727594,-33.857048 18.728754,-33.856338 18.728257,-33.855698 18.731255,-33.853778 18.730281,-33.853364 18.735376,-33.850313 18.735693,-33.850245 18.735576,-33.844158</coordinates></LinearRing></outerBoundaryIs></Polygon>
  </Placemark>
  <Placemark id="Official_Planning_Suburbs.724">
	<name>RIVERTON ELSIES RIVER</name><description>5558244</description><styleUrl>#suburbStyle</styleUrl><Polygon><outerBoundaryIs><LinearRing><coordinates>18.565192,-33.910435 18.562331,-33.910584 18.559565,-33.910948 18.559539,-33.910862 18.55947,-33.910873 18.559575,-33.911217 18.55965,-33.91123 18.561616,-33.917641 18.565386,-33.916833 18.56559,-33.916838 18.567074,-33.912345 18.567426,-33.91162 18.567521,-33.911066 18.567484,-33.910473 18.565192,-33.910435</coordinates></LinearRing></outerBoundaryIs></Polygon>
  </Placemark>
  <Placemark id="Official_Planning_Suburbs.725">
	<name>FIRLANDS</name><description>22005634</description><styleUrl>#suburbStyle</styleUrl><Polygon><outerBoundaryIs><LinearRing><coordinates>18.905652,-34.130203 18.904671,-34.129414 18.892793,-34.125425 18.888528,-34.127018 18.882885,-34.131573 18.883084,-34.131659 18.883856,-34.133052 18.883785,-34.1331 18.878271,-34.135355 18.871671,-34.139119 18.87983,-34.149058 18.884908,-34.146821 18.88617,-34.148959 18.88627,-34.14889 18.886378,-34.149028 18.886543,-34.149321 18.886508,-34.149402 18.887609,-34.151364 18.887732,-34.1514 18.890562,-34.156343 18.892814,-34.155491 18.894219,-34.163251 18.894304,-34.163315 18.897492,-34.162373 18.898744,-34.162208 18.899971,-34.161955 18.902922,-34.160609 18.904406,-34.160071 18.911271,-34.155713 18.929126,-34.147909 18.929332,-34.146391 18.930057,-34.145023 18.930359,-34.143383 18.931824,-34.1396 18.934916,-34.137818 18.934678,-34.136819 18.935408,-34.136604 18.936232,-34.136256 18.936689,-34.135898 18.936868,-34.135318 18.937021,-34.135351 18.937058,-34.135212 18.937177,-34.13342 18.93729,-34.133047 18.93724,-34.132658 18.936353,-34.131918 18.935377,-34.130861 18.933769,-34.128012 18.933526,-34.127721 18.932767,-34.127329 18.932235,-34.127255 18.931797,-34.127303 18.931289,-34.127488 18.930798,-34.127896 18.930592,-34.128331 18.930592,-34.128996 18.931294,-34.1305 18.931429,-34.131219 18.931194,-34.132148 18.930489,-34.133003 18.929028,-34.133599 18.924448,-34.135003 18.923316,-34.135201 18.922028,-34.135137 18.921175,-34.134945 18.914887,-34.132848 18.908797,-34.132734 18.906149,-34.130604 18.906558,-34.130034 18.905996,-34.129846 18.905701,-34.130231 18.905652,-34.130203</coordinates></LinearRing></outerBoundaryIs></Polygon>
  </Placemark>
  <Placemark id="Official_Planning_Suburbs.726">
	<name>GERSHAM</name><description>5558066</description><styleUrl>#suburbStyle</styleUrl><Polygon><outerBoundaryIs><LinearRing><coordinates>18.675477,-33.942906 18.672574,-33.942577 18.671731,-33.943761 18.671266,-33.944825 18.671091,-33.945862 18.67165,-33.946971 18.671649,-33.947419 18.672212,-33.947417 18.672123,-33.947896 18.671793,-33.948579 18.670594,-33.949888 18.671394,-33.950317 18.672824,-33.949129 18.673679,-33.949557 18.676654,-33.945675 18.676751,-33.945175 18.676747,-33.942883 18.675487,-33.942756 18.675477,-33.942906</coordinates></LinearRing></outerBoundaryIs></Polygon>
  </Placemark>
  <Placemark id="Official_Planning_Suburbs.727">
	<name>KUILSRIVIER SOUTH SMALLHOLDINGS</name><description>5558072</description><styleUrl>#suburbStyle</styleUrl><Polygon><outerBoundaryIs><LinearRing><coordinates>18.671651,-33.947416 18.67165,-33.946971 18.671091,-33.945862 18.671117,-33.945708 18.670511,-33.945595 18.666767,-33.945838 18.666718,-33.947802 18.666456,-33.947662 18.66639,-33.948647 18.665168,-33.948346 18.664963,-33.949089 18.659472,-33.947527 18.658592,-33.947341 18.657124,-33.954509 18.6718,-33.955609 18.67135,-33.954465 18.67121,-33.95377 18.671261,-33.953035 18.67153,-33.952335 18.673679,-33.949557 18.672824,-33.949129 18.671394,-33.950317 18.670594,-33.949888 18.671793,-33.948579 18.67212,-33.947912 18.672212,-33.947417 18.671651,-33.947416</coordinates></LinearRing></outerBoundaryIs></Polygon>
  </Placemark>
  <Placemark id="Official_Planning_Suburbs.728">
	<name>HIGHBURY</name><description>5558317</description><styleUrl>#suburbStyle</styleUrl><Polygon><outerBoundaryIs><LinearRing><coordinates>18.682968,-33.940968 18.678706,-33.943183 18.676747,-33.942883 18.676751,-33.945175 18.676654,-33.945675 18.673682,-33.949554 18.68043,-33.952742 18.681463,-33.951229 18.681437,-33.95116 18.68336,-33.94845 18.683349,-33.948065 18.683493,-33.947974 18.686771,-33.952138 18.686869,-33.952081 18.687178,-33.952679 18.687584,-33.953213 18.689167,-33.948774 18.684765,-33.943137 18.684643,-33.943093 18.682968,-33.940968</coordinates></LinearRing></outerBoundaryIs></Polygon>
  </Placemark>
  <Placemark id="Official_Planning_Suburbs.729">
	<name>HIGHBURY PARK</name><description>5558318</description><styleUrl>#suburbStyle</styleUrl><Polygon><outerBoundaryIs><LinearRing><coordinates>18.677985,-33.956245 18.68043,-33.952742 18.673692,-33.949541 18.67153,-33.952335 18.671261,-33.953035 18.67121,-33.95377 18.67135,-33.954465 18.6718,-33.955609 18.677592,-33.956262 18.677939,-33.956295 18.677985,-33.956245</coordinates></LinearRing></outerBoundaryIs></Polygon>
  </Placemark>
  <Placemark id="Official_Planning_Suburbs.730">
	<name>HELDERBERG INDUSTRIAL PARK</name><description>22019272</description><styleUrl>#suburbStyle</styleUrl><Polygon><outerBoundaryIs><LinearRing><coordinates>18.883941,-34.122201 18.884018,-34.122079 18.882677,-34.121352 18.876242,-34.117481 18.87246,-34.119982 18.876644,-34.123782 18.879322,-34.123062 18.883941,-34.122201</coordinates></LinearRing></outerBoundaryIs></Polygon>
  </Placemark>
  <Placemark id="Official_Planning_Suburbs.731">
	<name>STELLENBOSCH FARMS</name><description>5558146</description><styleUrl>#suburbStyle</styleUrl><MultiGeometry><Polygon><outerBoundaryIs><LinearRing><coordinates>18.929726,-34.001364 18.928219,-34.000523 18.92782,-34.000175 18.927405,-33.999942 18.926355,-34.000745 18.923449,-34.001966 18.922521,-34.002542 18.921648,-34.003278 18.919684,-34.005401 18.918744,-34.006918 18.918068,-34.00832 18.917778,-34.009181 18.917596,-34.011275 18.917705,-34.011596 18.918,-34.011941 18.91837,-34.012222 18.918923,-34.012475 18.91963,-34.012605 18.920352,-34.01258 18.920533,-34.012646 18.922742,-34.012806 18.92289,-34.012882 18.923022,-34.013265 18.922728,-34.013855 18.922345,-34.014113 18.921845,-34.014182 18.921615,-34.014285 18.919565,-34.0154 18.918398,-34.015842 18.917892,-34.015946 18.915004,-34.017287 18.91299,-34.017905 18.911482,-34.018459 18.910928,-34.018738 18.910277,-34.01952 18.909953,-34.020602 18.909801,-34.020773 18.909025,-34.021193 18.908036,-34.021565 18.907325,-34.021747 18.9067,-34.021784 18.905966,-34.021708 18.899547,-34.024351 18.898988,-34.02566 18.897164,-34.026421 18.892569,-34.025528 18.886532,-34.02715 18.886257,-34.027385 18.885914,-34.027427 18.884993,-34.027292 18.883866,-34.026601 18.882118,-34.024648 18.880861,-34.023619 18.880394,-34.023061 18.872593,-34.028718 18.874078,-34.030459 18.874189,-34.031343 18.873875,-34.031857 18.87364,-34.031924 18.872504,-34.031954 18.872086,-34.032032 18.871832,-34.0322 18.871883,-34.03286 18.872177,-34.03371 18.872202,-34.033991 18.87213,-34.034123 18.871664,-34.034177 18.870506,-34.034086 18.870238,-34.034189 18.870146,-34.034282 18.870107,-34.034549 18.870275,-34.035237 18.865504,-34.035606 18.863681,-34.035215 18.861714,-34.035294 18.861461,-34.03551 18.861622,-34.035889 18.861016,-34.035715 18.860779,-34.035794 18.860639,-34.035934 18.860879,-34.036591 18.860413,-34.036448 18.860469,-34.037213 18.861323,-34.038073 18.861903,-34.038271 18.841837,-34.04711 18.839136,-34.046901 18.83907,-34.04695 18.839174,-34.048109 18.839256,-34.048167 18.839351,-34.049162 18.836861,-34.049544 18.837336,-34.050908 18.838462,-34.050837 18.838929,-34.053114 18.838749,-34.053148 18.838903,-34.053238 18.839635,-34.055525 18.839739,-34.055606 18.84019,-34.056928 18.840153,-34.057029 18.843697,-34.055208 18.843681,-34.055144 18.85065,-34.051591 18.855535,-34.046038 18.856084,-34.053996 18.857791,-34.054044 18.857739,-34.053456 18.860036,-34.053903 18.860045,-34.053965 18.860454,-34.053977 18.860448,-34.054119 18.862386,-34.054173 18.862729,-34.054102 18.863229,-34.055488 18.864445,-34.055255 18.866101,-34.054869 18.866163,-34.054804 18.865537,-34.050121 18.865175,-34.041915 18.874012,-34.041965 18.876487,-34.054704 18.878433,-34.052546 18.882732,-34.052246 18.885406,-34.065755 18.885344,-34.065804 18.885399,-34.066162 18.88838,-34.07163 18.888334,-34.071727 18.889248,-34.073461 18.887943,-34.073807 18.882572,-34.075682 18.884481,-34.079479 18.883052,-34.079881 18.883033,-34.080631 18.882566,-34.080805 18.880787,-34.079831 18.879897,-34.080094 18.879734,-34.080462 18.876684,-34.081277 18.876426,-34.08122 18.876047,-34.080736 18.875548,-34.080766 18.875108,-34.081473 18.874096,-34.081925 18.873599,-34.081796 18.873293,-34.082012 18.872243,-34.082201 18.8721,-34.082304 18.871659,-34.083074 18.870896,-34.083065 18.870256,-34.083408 18.871945,-34.085544 18.881149,-34.093177 18.881649,-34.095248 18.876318,-34.098842 18.881371,-34.101924 18.877196,-34.106293 18.876389,-34.10621 18.874932,-34.107747 18.874704,-34.107768 18.874481,-34.107989 18.874507,-34.108179 18.872535,-34.110173 18.871538,-34.111342 18.871311,-34.111374 18.87109,-34.111602 18.871133,-34.111784 18.870629,-34.112374 18.869792,-34.113083 18.869163,-34.113187 18.869903,-34.11362 18.869626,-34.113636 18.869141,-34.11386 18.867073,-34.11508 18.87246,-34.119982 18.876242,-34.117481 18.882677,-34.121352 18.884018,-34.122079 18.883941,-34.122201 18.886183,-34.123189 18.904671,-34.129414 18.905701,-34.130231 18.905996,-34.129846 18.906558,-34.130034 18.906149,-34.130604 18.908797,-34.132734 18.914887,-34.132848 18.920531,-34.134745 18.922028,-34.135137 18.923316,-34.135201 18.924448,-34.135003 18.929028,-34.133599 18.930489,-34.133003 18.931194,-34.132148 18.931429,-34.131219 18.931294,-34.1305 18.930592,-34.128996 18.930592,-34.128331 18.930798,-34.127896 18.931289,-34.127488 18.931797,-34.127303 18.932235,-34.127255 18.932767,-34.127329 18.9331,-34.127456 18.933526,-34.127721 18.933769,-34.128012 18.935377,-34.130861 18.936353,-34.131918 18.93724,-34.132658 18.93729,-34.133047 18.937177,-34.13342 18.937058,-34.135212 18.937021,-34.135351 18.936868,-34.135318 18.936689,-34.135898 18.936232,-34.136256 18.935408,-34.136604 18.934678,-34.136819 18.934916,-34.137818 18.931824,-34.1396 18.930359,-34.143383 18.930057,-34.145023 18.929332,-34.146391 18.929126,-34.147909 18.935896,-34.141789 18.943903,-34.13824 18.954673,-34.119972 18.96684,-34.10237 18.969543,-34.100403 18.998271,-34.080243 19.004824,-34.075567 18.984604,-34.035899 18.970394,-34.083062 18.969212,-34.082982 18.96839,-34.08283 18.968116,-34.082648 18.968079,-34.082359 18.968172,-34.082122 18.96778,-34.082099 18.967297,-34.081947 18.966405,-34.081292 18.966238,-34.080999 18.966379,-34.080203 18.966902,-34.079925 18.967276,-34.079956 18.966276,-34.079244 18.965691,-34.078707 18.966124,-34.078528 18.965964,-34.078417 18.965509,-34.07836 18.965383,-34.078269 18.965619,-34.078025 18.96605,-34.077929 18.964841,-34.077599 18.964086,-34.076818 18.964373,-34.076525 18.963637,-34.076387 18.963693,-34.076185 18.964064,-34.075948 18.963648,-34.0759 18.963372,-34.075723 18.963165,-34.075048 18.963538,-34.074756 18.96334,-34.074456 18.963187,-34.073869 18.963342,-34.073548 18.964087,-34.072902 18.964387,-34.07232 18.964524,-34.072218 18.964684,-34.072277 18.964537,-34.072102 18.964431,-34.071737 18.964788,-34.070988 18.964839,-34.07069 18.96456,-34.069805 18.964737,-34.069533 18.965082,-34.069455 18.964865,-34.069281 18.964828,-34.068662 18.964907,-34.067926 18.965265,-34.067008 18.965444,-34.066928 18.965902,-34.066996 18.967015,-34.067585 18.967424,-34.067566 18.967298,-34.067259 18.966447,-34.06633 18.965969,-34.065474 18.967932,-34.061631 18.968801,-34.061708 18.969227,-34.061474 18.9692,-34.060667 18.970258,-34.058513 18.970804,-34.058337 18.971726,-34.058257 18.97223,-34.058087 18.971532,-34.057782 18.970364,-34.057465 18.970375,-34.057287 18.970663,-34.057165 18.97218,-34.057031 18.972539,-34.056862 18.971213,-34.056368 18.970913,-34.056369 18.97067,-34.056249 18.972075,-34.053484 18.972656,-34.05336 18.97259,-34.051024 18.971098,-34.049983 18.970238,-34.049705 18.969614,-34.04972 18.969568,-34.048201 18.969941,-34.021453 18.96949,-34.0199 18.96759,-34.01943 18.965595,-34.018561 18.963,-34.01663 18.962096,-34.016212 18.96059,-34.015 18.959426,-34.013933 18.95825,-34.013 18.957309,-34.011891 18.9569,-34.01165 18.955301,-34.01011 18.954817,-34.009949 18.953902,-34.009261 18.953143,-34.008851 18.949459,-34.007047 18.947974,-34.006562 18.947331,-34.006138 18.946292,-34.005785 18.945104,-34.005508 18.944379,-34.00508 18.944017,-34.004638 18.943826,-34.004324 18.943706,-34.00372 18.943351,-34.003614 18.9423,-34.003499 18.941598,-34.003498 18.939848,-34.003268 18.938658,-34.003305 18.938015,-34.003412 18.937454,-34.003315 18.937284,-34.003187 18.93675,-34.003095 18.936317,-34.002926 18.935811,-34.003012 18.934536,-34.002798 18.933792,-34.002787 18.932576,-34.002486 18.931922,-34.002483 18.931568,-34.002574 18.931386,-34.002323 18.930548,-34.002037 18.930194,-34.001576 18.929726,-34.001364</coordinates></LinearRing></outerBoundaryIs><innerBoundaryIs><LinearRing><coordinates>18.917355,-34.105838 18.911846,-34.09716 18.950104,-34.091052 18.947232,-34.093459 18.939766,-34.096356 18.937404,-34.097079 18.933994,-34.100345 18.933385,-34.101721 18.931463,-34.102529 18.929734,-34.103426 18.929404,-34.103451 18.927478,-34.104327 18.925552,-34.105082 18.924396,-34.10573 18.922795,-34.109005 18.922117,-34.10937 18.921391,-34.10962 18.920351,-34.109791 18.919575,-34.110193 18.918477,-34.110935 18.918094,-34.110808 18.917355,-34.105838</coordinates></LinearRing></innerBoundaryIs><innerBoundaryIs><LinearRing><coordinates>18.923597,-34.113841 18.926969,-34.11624 18.919591,-34.119969 18.921968,-34.119928 18.924273,-34.121865 18.925232,-34.12283 18.922868,-34.125514 18.922451,-34.128424 18.921035,-34.129163 18.919257,-34.128653 18.915646,-34.129274 18.911316,-34.130637 18.910504,-34.130465 18.906555,-34.126684 18.905712,-34.124542 18.907153,-34.123744 18.906996,-34.123183 18.907059,-34.123108 18.9035,-34.122744 18.90404,-34.124115 18.904452,-34.124003 18.904898,-34.125136 18.902377,-34.125006 18.900899,-34.12506 18.900264,-34.124996 18.900178,-34.124735 18.90059,-34.124623 18.900373,-34.12407 18.900578,-34.124014 18.900477,-34.123758 18.901079,-34.123593 18.900367,-34.121296 18.899992,-34.118703 18.900937,-34.118598 18.900986,-34.11866 18.901883,-34.117874 18.901971,-34.117139 18.901884,-34.117103 18.90163,-34.116275 18.902996,-34.116376 18.905679,-34.116121 18.907169,-34.116138 18.909034,-34.114066 18.911292,-34.115672 18.912812,-34.116901 18.912935,-34.116605 18.914602,-34.117953 18.923597,-34.113841</coordinates></LinearRing></innerBoundaryIs></Polygon><Polygon><outerBoundaryIs><LinearRing><coordinates>18.892823,-34.155538 18.892814,-34.155491 18.878331,-34.160957 18.86496,-34.166368 18.846016,-34.173819 18.844201,-34.170859 18.84416,-34.1711 18.84402,-34.17095 18.84368,-34.171035 18.843535,-34.171165 18.84224,-34.17168 18.84234,-34.17174 18.84222,-34.17179 18.84202,-34.17176 18.84156,-34.17186 18.84051,-34.17179 18.83964,-34.17205 18.83937,-34.17203 18.83908,-34.17212 18.83898,-34.17211 18.83893,-34.17199 18.83876,-34.17198 18.83782,-34.1723 18.83747,-34.17253 18.8373,-34.17253 18.83708,-34.17268 18.83697,-34.17288 18.83678,-34.17281 18.83663,-34.17288 18.844256,-34.17975 18.850744,-34.177993 18.855496,-34.177671 18.859586,-34.176692 18.862743,-34.175329 18.864183,-34.174182 18.866407,-34.173497 18.868954,-34.172973 18.871547,-34.172015 18.872549,-34.172104 18.874339,-34.17164 18.878288,-34.169532 18.880305,-34.169049 18.881886,-34.167358 18.883755,-34.16652 18.885461,-34.165913 18.892311,-34.163863 18.89343,-34.163743 18.894236,-34.163345 18.892823,-34.155538</coordinates></LinearRing></outerBoundaryIs></Polygon></MultiGeometry>
  </Placemark>
  <Placemark id="Official_Planning_Suburbs.732">
	<name>BROADLANDS</name><description>5558416</description><styleUrl>#suburbStyle</styleUrl><Polygon><outerBoundaryIs><LinearRing><coordinates>18.87606,-34.123252 18.872462,-34.119983 18.868138,-34.122564 18.861201,-34.12643 18.861362,-34.126715 18.8653,-34.131507 18.861459,-34.133668 18.861908,-34.134211 18.862001,-34.134176 18.864314,-34.137004 18.867963,-34.134932 18.86809,-34.134757 18.871671,-34.139119 18.878271,-34.135355 18.883785,-34.1331 18.883856,-34.133052 18.883084,-34.131659 18.882885,-34.131573 18.888528,-34.127018 18.892793,-34.125425 18.886183,-34.123189 18.883941,-34.122201 18.879322,-34.123062 18.876644,-34.123782 18.87606,-34.123252</coordinates></LinearRing></outerBoundaryIs></Polygon>
  </Placemark>
  <Placemark id="Official_Planning_Suburbs.733">
	<name>ROCKLANDS</name><description>5558197</description><styleUrl>#suburbStyle</styleUrl><Polygon><outerBoundaryIs><LinearRing><coordinates>18.60041,-34.060519 18.597422,-34.057313 18.594998,-34.053904 18.593073,-34.054555 18.592366,-34.054877 18.590456,-34.056033 18.5954,-34.060592 18.59201,-34.0616 18.593981,-34.06317 18.595583,-34.065262 18.598312,-34.067071 18.598679,-34.06695 18.599902,-34.06844 18.60287,-34.069402 18.602988,-34.070172 18.606148,-34.069835 18.606225,-34.069876 18.606874,-34.069758 18.607404,-34.069072 18.612769,-34.071087 18.615005,-34.070812 18.617111,-34.070796 18.623762,-34.071479 18.622214,-34.070726 18.620992,-34.069061 18.620959,-34.068168 18.622124,-34.064531 18.622355,-34.063341 18.623248,-34.060357 18.623335,-34.059438 18.623225,-34.058536 18.612667,-34.062073 18.610325,-34.056793 18.601493,-34.059773 18.60113,-34.059952 18.60041,-34.060519</coordinates></LinearRing></outerBoundaryIs></Polygon>
  </Placemark>
  <Placemark id="Official_Planning_Suburbs.734">
	<name>ORANJEZICHT</name><description>5558053</description><styleUrl>#suburbStyle</styleUrl><Polygon><outerBoundaryIs><LinearRing><coordinates>18.418812,-33.935826 18.419087,-33.934177 18.417646,-33.934026 18.417438,-33.933946 18.413944,-33.933954 18.414043,-33.936252 18.41173,-33.934897 18.410347,-33.937577 18.407018,-33.94488 18.408885,-33.945553 18.40964,-33.946028 18.410432,-33.946043 18.412,-33.946408 18.412435,-33.946825 18.415429,-33.946982 18.415486,-33.946918 18.416333,-33.947064 18.416408,-33.947205 18.417186,-33.947654 18.417219,-33.947335 18.417042,-33.945509 18.416879,-33.944917 18.41699,-33.943888 18.417362,-33.943753 18.418112,-33.940163 18.418619,-33.939266 18.418816,-33.938472 18.418635,-33.936913 18.418812,-33.935826</coordinates></LinearRing></outerBoundaryIs></Polygon>
  </Placemark>
  <Placemark id="Official_Planning_Suburbs.735">
	<name>DIEP RIVER</name><description>71197891</description><styleUrl>#suburbStyle</styleUrl><Polygon><outerBoundaryIs><LinearRing><coordinates>18.468276,-34.029016 18.465857,-34.029006 18.4657,-34.030066 18.463545,-34.029983 18.460172,-34.029445 18.460672,-34.033914 18.460744,-34.036132 18.461429,-34.042376 18.463616,-34.04271 18.463655,-34.042537 18.466537,-34.042975 18.466694,-34.040862 18.466833,-34.040243 18.467145,-34.039633 18.467745,-34.039011 18.468738,-34.038888 18.469292,-34.038707 18.470745,-34.037542 18.473242,-34.036502 18.473156,-34.036465 18.473249,-34.036315 18.474458,-34.035779 18.477859,-34.034444 18.476294,-34.03183 18.476315,-34.031892 18.473233,-34.032495 18.470727,-34.032396 18.469113,-34.029727 18.469077,-34.02905 18.468276,-34.029016</coordinates></LinearRing></outerBoundaryIs></Polygon>
  </Placemark>
  <Placemark id="Official_Planning_Suburbs.736">
	<name>MUIZENBERG</name><description>5558229</description><styleUrl>#suburbStyle</styleUrl><Polygon><outerBoundaryIs><LinearRing><coordinates>18.468443,-34.079131 18.465949,-34.079118 18.463488,-34.079202 18.462543,-34.087503 18.462565,-34.087861 18.463429,-34.088279 18.464077,-34.088745 18.465164,-34.089314 18.465237,-34.089277 18.465949,-34.089482 18.466806,-34.090953 18.467634,-34.095631 18.46674,-34.096177 18.465976,-34.095164 18.465179,-34.095575 18.465556,-34.096857 18.464463,-34.096142 18.464222,-34.096417 18.464881,-34.09739 18.464568,-34.097524 18.464833,-34.098561 18.46519,-34.099319 18.46531,-34.100084 18.463409,-34.100268 18.462398,-34.103201 18.45813,-34.105479 18.463711,-34.108784 18.466163,-34.107477 18.466217,-34.108595 18.465591,-34.110364 18.465271,-34.110281 18.46478,-34.111054 18.464232,-34.111741 18.463324,-34.112584 18.462674,-34.113546 18.460505,-34.11517 18.461302,-34.115739 18.461634,-34.115536 18.462392,-34.116298 18.46292,-34.11594 18.46367,-34.11564 18.46413,-34.11516 18.46485,-34.11498 18.46522,-34.11462 18.46549,-34.11395 18.46594,-34.11366 18.46629,-34.11375 18.46658,-34.11366 18.46667,-34.11351 18.46664,-34.11239 18.46701,-34.11157 18.46735,-34.1112 18.46775,-34.11097 18.46808,-34.109863 18.468341,-34.109558 18.46884,-34.10944 18.46909,-34.10914 18.476,-34.10621 18.47633,-34.10599 18.47713,-34.10581 18.47782,-34.10536 18.47873,-34.10521 18.47947,-34.10494 18.48037,-34.10446 18.48125,-34.10429 18.48537,-34.10295 18.49032,-34.10118 18.49232,-34.10076 18.49435,-34.10022 18.50307,-34.09734 18.50364,-34.097222 18.503265,-34.096415 18.503908,-34.096286 18.503628,-34.095407 18.502966,-34.09437 18.502873,-34.093977 18.502972,-34.093523 18.502211,-34.092754 18.501942,-34.093271 18.498148,-34.094362 18.498188,-34.087555 18.498018,-34.087018 18.497638,-34.086561 18.497093,-34.086241 18.496733,-34.086135 18.496736,-34.085685 18.498543,-34.083704 18.499084,-34.082539 18.499307,-34.081498 18.496682,-34.081916 18.494949,-34.081855 18.494633,-34.082097 18.493376,-34.082119 18.492052,-34.081911 18.492214,-34.086861 18.483426,-34.087167 18.48342,-34.087053 18.48325,-34.087059 18.482935,-34.080674 18.47938,-34.080521 18.479318,-34.079452 18.479045,-34.079469 18.479041,-34.079403 18.473322,-34.079156 18.468443,-34.079131</coordinates></LinearRing></outerBoundaryIs></Polygon>
  </Placemark>
  <Placemark id="Official_Planning_Suburbs.737">
	<name>AVON</name><description>5558245</description><styleUrl>#suburbStyle</styleUrl><Polygon><outerBoundaryIs><LinearRing><coordinates>18.569476,-33.921538 18.569258,-33.919896 18.570284,-33.919812 18.569021,-33.917596 18.565683,-33.916846 18.56621,-33.921867 18.566399,-33.922435 18.566726,-33.922957 18.567179,-33.923416 18.567636,-33.923188 18.568145,-33.923059 18.571162,-33.922795 18.571016,-33.921408 18.569476,-33.921538</coordinates></LinearRing></outerBoundaryIs></Polygon>
  </Placemark>
  <Placemark id="Official_Planning_Suburbs.738">
	<name>DELFT SOUTH</name><description>5558081</description><styleUrl>#suburbStyle</styleUrl><Polygon><outerBoundaryIs><LinearRing><coordinates>18.644876,-33.981109 18.644313,-33.979304 18.64367,-33.979464 18.643922,-33.980355 18.643889,-33.981285 18.643187,-33.981106 18.64272,-33.982379 18.642202,-33.983086 18.639694,-33.985118 18.639413,-33.985583 18.639055,-33.985434 18.638116,-33.986949 18.637472,-33.986678 18.632631,-33.987179 18.627742,-33.987231 18.627346,-33.987019 18.627203,-33.986792 18.626455,-33.987219 18.626081,-33.987529 18.625402,-33.988355 18.62508,-33.988946 18.624935,-33.989597 18.624896,-33.990292 18.624999,-33.991107 18.62561,-33.993743 18.625618,-33.994422 18.625441,-33.995695 18.624937,-33.997307 18.624365,-33.998067 18.63275,-34.001353 18.636818,-33.997392 18.642404,-33.992119 18.646577,-33.987972 18.645993,-33.987557 18.645993,-33.984876 18.644876,-33.981109</coordinates></LinearRing></outerBoundaryIs></Polygon>
  </Placemark>
  <Placemark id="Official_Planning_Suburbs.739">
	<name>LOTUS RIVER</name><description>5558166</description><styleUrl>#suburbStyle</styleUrl><Polygon><outerBoundaryIs><LinearRing><coordinates>18.510638,-34.024729 18.510433,-34.02462 18.510381,-34.024731 18.510208,-34.024775 18.502633,-34.025236 18.496819,-34.025251 18.49574,-34.025855 18.501831,-34.036015 18.502014,-34.036133 18.513429,-34.048315 18.514407,-34.048221 18.514823,-34.048095 18.518075,-34.047649 18.517464,-34.044675 18.517662,-34.044108 18.527016,-34.042794 18.526797,-34.041559 18.526988,-34.040487 18.526955,-34.039858 18.525354,-34.032155 18.523757,-34.025196 18.519803,-34.025841 18.519406,-34.025702 18.51836,-34.025898 18.518279,-34.025802 18.512719,-34.025897 18.5126,-34.024694 18.510638,-34.024729</coordinates></LinearRing></outerBoundaryIs></Polygon>
  </Placemark>
  <Placemark id="Official_Planning_Suburbs.740">
	<name>CLAREMONT</name><description>5558436</description><styleUrl>#suburbStyle</styleUrl><Polygon><outerBoundaryIs><LinearRing><coordinates>18.482596,-33.978074 18.476289,-33.973596 18.473054,-33.972355 18.472947,-33.972374 18.470974,-33.976404 18.468266,-33.980113 18.467473,-33.981999 18.467573,-33.982514 18.468086,-33.98295 18.468074,-33.9832 18.467945,-33.983312 18.467627,-33.983419 18.467234,-33.982453 18.467013,-33.982305 18.466799,-33.981519 18.466954,-33.981496 18.466823,-33.980268 18.466927,-33.976596 18.464881,-33.977036 18.464332,-33.977238 18.461474,-33.97943 18.460215,-33.980277 18.459338,-33.980406 18.459111,-33.980294 18.458791,-33.979959 18.458503,-33.979857 18.458254,-33.97987 18.457863,-33.980081 18.456418,-33.981249 18.455995,-33.981423 18.454753,-33.981296 18.454112,-33.980933 18.453479,-33.980833 18.453283,-33.981359 18.452701,-33.981936 18.452536,-33.982321 18.452908,-33.983941 18.452887,-33.984486 18.452662,-33.984954 18.45175,-33.985898 18.451625,-33.98647 18.454351,-33.991641 18.454715,-33.992096 18.455164,-33.99249 18.455485,-33.99294 18.45565,-33.99357 18.455554,-33.994116 18.455968,-33.994166 18.456255,-33.99437 18.45621,-33.994415 18.457725,-33.995492 18.459165,-33.994022 18.460659,-33.992674 18.460961,-33.992092 18.460906,-33.99183 18.460987,-33.991104 18.461232,-33.990419 18.466938,-33.989999 18.468579,-33.991956 18.472021,-33.98939 18.472279,-33.989967 18.477102,-33.990088 18.47713,-33.989187 18.478858,-33.989192 18.478787,-33.990945 18.480271,-33.990987 18.483855,-33.990883 18.484359,-33.990612 18.484552,-33.990839 18.487085,-33.988938 18.487328,-33.988533 18.487935,-33.988721 18.488643,-33.988807 18.490458,-33.988747 18.490852,-33.981092 18.490967,-33.980297 18.491196,-33.979506 18.491126,-33.979494 18.491233,-33.978964 18.490336,-33.978836 18.490483,-33.978242 18.48738,-33.97531 18.482596,-33.978074</coordinates></LinearRing></outerBoundaryIs></Polygon>
  </Placemark>
  <Placemark id="Official_Planning_Suburbs.741">
	<name>VALMARY PARK</name><description>5557848</description><styleUrl>#suburbStyle</styleUrl><Polygon><outerBoundaryIs><LinearRing><coordinates>18.659232,-33.841784 18.659351,-33.841149 18.654852,-33.841905 18.65478,-33.841668 18.654414,-33.841815 18.648112,-33.842871 18.648159,-33.843036 18.646648,-33.84329 18.646556,-33.843251 18.645,-33.845064 18.644538,-33.846018 18.646889,-33.845963 18.646886,-33.845887 18.647001,-33.845868 18.653056,-33.845732 18.653676,-33.84553 18.653687,-33.845794 18.65471,-33.845568 18.656111,-33.845456 18.656395,-33.845523 18.656415,-33.845444 18.656585,-33.845489 18.658349,-33.84535 18.65849,-33.845251 18.658679,-33.844086 18.6588,-33.844106 18.659232,-33.841784</coordinates></LinearRing></outerBoundaryIs></Polygon>
  </Placemark>
  <Placemark id="Official_Planning_Suburbs.742">
	<name>THREE ANCHOR BAY</name><description>5557993</description><styleUrl>#suburbStyle</styleUrl><Polygon><outerBoundaryIs><LinearRing><coordinates>18.399093,-33.906179 18.398709,-33.906164 18.398797,-33.905907 18.397366,-33.905568 18.397873,-33.90605 18.397755,-33.906271 18.397589,-33.906298 18.39744,-33.906159 18.397092,-33.906102 18.396711,-33.9061 18.396544,-33.906196 18.395764,-33.906275 18.395383,-33.906204 18.395149,-33.906396 18.394966,-33.906437 18.394932,-33.906631 18.394482,-33.906836 18.394498,-33.906988 18.394096,-33.907463 18.394045,-33.907685 18.393862,-33.907794 18.393575,-33.908415 18.393277,-33.908409 18.392542,-33.908162 18.392508,-33.90852 18.392418,-33.90856 18.393036,-33.908809 18.393559,-33.908723 18.393596,-33.908765 18.39342,-33.908856 18.393555,-33.909075 18.394815,-33.909823 18.39497,-33.909704 18.396232,-33.911234 18.396725,-33.911532 18.39705,-33.911285 18.398562,-33.910465 18.401712,-33.910314 18.402389,-33.910351 18.402152,-33.90781 18.399258,-33.908003 18.399093,-33.906179</coordinates></LinearRing></outerBoundaryIs></Polygon>
  </Placemark>
  <Placemark id="Official_Planning_Suburbs.743">
	<name>RONDEBOSCH EAST</name><description>5558111</description><styleUrl>#suburbStyle</styleUrl><Polygon><outerBoundaryIs><LinearRing><coordinates>18.49612,-33.968431 18.494926,-33.968409 18.492771,-33.976342 18.491365,-33.979086 18.490942,-33.98043 18.492032,-33.980579 18.492156,-33.980585 18.492163,-33.980523 18.501071,-33.981042 18.50114,-33.977848 18.501283,-33.974931 18.50134,-33.974933 18.501278,-33.974777 18.501441,-33.968524 18.49612,-33.968431</coordinates></LinearRing></outerBoundaryIs></Polygon>
  </Placemark>
  <Placemark id="Official_Planning_Suburbs.744">
	<name>CAMPS BAY / BAKOVEN</name><description>5558065</description><styleUrl>#suburbStyle</styleUrl><Polygon><outerBoundaryIs><LinearRing><coordinates>18.379284,-33.945596 18.379557,-33.94538 18.379696,-33.945146 18.378987,-33.943632 18.379266,-33.943528 18.379062,-33.940962 18.378622,-33.940918 18.378039,-33.940722 18.377915,-33.941353 18.377508,-33.941871 18.377052,-33.942292 18.37688,-33.942826 18.376979,-33.94322 18.377696,-33.944086 18.377886,-33.945109 18.377448,-33.945682 18.377427,-33.945944 18.377039,-33.946313 18.376847,-33.945991 18.376537,-33.945795 18.376434,-33.945949 18.376045,-33.945934 18.375967,-33.94608 18.376045,-33.946252 18.376304,-33.94636 18.376258,-33.946611 18.376421,-33.946603 18.376517,-33.946696 18.376799,-33.946758 18.377012,-33.947507 18.377206,-33.949276 18.376932,-33.950642 18.376342,-33.951536 18.375725,-33.952061 18.375053,-33.952108 18.374747,-33.952057 18.374573,-33.951933 18.374441,-33.951969 18.374355,-33.951846 18.373975,-33.951856 18.373507,-33.952063 18.373372,-33.952308 18.373691,-33.952863 18.374197,-33.953419 18.375467,-33.954417 18.375033,-33.95491 18.375052,-33.954976 18.375607,-33.955117 18.375462,-33.955307 18.375831,-33.955548 18.376434,-33.956323 18.376952,-33.957438 18.377005,-33.958436 18.376848,-33.958786 18.375823,-33.959201 18.374563,-33.959403 18.374382,-33.959319 18.374201,-33.959343 18.373849,-33.95917 18.372543,-33.959428 18.372375,-33.959553 18.372506,-33.960019 18.372803,-33.959962 18.372913,-33.960038 18.372894,-33.960122 18.372773,-33.960167 18.372904,-33.960256 18.372903,-33.960384 18.372624,-33.96035 18.372446,-33.960403 18.372314,-33.960767 18.372895,-33.961531 18.372962,-33.962016 18.372707,-33.962281 18.372252,-33.96233 18.371741,-33.962851 18.371697,-33.963077 18.371773,-33.963381 18.371872,-33.963447 18.372789,-33.963564 18.373006,-33.963851 18.373088,-33.964186 18.37264,-33.964984 18.372655,-33.96548 18.380992,-33.96909 18.381135,-33.968861 18.382246,-33.968328 18.381907,-33.968011 18.381977,-33.9679 18.382425,-33.968059 18.382606,-33.966975 18.382487,-33.96647 18.38257,-33.965911 18.383306,-33.964955 18.383575,-33.964388 18.383545,-33.963962 18.383769,-33.963569 18.384295,-33.962925 18.384795,-33.962911 18.38524,-33.962726 18.385533,-33.96215 18.385528,-33.961867 18.385677,-33.961502 18.38588,-33.961323 18.386197,-33.960763 18.386395,-33.960642 18.386211,-33.960286 18.38658,-33.960126 18.386844,-33.960326 18.387759,-33.959967 18.387853,-33.959712 18.387767,-33.959477 18.38792,-33.958924 18.388155,-33.958778 18.388616,-33.958831 18.38874,-33.95861 18.388785,-33.958028 18.388386,-33.95672 18.388576,-33.955807 18.388487,-33.95533 18.388599,-33.95446 18.388807,-33.953972 18.389432,-33.953254 18.389711,-33.951954 18.389878,-33.952015 18.390033,-33.951688 18.38872,-33.950931 18.389128,-33.95083 18.391588,-33.9468 18.389947,-33.945732 18.389533,-33.946067 18.388865,-33.945778 18.388312,-33.945923 18.388227,-33.945779 18.387519,-33.945597 18.384529,-33.945295 18.383072,-33.945294 18.381876,-33.945376 18.380535,-33.945691 18.38044,-33.945359 18.379612,-33.945565 18.378785,-33.946129 18.378719,-33.946046 18.379284,-33.945596</coordinates></LinearRing></outerBoundaryIs></Polygon>
  </Placemark>
  <Placemark id="Official_Planning_Suburbs.745">
	<name>EPPING INDUSTRIA 1</name><description>5558039</description><styleUrl>#suburbStyle</styleUrl><Polygon><outerBoundaryIs><LinearRing><coordinates>18.543003,-33.937887 18.543542,-33.930388 18.543686,-33.926757 18.541175,-33.926971 18.53038,-33.928869 18.52835,-33.929113 18.523976,-33.929883 18.521851,-33.930111 18.522262,-33.931754 18.522445,-33.933195 18.522489,-33.93644 18.522265,-33.937657 18.521653,-33.938903 18.521012,-33.939694 18.520174,-33.940412 18.518227,-33.941758 18.519814,-33.941253 18.520282,-33.940996 18.523095,-33.938979 18.524618,-33.938374 18.525474,-33.938339 18.526242,-33.938398 18.527148,-33.938907 18.53057,-33.940034 18.531005,-33.94004 18.531009,-33.93975 18.533461,-33.940489 18.536957,-33.941294 18.542759,-33.941529 18.543003,-33.937887</coordinates></LinearRing></outerBoundaryIs></Polygon>
  </Placemark>
  <Placemark id="Official_Planning_Suburbs.746">
	<name>LEONSDALE</name><description>5558246</description><styleUrl>#suburbStyle</styleUrl><Polygon><outerBoundaryIs><LinearRing><coordinates>18.579475,-33.914425 18.57086,-33.917815 18.570393,-33.917899 18.569021,-33.917596 18.570284,-33.919812 18.569258,-33.919896 18.569478,-33.921547 18.571016,-33.921408 18.571162,-33.922795 18.583461,-33.921755 18.583247,-33.921049 18.579475,-33.914425</coordinates></LinearRing></outerBoundaryIs></Polygon>
  </Placemark>
  <Placemark id="Official_Planning_Suburbs.747">
	<name>EVERSDAL HEIGHTS</name><description>5557860</description><styleUrl>#suburbStyle</styleUrl><Polygon><outerBoundaryIs><LinearRing><coordinates>18.655706,-33.849285 18.644087,-33.849258 18.643896,-33.851066 18.638426,-33.853208 18.639294,-33.854827 18.641091,-33.854126 18.642665,-33.853052 18.645735,-33.853263 18.645728,-33.853382 18.645803,-33.85339 18.646836,-33.854642 18.646985,-33.855669 18.647477,-33.855687 18.64905,-33.855203 18.649167,-33.852989 18.649995,-33.852974 18.650812,-33.853068 18.652232,-33.853705 18.651869,-33.851397 18.656029,-33.849919 18.65678,-33.852811 18.657416,-33.852614 18.657882,-33.84991 18.65811,-33.849411 18.657819,-33.849391 18.657837,-33.849291 18.655706,-33.849285</coordinates></LinearRing></outerBoundaryIs></Polygon>
  </Placemark>
  <Placemark id="Official_Planning_Suburbs.748">
	<name>KEMPENVILLE</name><description>5557964</description><styleUrl>#suburbStyle</styleUrl><Polygon><outerBoundaryIs><LinearRing><coordinates>18.639611,-33.898377 18.639345,-33.897637 18.637007,-33.896992 18.6321,-33.898452 18.631934,-33.898563 18.631757,-33.900538 18.632877,-33.900661 18.632742,-33.901571 18.639836,-33.902385 18.639935,-33.901588 18.640314,-33.901618 18.64059,-33.901542 18.642326,-33.900412 18.64086,-33.898013 18.640408,-33.898231 18.640353,-33.898138 18.63966,-33.898528 18.639611,-33.898377</coordinates></LinearRing></outerBoundaryIs></Polygon>
  </Placemark>
  <Placemark id="Official_Planning_Suburbs.749">
	<name>PLUMSTEAD</name><description>5558156</description><styleUrl>#suburbStyle</styleUrl><Polygon><outerBoundaryIs><LinearRing><coordinates>18.4705,-34.013235 18.47025,-34.013244 18.469066,-34.013597 18.468848,-34.01358 18.468774,-34.014258 18.467064,-34.014672 18.461869,-34.014059 18.457559,-34.013713 18.456264,-34.014814 18.456048,-34.015078 18.456419,-34.015289 18.456597,-34.015715 18.456693,-34.015716 18.458302,-34.019774 18.459185,-34.020307 18.459572,-34.020342 18.460335,-34.021845 18.461157,-34.021463 18.463006,-34.024192 18.459957,-34.027468 18.460172,-34.029445 18.463545,-34.029983 18.4657,-34.030066 18.465857,-34.029006 18.469077,-34.02905 18.469113,-34.029727 18.470727,-34.032396 18.472967,-34.032518 18.477764,-34.031583 18.478256,-34.030523 18.479217,-34.028797 18.479393,-34.029088 18.480384,-34.028304 18.48478,-34.030053 18.485206,-34.030118 18.486559,-34.029862 18.488656,-34.025828 18.485885,-34.019882 18.485329,-34.018453 18.484664,-34.016359 18.483995,-34.015964 18.48164,-34.014827 18.481083,-34.014419 18.471281,-34.015638 18.470387,-34.014195 18.470396,-34.014051 18.470459,-34.014045 18.4705,-34.013235</coordinates></LinearRing></outerBoundaryIs></Polygon>
  </Placemark>
  <Placemark id="Official_Planning_Suburbs.750">
	<name>HOUT BAY</name><description>5558220</description><styleUrl>#suburbStyle</styleUrl><Polygon><outerBoundaryIs><LinearRing><coordinates>18.368723,-34.002383 18.360871,-33.999037 18.354163,-34.002623 18.349492,-34.001476 18.341743,-34.002966 18.342606,-34.004157 18.342587,-34.004407 18.342325,-34.004706 18.341811,-34.004948 18.341065,-34.004887 18.340693,-34.004761 18.33963,-34.004144 18.339332,-34.004112 18.338907,-34.004253 18.338683,-34.004486 18.338736,-34.004997 18.338976,-34.005466 18.339169,-34.005628 18.339957,-34.006006 18.340101,-34.006166 18.34006,-34.006598 18.341881,-34.006668 18.343016,-34.00612 18.344942,-34.005809 18.347591,-34.005041 18.347561,-34.00551 18.347222,-34.006141 18.347193,-34.006356 18.347313,-34.006773 18.347464,-34.006977 18.347388,-34.00701 18.347478,-34.007259 18.348122,-34.008203 18.347997,-34.009671 18.34761,-34.010208 18.346353,-34.010841 18.345488,-34.011071 18.344261,-34.011064 18.342406,-34.011346 18.34081,-34.012013 18.338895,-34.012958 18.337847,-34.013805 18.33868,-34.0143 18.338116,-34.014958 18.333581,-34.012279 18.333488,-34.012602 18.333624,-34.012881 18.334675,-34.013933 18.334774,-34.014114 18.334777,-34.014328 18.334429,-34.015273 18.334839,-34.0162 18.334828,-34.016391 18.334498,-34.016673 18.332925,-34.017318 18.332608,-34.017556 18.332663,-34.017712 18.333227,-34.018244 18.333279,-34.018397 18.333166,-34.018514 18.332141,-34.018911 18.331953,-34.019224 18.331901,-34.019641 18.332003,-34.021777 18.331931,-34.022222 18.331482,-34.022766 18.330539,-34.023517 18.329487,-34.024944 18.328954,-34.025193 18.326755,-34.025428 18.32442,-34.026239 18.323198,-34.026464 18.321945,-34.026578 18.32001,-34.026565 18.319353,-34.026633 18.316735,-34.0272 18.314992,-34.027356 18.31384,-34.027329 18.312416,-34.027078 18.311377,-34.027252 18.310946,-34.027515 18.310943,-34.028058 18.311108,-34.028406 18.311336,-34.028572 18.311693,-34.028676 18.314573,-34.029079 18.315584,-34.029377 18.316163,-34.029647 18.316646,-34.030208 18.31679,-34.03084 18.316645,-34.031053 18.315626,-34.03162 18.315367,-34.031849 18.314939,-34.033032 18.314485,-34.033916 18.313932,-34.034766 18.312762,-34.036203 18.312047,-34.036614 18.308516,-34.037333 18.308245,-34.037476 18.307828,-34.03786 18.307494,-34.03848 18.307467,-34.039228 18.307733,-34.040351 18.308109,-34.041085 18.308624,-34.041743 18.309064,-34.04212 18.309588,-34.04245 18.310771,-34.042996 18.312072,-34.043451 18.317659,-34.044633 18.318274,-34.044852 18.319635,-34.045528 18.320873,-34.046377 18.322402,-34.047868 18.323154,-34.048995 18.323322,-34.049569 18.323174,-34.051047 18.323322,-34.051565 18.323956,-34.052586 18.324829,-34.053471 18.325329,-34.053801 18.327106,-34.054562 18.327632,-34.054877 18.32876,-34.05573 18.329018,-34.056029 18.329111,-34.056318 18.329011,-34.05656 18.328333,-34.057277 18.328283,-34.057481 18.328474,-34.057782 18.328967,-34.058151 18.329314,-34.058231 18.330671,-34.058065 18.331091,-34.058097 18.331518,-34.058275 18.331908,-34.058546 18.333053,-34.059476 18.334553,-34.060284 18.33617,-34.060953 18.3385,-34.061648 18.340032,-34.062229 18.340425,-34.062306 18.34123,-34.062272 18.3421,-34.062035 18.342977,-34.061656 18.34457,-34.06068 18.344842,-34.060366 18.34564,-34.05878 18.345697,-34.058588 18.345504,-34.058465 18.346508,-34.057347 18.347081,-34.057095 18.347117,-34.056906 18.347729,-34.056275 18.348081,-34.05572 18.348316,-34.055048 18.348184,-34.054562 18.34821,-34.054319 18.349189,-34.05241 18.349642,-34.051914 18.350462,-34.051423 18.350417,-34.05131 18.35028,-34.051297 18.349453,-34.051831 18.34884,-34.0525 18.348767,-34.052829 18.348238,-34.052457 18.348173,-34.052549 18.348695,-34.052985 18.348069,-34.054154 18.347698,-34.054062 18.347826,-34.053808 18.34774,-34.053778 18.347615,-34.054032 18.346027,-34.0535 18.345484,-34.052441 18.345964,-34.052249 18.345921,-34.052174 18.345428,-34.052346 18.345285,-34.051839 18.345118,-34.051718 18.344965,-34.05126 18.345072,-34.050651 18.345204,-34.050559 18.345353,-34.050597 18.345436,-34.05071 18.345585,-34.050639 18.345519,-34.050546 18.346085,-34.050037 18.347547,-34.048457 18.347848,-34.048298 18.348212,-34.048873 18.348285,-34.04883 18.347953,-34.048238 18.34875,-34.047808 18.349585,-34.049392 18.349604,-34.049563 18.349236,-34.050876 18.349432,-34.050914 18.349735,-34.049473 18.348872,-34.047764 18.34892,-34.047673 18.348689,-34.047411 18.350587,-34.04653 18.351776,-34.046252 18.353056,-34.046169 18.354288,-34.04619 18.355498,-34.046315 18.356658,-34.046577 18.357827,-34.04708 18.36028,-34.048472 18.360695,-34.048783 18.360748,-34.048984 18.361078,-34.04904 18.361799,-34.049003 18.361968,-34.049222 18.362093,-34.049609 18.361835,-34.049793 18.361779,-34.049932 18.361925,-34.050002 18.362279,-34.050576 18.362723,-34.05151 18.363011,-34.052929 18.362917,-34.053287 18.379873,-34.039819 18.382451,-34.039102 18.38358,-34.024845 18.394058,-34.021404 18.398722,-34.015678 18.399252,-34.019952 18.403055,-34.019773 18.404675,-34.016416 18.405414,-34.013682 18.4057,-34.013683 18.405889,-34.012144 18.40571,-34.012016 18.405165,-34.011857 18.40143,-34.009036 18.398838,-34.008629 18.394489,-34.011857 18.392371,-34.010134 18.388708,-34.010125 18.385859,-34.007699 18.37558,-34.001106 18.374282,-34.002492 18.373152,-34.004088 18.373219,-34.004299 18.368723,-34.002383</coordinates></LinearRing></outerBoundaryIs></Polygon>
  </Placemark>
  <Placemark id="Official_Planning_Suburbs.751">
	<name>WOODSTOCK</name><description>5558019</description><styleUrl>#suburbStyle</styleUrl><Polygon><outerBoundaryIs><LinearRing><coordinates>18.462482,-33.916631 18.462281,-33.916486 18.460131,-33.91783 18.454932,-33.92085 18.454292,-33.921115 18.452503,-33.921299 18.45121,-33.921327 18.449487,-33.92161 18.447903,-33.921618 18.446174,-33.921385 18.442893,-33.921404 18.442642,-33.926229 18.442391,-33.927972 18.440839,-33.927791 18.440605,-33.931502 18.44046,-33.931702 18.43996,-33.931973 18.439606,-33.931901 18.440431,-33.93216 18.440551,-33.932521 18.440425,-33.932655 18.439623,-33.932503 18.43943,-33.933235 18.44169,-33.936502 18.442037,-33.937145 18.441546,-33.937448 18.441507,-33.937716 18.442068,-33.93872 18.442804,-33.93838 18.442896,-33.937781 18.445942,-33.938078 18.446001,-33.938113 18.445947,-33.938614 18.447543,-33.939183 18.447936,-33.939446 18.448839,-33.940287 18.449217,-33.940462 18.449869,-33.940512 18.450913,-33.940298 18.452573,-33.940369 18.453965,-33.940147 18.454655,-33.940116 18.455348,-33.940243 18.455976,-33.940474 18.456373,-33.939986 18.456349,-33.939878 18.456961,-33.939128 18.45712,-33.939061 18.456463,-33.938576 18.453883,-33.937305 18.452945,-33.936944 18.45321,-33.936456 18.453166,-33.936373 18.453387,-33.935682 18.45379,-33.935781 18.453988,-33.935155 18.453488,-33.935024 18.453493,-33.934962 18.453894,-33.933789 18.453971,-33.933751 18.454403,-33.93266 18.455143,-33.932987 18.455988,-33.931704 18.455658,-33.931509 18.455578,-33.931385 18.455345,-33.931298 18.459357,-33.928577 18.459586,-33.928184 18.460224,-33.92799 18.460325,-33.925304 18.460273,-33.920993 18.460804,-33.920919 18.465808,-33.918616 18.462482,-33.916631</coordinates></LinearRing></outerBoundaryIs></Polygon>
  </Placemark>
  <Placemark id="Official_Planning_Suburbs.752">
	<name>BROOKLYN</name><description>5557976</description><styleUrl>#suburbStyle</styleUrl><Polygon><outerBoundaryIs><LinearRing><coordinates>18.48245,-33.901831 18.481219,-33.901197 18.480591,-33.902251 18.480414,-33.902186 18.480182,-33.902224 18.479647,-33.903231 18.479722,-33.903454 18.479985,-33.903599 18.478816,-33.905792 18.478508,-33.906255 18.476824,-33.908154 18.476819,-33.908273 18.476312,-33.908846 18.47615,-33.909591 18.475714,-33.9099 18.475496,-33.909766 18.475443,-33.909827 18.474881,-33.909362 18.474533,-33.909755 18.474566,-33.910148 18.474844,-33.910506 18.474986,-33.91054 18.47545,-33.911299 18.475408,-33.911398 18.475062,-33.911592 18.47573,-33.912468 18.476756,-33.913558 18.477229,-33.914224 18.477383,-33.915493 18.477524,-33.915475 18.477644,-33.916296 18.477559,-33.916904 18.477149,-33.917507 18.476448,-33.917918 18.476326,-33.918077 18.476409,-33.918344 18.479361,-33.917651 18.481778,-33.91765 18.483115,-33.917528 18.487848,-33.916746 18.488719,-33.916513 18.488485,-33.912602 18.488712,-33.912127 18.488899,-33.912189 18.489182,-33.911598 18.490086,-33.911848 18.490572,-33.910825 18.48605,-33.909316 18.489093,-33.902925 18.489024,-33.902684 18.489107,-33.902581 18.489007,-33.902562 18.488726,-33.902941 18.487786,-33.903158 18.486679,-33.902809 18.485573,-33.902683 18.483264,-33.901961 18.482918,-33.901788 18.482856,-33.901922 18.48245,-33.901831</coordinates></LinearRing></outerBoundaryIs></Polygon>
  </Placemark>
  <Placemark id="Official_Planning_Suburbs.753">
	<name>STRAND</name><description>22092377</description><styleUrl>#suburbStyle</styleUrl><MultiGeometry><Polygon><outerBoundaryIs><LinearRing><coordinates>18.839789,-34.100632 18.83545,-34.097293 18.830677,-34.101585 18.82697,-34.098753 18.826602,-34.09862 18.826381,-34.09839 18.826356,-34.098459 18.826123,-34.09848 18.82626,-34.098779 18.826034,-34.098971 18.825626,-34.098889 18.82545,-34.099014 18.824657,-34.099213 18.823825,-34.099296 18.823709,-34.099411 18.823722,-34.099714 18.823342,-34.100042 18.822671,-34.100273 18.821069,-34.100363 18.819696,-34.100533 18.819035,-34.100225 18.818557,-34.10013 18.818351,-34.100244 18.817952,-34.100757 18.817341,-34.100813 18.816922,-34.101013 18.816606,-34.101042 18.816009,-34.10096 18.813931,-34.100972 18.81365,-34.100818 18.81339,-34.10052 18.813118,-34.100441 18.813244,-34.101095 18.813377,-34.10133 18.814496,-34.102294 18.815114,-34.103002 18.815453,-34.103222 18.815862,-34.103813 18.816255,-34.104158 18.81651,-34.104661 18.817204,-34.105501 18.818038,-34.106036 18.81849,-34.106798 18.820131,-34.108605 18.820052,-34.108663 18.820383,-34.109 18.820498,-34.108923 18.820789,-34.109176 18.821093,-34.109585 18.821443,-34.110684 18.822164,-34.114338 18.822402,-34.114798 18.823221,-34.115913 18.824356,-34.116607 18.825187,-34.1175 18.826817,-34.118167 18.827587,-34.118657 18.827665,-34.118914 18.828047,-34.119105 18.828214,-34.119044 18.829131,-34.119659 18.829326,-34.119523 18.829912,-34.120142 18.830599,-34.121237 18.83076,-34.121767 18.831052,-34.12382 18.831437,-34.124258 18.831509,-34.124728 18.831797,-34.124775 18.831857,-34.124727 18.83256,-34.125225 18.834213,-34.126193 18.834648,-34.126668 18.835185,-34.126383 18.835198,-34.126281 18.836145,-34.126118 18.838107,-34.125088 18.839938,-34.12738 18.841327,-34.128669 18.841947,-34.129348 18.846359,-34.134844 18.845939,-34.135066 18.846577,-34.136012 18.846253,-34.136192 18.845737,-34.135961 18.845228,-34.13594 18.844383,-34.136102 18.84368,-34.136569 18.84491,-34.13771 18.84524,-34.13815 18.84527,-34.13835 18.84566,-34.13873 18.8457,-34.13928 18.84623,-34.13961 18.84671,-34.14013 18.84691,-34.14044 18.84708,-34.14101 18.84742,-34.14142 18.84749,-34.14167 18.84819,-34.14232 18.85037,-34.143883 18.851493,-34.143306 18.851256,-34.142977 18.853569,-34.14171 18.85096,-34.138435 18.854774,-34.136277 18.85821,-34.140467 18.86139,-34.138662 18.856711,-34.133 18.855915,-34.132178 18.854427,-34.13036 18.855467,-34.129741 18.853034,-34.126776 18.853431,-34.12655 18.853328,-34.126541 18.85134,-34.124118 18.855405,-34.121808 18.856169,-34.12274 18.857511,-34.121966 18.856753,-34.121048 18.856815,-34.121012 18.856666,-34.120829 18.859478,-34.119229 18.858749,-34.118251 18.857187,-34.119137 18.856104,-34.118356 18.855062,-34.117444 18.854069,-34.11639 18.852036,-34.113908 18.850831,-34.113719 18.850723,-34.113781 18.85075,-34.114003 18.850384,-34.115452 18.850777,-34.115558 18.850627,-34.115595 18.849851,-34.115455 18.849805,-34.115811 18.849487,-34.115756 18.849335,-34.116212 18.848971,-34.116418 18.849152,-34.116643 18.848911,-34.116777 18.848963,-34.116889 18.849964,-34.118107 18.84831,-34.118875 18.847893,-34.117834 18.847716,-34.117865 18.847792,-34.117766 18.847793,-34.117427 18.847562,-34.117402 18.847495,-34.117667 18.847014,-34.117488 18.845978,-34.116227 18.845155,-34.116693 18.84348,-34.114615 18.843344,-34.114694 18.843133,-34.115029 18.842351,-34.115393 18.84214,-34.115268 18.842111,-34.115349 18.841331,-34.115625 18.841458,-34.115874 18.840977,-34.116043 18.841073,-34.116399 18.839937,-34.117058 18.839853,-34.117193 18.839688,-34.117177 18.839009,-34.117744 18.838372,-34.118069 18.838025,-34.11807 18.837825,-34.117728 18.837501,-34.117893 18.837273,-34.117585 18.836715,-34.117873 18.836198,-34.117141 18.836209,-34.116961 18.836095,-34.116796 18.836152,-34.116527 18.835255,-34.115273 18.839327,-34.113402 18.840762,-34.113232 18.84185,-34.112873 18.84023,-34.110899 18.840256,-34.110817 18.839387,-34.109871 18.841405,-34.108249 18.841499,-34.108309 18.845299,-34.105214 18.846248,-34.106739 18.846737,-34.10738 18.846413,-34.106485 18.846339,-34.105933 18.846367,-34.105388 18.846657,-34.104452 18.846999,-34.1039 18.850375,-34.101186 18.850285,-34.101108 18.851237,-34.100343 18.851095,-34.100209 18.851467,-34.099782 18.85168,-34.099198 18.85168,-34.098783 18.851551,-34.098254 18.849697,-34.098562 18.849275,-34.098509 18.84863,-34.100346 18.847578,-34.100146 18.847215,-34.100198 18.84688,-34.100369 18.845267,-34.101566 18.844004,-34.102707 18.843785,-34.102467 18.842909,-34.100766 18.842686,-34.10055 18.842724,-34.100408 18.842138,-34.099259 18.84106,-34.100053 18.840177,-34.10093 18.839789,-34.100632</coordinates></LinearRing></outerBoundaryIs><innerBoundaryIs><LinearRing><coordinates>18.840848,-34.118597 18.841294,-34.118022 18.842054,-34.117618 18.843792,-34.117295 18.844959,-34.118739 18.836846,-34.12313 18.835846,-34.121752 18.840309,-34.119339 18.840848,-34.118597</coordinates></LinearRing></innerBoundaryIs></Polygon><Polygon><outerBoundaryIs><LinearRing><coordinates>18.854452,-34.142592 18.854775,-34.142409 18.85451,-34.142073 18.854225,-34.142087 18.853963,-34.142233 18.854299,-34.142679 18.854452,-34.142592</coordinates></LinearRing></outerBoundaryIs></Polygon><Polygon><outerBoundaryIs><LinearRing><coordinates>18.857491,-34.128574 18.859161,-34.127611 18.857614,-34.125728 18.855924,-34.126674 18.857491,-34.128574</coordinates></LinearRing></outerBoundaryIs></Polygon><Polygon><outerBoundaryIs><LinearRing><coordinates>18.847616,-34.091081 18.847393,-34.090356 18.847318,-34.090361 18.846958,-34.090506 18.847126,-34.091021 18.846689,-34.091177 18.846682,-34.09139 18.846588,-34.091441 18.846085,-34.09144 18.845736,-34.091677 18.845294,-34.091552 18.845005,-34.091567 18.844837,-34.091739 18.844538,-34.091763 18.844178,-34.091902 18.844062,-34.092022 18.843777,-34.092003 18.843319,-34.092128 18.8431,-34.091869 18.842853,-34.092063 18.842647,-34.092059 18.842528,-34.09216 18.84657,-34.095978 18.849373,-34.093913 18.848803,-34.093646 18.848319,-34.093043 18.848057,-34.092504 18.847616,-34.091081</coordinates></LinearRing></outerBoundaryIs></Polygon></MultiGeometry>
  </Placemark>
  <Placemark id="Official_Planning_Suburbs.754">
	<name>MOWBRAY</name><description>5558070</description><styleUrl>#suburbStyle</styleUrl><Polygon><outerBoundaryIs><LinearRing><coordinates>18.488266,-33.946332 18.487405,-33.944882 18.486986,-33.944371 18.486593,-33.94406 18.486147,-33.943831 18.485103,-33.943579 18.476364,-33.944137 18.474566,-33.944269 18.473685,-33.944409 18.472282,-33.944771 18.467661,-33.946439 18.467338,-33.946494 18.466934,-33.946472 18.466248,-33.946115 18.46568,-33.945193 18.466519,-33.947362 18.466946,-33.94935 18.466876,-33.949882 18.466566,-33.950573 18.466671,-33.950609 18.466334,-33.951628 18.466407,-33.951701 18.466728,-33.951722 18.467381,-33.951502 18.468198,-33.950996 18.469443,-33.950003 18.469321,-33.95154 18.472017,-33.951328 18.471993,-33.95094 18.473211,-33.95088 18.473198,-33.95033 18.474916,-33.95052 18.474958,-33.950169 18.476934,-33.950334 18.477586,-33.950511 18.477831,-33.950235 18.479889,-33.951033 18.48022,-33.950892 18.483434,-33.951647 18.484145,-33.951003 18.484794,-33.951333 18.485352,-33.951729 18.486906,-33.95248 18.493812,-33.956525 18.493773,-33.956839 18.49401,-33.957136 18.494187,-33.957168 18.494461,-33.957907 18.49559,-33.957557 18.496236,-33.957447 18.496827,-33.957562 18.497477,-33.957912 18.497652,-33.957424 18.497372,-33.954862 18.498932,-33.953874 18.498973,-33.952612 18.499098,-33.952457 18.499879,-33.952308 18.500234,-33.952108 18.500873,-33.951461 18.501027,-33.951479 18.502072,-33.951188 18.502345,-33.950348 18.502872,-33.949726 18.502524,-33.949301 18.501676,-33.949547 18.501607,-33.949054 18.501768,-33.948377 18.498745,-33.944706 18.498758,-33.944636 18.495708,-33.94461 18.494437,-33.944703 18.493049,-33.946091 18.492666,-33.945845 18.491824,-33.945022 18.49057,-33.945792 18.490139,-33.945964 18.488316,-33.946418 18.488266,-33.946332</coordinates></LinearRing></outerBoundaryIs></Polygon>
  </Placemark>
  <Placemark id="Official_Planning_Suburbs.755">
	<name>LANSDOWNE</name><description>5558215</description><styleUrl>#suburbStyle</styleUrl><Polygon><outerBoundaryIs><LinearRing><coordinates>18.492032,-33.980579 18.490942,-33.98043 18.490468,-33.988361 18.490426,-33.990076 18.491216,-33.997125 18.491142,-33.998191 18.49075,-33.999405 18.490194,-34.000283 18.489523,-34.000979 18.488104,-34.002149 18.495561,-34.00179 18.504939,-34.000314 18.505561,-34.000434 18.508209,-34.001226 18.514708,-34.002825 18.515149,-34.002773 18.515317,-34.002629 18.515541,-34.002689 18.515596,-34.002793 18.5164,-34.002708 18.517474,-34.002451 18.521457,-34.001894 18.521192,-34.000683 18.520995,-34.000172 18.520212,-33.998977 18.519216,-33.998085 18.51734,-33.996996 18.516228,-33.996178 18.513066,-33.993048 18.512731,-33.99249 18.512591,-33.992053 18.512146,-33.989125 18.511523,-33.987232 18.510903,-33.986511 18.509141,-33.98532 18.508589,-33.98476 18.503221,-33.986114 18.501442,-33.981107 18.501086,-33.981087 18.501088,-33.981036 18.492163,-33.980523 18.492156,-33.980585 18.492032,-33.980579</coordinates></LinearRing></outerBoundaryIs></Polygon>
  </Placemark>
  <Placemark id="Official_Planning_Suburbs.756">
	<name>SEA POINT</name><description>5557999</description><styleUrl>#suburbStyle</styleUrl><Polygon><outerBoundaryIs><LinearRing><coordinates>18.39293,-33.908787 18.392418,-33.90856 18.392508,-33.90852 18.392542,-33.908162 18.391569,-33.907957 18.391553,-33.908357 18.391102,-33.908784 18.390871,-33.908706 18.390851,-33.909109 18.390165,-33.908966 18.389805,-33.90901 18.389986,-33.909255 18.389789,-33.909559 18.389885,-33.909702 18.389811,-33.909926 18.389548,-33.909925 18.388975,-33.910601 18.388575,-33.910725 18.388117,-33.911031 18.388095,-33.911646 18.387698,-33.913124 18.386563,-33.914511 18.386335,-33.914363 18.386159,-33.914465 18.386368,-33.914729 18.386209,-33.914817 18.386084,-33.915094 18.386169,-33.91552 18.386026,-33.915812 18.386056,-33.916472 18.385862,-33.916632 18.385683,-33.917042 18.385609,-33.917554 18.385414,-33.917758 18.385132,-33.917918 18.384993,-33.917756 18.383915,-33.918454 18.383652,-33.918438 18.382981,-33.918842 18.382841,-33.918824 18.382866,-33.918763 18.382206,-33.918902 18.38173,-33.91926 18.38157,-33.919544 18.380501,-33.920178 18.379998,-33.920622 18.379782,-33.92066 18.379582,-33.920504 18.379009,-33.920746 18.37884,-33.920668 18.378392,-33.920756 18.378361,-33.92082 18.378483,-33.920975 18.378281,-33.92109 18.378325,-33.921489 18.377983,-33.921745 18.377442,-33.921871 18.376811,-33.92161 18.376455,-33.921788 18.37647,-33.921879 18.376808,-33.922048 18.376853,-33.922189 18.37648,-33.922561 18.376339,-33.922875 18.377,-33.9232 18.376983,-33.923393 18.377214,-33.923472 18.377245,-33.923562 18.377429,-33.923653 18.377488,-33.924116 18.377579,-33.924232 18.379452,-33.924128 18.381717,-33.926307 18.382773,-33.925161 18.386378,-33.920045 18.38889,-33.921274 18.390137,-33.91952 18.391621,-33.920371 18.390074,-33.922579 18.391653,-33.923346 18.391536,-33.923533 18.392882,-33.924195 18.393171,-33.921206 18.392957,-33.921034 18.396393,-33.916816 18.395412,-33.916269 18.395923,-33.914886 18.396164,-33.914547 18.39767,-33.913375 18.398368,-33.913771 18.399667,-33.913249 18.398477,-33.910485 18.396725,-33.911532 18.396232,-33.911234 18.39497,-33.909704 18.394815,-33.909823 18.393631,-33.909134 18.39342,-33.908856 18.393596,-33.908765 18.393559,-33.908723 18.393253,-33.908814 18.39293,-33.908787</coordinates></LinearRing></outerBoundaryIs></Polygon>
  </Placemark>
  <Placemark id="Official_Planning_Suburbs.757">
	<name>BANTRY BAY</name><description>5558033</description><styleUrl>#suburbStyle</styleUrl><Polygon><outerBoundaryIs><LinearRing><coordinates>18.379452,-33.924128 18.377579,-33.924232 18.377488,-33.924116 18.377286,-33.92427 18.377148,-33.924153 18.376993,-33.924152 18.376837,-33.924358 18.376421,-33.924381 18.376405,-33.924458 18.376728,-33.924601 18.377065,-33.924918 18.37725,-33.924971 18.377249,-33.925074 18.377387,-33.925152 18.377308,-33.925396 18.377662,-33.925552 18.377878,-33.925566 18.378032,-33.925708 18.377999,-33.925914 18.378138,-33.925953 18.378151,-33.926224 18.378274,-33.92634 18.378303,-33.926598 18.377436,-33.926973 18.377388,-33.92714 18.377249,-33.927191 18.377078,-33.927396 18.376661,-33.927406 18.376567,-33.927612 18.37567,-33.927787 18.375423,-33.927773 18.37533,-33.927889 18.375161,-33.927759 18.374868,-33.927771 18.374821,-33.927847 18.374958,-33.92808 18.374458,-33.928216 18.374377,-33.928302 18.374464,-33.928415 18.374653,-33.928399 18.374813,-33.928531 18.374634,-33.928651 18.374772,-33.928893 18.374657,-33.929 18.374802,-33.929039 18.374719,-33.929075 18.374787,-33.929344 18.374708,-33.929453 18.374766,-33.929408 18.37494,-33.929458 18.374913,-33.929615 18.38072,-33.931704 18.380934,-33.931769 18.381621,-33.931729 18.38245,-33.930611 18.381913,-33.928513 18.381756,-33.928136 18.381675,-33.928162 18.381473,-33.927467 18.381362,-33.927397 18.381139,-33.926743 18.381717,-33.926307 18.379452,-33.924128</coordinates></LinearRing></outerBoundaryIs></Polygon>
  </Placemark>
  <Placemark id="Official_Planning_Suburbs.758">
	<name>BIZWENI</name><description>27659340</description><styleUrl>#suburbStyle</styleUrl><Polygon><outerBoundaryIs><LinearRing><coordinates>18.866886,-34.08451 18.866639,-34.084541 18.866252,-34.085056 18.865557,-34.085212 18.864975,-34.084989 18.864874,-34.085062 18.864949,-34.085253 18.864882,-34.085323 18.86443,-34.085413 18.863378,-34.085795 18.863219,-34.085799 18.862783,-34.08561 18.862524,-34.085617 18.862398,-34.086045 18.861938,-34.086331 18.861228,-34.086292 18.860784,-34.086159 18.860286,-34.08589 18.859736,-34.085826 18.859148,-34.086207 18.858245,-34.08663 18.857623,-34.087151 18.85704,-34.087217 18.856795,-34.087056 18.856423,-34.086994 18.856136,-34.087028 18.855966,-34.087134 18.857382,-34.090665 18.857723,-34.091162 18.857596,-34.091253 18.859471,-34.092779 18.859509,-34.092922 18.861376,-34.094366 18.862432,-34.093531 18.864183,-34.092992 18.864641,-34.092794 18.864963,-34.092549 18.865804,-34.091007 18.866294,-34.090328 18.867477,-34.089362 18.868923,-34.088351 18.86978,-34.08737 18.870482,-34.086751 18.868167,-34.084755 18.867727,-34.084748 18.866886,-34.08451</coordinates></LinearRing></outerBoundaryIs></Polygon>
  </Placemark>
  <Placemark id="Official_Planning_Suburbs.759">
	<name>WESTERDALE</name><description>25857189</description><styleUrl>#suburbStyle</styleUrl><Polygon><outerBoundaryIs><LinearRing><coordinates>18.616933,-33.808046 18.615153,-33.807793 18.612882,-33.804887 18.611334,-33.808261 18.612484,-33.808514 18.612136,-33.809801 18.612652,-33.811349 18.612011,-33.811541 18.617944,-33.81239 18.621381,-33.816864 18.623863,-33.814785 18.627034,-33.813009 18.629786,-33.812685 18.629808,-33.812638 18.62805,-33.811496 18.626356,-33.810705 18.625855,-33.810313 18.621779,-33.805543 18.617087,-33.808068 18.616933,-33.808046</coordinates></LinearRing></outerBoundaryIs></Polygon>
  </Placemark>
  <Placemark id="Official_Planning_Suburbs.760">
	<name>GREENVILLE GARDEN CITY</name><description>25857191</description><styleUrl>#suburbStyle</styleUrl><Polygon><outerBoundaryIs><LinearRing><coordinates>18.722831,-33.795091 18.722773,-33.794566 18.757103,-33.790912 18.760324,-33.786496 18.752449,-33.782595 18.746851,-33.774572 18.723372,-33.778592 18.713307,-33.790454 18.711065,-33.790759 18.710703,-33.793505 18.710468,-33.79378 18.709612,-33.801017 18.709734,-33.80241 18.710282,-33.803867 18.727143,-33.804329 18.724231,-33.796061 18.723286,-33.795772 18.723479,-33.795119 18.722839,-33.795161 18.722831,-33.795091</coordinates></LinearRing></outerBoundaryIs></Polygon>
  </Placemark>
  <Placemark id="Official_Planning_Suburbs.761">
	<name>CROYDON</name><description>25857192</description><styleUrl>#suburbStyle</styleUrl><Polygon><outerBoundaryIs><LinearRing><coordinates>18.754215,-34.03351 18.752874,-34.031165 18.750099,-34.033277 18.750206,-34.033395 18.750092,-34.033483 18.75042,-34.033796 18.750522,-34.033722 18.755362,-34.038437 18.75765,-34.040519 18.758444,-34.039943 18.758266,-34.039696 18.758663,-34.039415 18.756792,-34.037486 18.757016,-34.037418 18.755435,-34.035714 18.754878,-34.034836 18.754215,-34.03351</coordinates></LinearRing></outerBoundaryIs></Polygon>
  </Placemark>
  <Placemark id="Official_Planning_Suburbs.762">
	<name>WOODLANDS</name><description>25857197</description><styleUrl>#suburbStyle</styleUrl><Polygon><outerBoundaryIs><LinearRing><coordinates>18.601266,-34.034571 18.598419,-34.028541 18.594172,-34.028964 18.590481,-34.030374 18.58944,-34.030679 18.589682,-34.031415 18.589679,-34.032046 18.589385,-34.032776 18.589474,-34.032818 18.588939,-34.033536 18.588686,-34.034104 18.588716,-34.03471 18.589029,-34.035904 18.594012,-34.035347 18.59561,-34.037749 18.593669,-34.037926 18.593311,-34.038095 18.593572,-34.038475 18.593679,-34.038424 18.594118,-34.038833 18.594572,-34.039479 18.594648,-34.039443 18.594824,-34.039701 18.595044,-34.039598 18.596213,-34.04051 18.596884,-34.041784 18.59683,-34.042209 18.596581,-34.04229 18.597102,-34.043382 18.598859,-34.043 18.604345,-34.041159 18.601266,-34.034571</coordinates></LinearRing></outerBoundaryIs></Polygon>
  </Placemark>
  <Placemark id="Official_Planning_Suburbs.763">
	<name>LENTEGEUR</name><description>25857198</description><styleUrl>#suburbStyle</styleUrl><Polygon><outerBoundaryIs><LinearRing><coordinates>18.619732,-34.018956 18.618139,-34.018307 18.615723,-34.01695 18.614235,-34.017326 18.612328,-34.01764 18.609967,-34.01819 18.607773,-34.018872 18.607743,-34.018935 18.606776,-34.01893 18.606438,-34.01881 18.605983,-34.018806 18.60299,-34.019114 18.607525,-34.026498 18.608103,-34.027591 18.598419,-34.028541 18.604345,-34.041159 18.627819,-34.033283 18.629446,-34.032891 18.633529,-34.032502 18.633826,-34.032372 18.633024,-34.025628 18.629971,-34.025904 18.629831,-34.025552 18.629394,-34.021833 18.619772,-34.022613 18.617761,-34.019694 18.619934,-34.019516 18.619877,-34.019014 18.619732,-34.018956</coordinates></LinearRing></outerBoundaryIs></Polygon>
  </Placemark>
  <Placemark id="Official_Planning_Suburbs.764">
	<name>MANDALAY</name><description>25857199</description><styleUrl>#suburbStyle</styleUrl><Polygon><outerBoundaryIs><LinearRing><coordinates>18.632004,-34.016409 18.631126,-34.00874 18.631363,-34.008023 18.632114,-34.007152 18.63073,-34.00646 18.629098,-34.005236 18.62884,-34.005486 18.629121,-34.005565 18.622997,-34.01142 18.620269,-34.014213 18.619402,-34.014946 18.618106,-34.015864 18.61621,-34.016807 18.615561,-34.016386 18.615622,-34.01691 18.618139,-34.018307 18.619241,-34.018805 18.619877,-34.019014 18.619949,-34.019512 18.632259,-34.018501 18.632004,-34.016409</coordinates></LinearRing></outerBoundaryIs></Polygon>
  </Placemark>
  <Placemark id="Official_Planning_Suburbs.765">
	<name>PHILIPPI</name><description>5558462</description><styleUrl>#suburbStyle</styleUrl><Polygon><outerBoundaryIs><LinearRing><coordinates>18.621663,-33.999347 18.620895,-33.998788 18.619433,-33.998235 18.608808,-33.997098 18.607653,-33.997056 18.600053,-33.99794 18.593121,-33.999521 18.586954,-34.000752 18.585598,-34.000948 18.56741,-34.002461 18.561801,-34.002506 18.5606,-34.002355 18.554748,-34.001293 18.54672,-33.999488 18.544999,-33.99931 18.544139,-33.99932 18.527375,-34.000966 18.521457,-34.001894 18.522872,-34.00819 18.523027,-34.009231 18.523009,-34.010282 18.522198,-34.015909 18.522115,-34.017477 18.522265,-34.01864 18.523464,-34.023919 18.520791,-34.024276 18.520686,-34.024386 18.519551,-34.024567 18.519633,-34.024929 18.516838,-34.024577 18.514594,-34.024587 18.512606,-34.024706 18.512719,-34.025897 18.518279,-34.025802 18.51836,-34.025898 18.519406,-34.025702 18.519803,-34.025841 18.523757,-34.025196 18.525354,-34.032155 18.526955,-34.039858 18.526988,-34.040487 18.526797,-34.041559 18.527017,-34.042797 18.531508,-34.064664 18.531886,-34.065545 18.532656,-34.066596 18.538643,-34.072402 18.549992,-34.070003 18.550369,-34.069866 18.550524,-34.069952 18.565095,-34.066909 18.59319,-34.05857 18.587132,-34.052898 18.586234,-34.051534 18.579415,-34.039823 18.578275,-34.038359 18.577519,-34.037601 18.574939,-34.035421 18.573782,-34.034122 18.565286,-34.022016 18.56443,-34.0206 18.5619,-34.015493 18.561514,-34.01457 18.560862,-34.012586 18.560031,-34.009384 18.562568,-34.010438 18.562829,-34.010581 18.562816,-34.01099 18.563416,-34.010952 18.564106,-34.01148 18.5653,-34.012866 18.569134,-34.017953 18.573929,-34.024122 18.574202,-34.024253 18.57579,-34.024036 18.580727,-34.02317 18.602699,-34.019156 18.603982,-34.018971 18.605983,-34.018806 18.606438,-34.01881 18.606776,-34.01893 18.607743,-34.018935 18.607773,-34.018872 18.609967,-34.01819 18.612328,-34.01764 18.614235,-34.017326 18.615723,-34.01695 18.615622,-34.01691 18.615561,-34.016386 18.61621,-34.016807 18.618106,-34.015864 18.619278,-34.015047 18.620269,-34.014213 18.622997,-34.01142 18.629121,-34.005565 18.62884,-34.005486 18.632995,-34.00145 18.627362,-33.999243 18.622092,-33.999666 18.621663,-33.999347</coordinates></LinearRing></outerBoundaryIs><innerBoundaryIs><LinearRing><coordinates>18.596337,-34.003643 18.596387,-34.004074 18.597821,-34.003958 18.597934,-34.004918 18.598368,-34.005434 18.598943,-34.00574 18.59922,-34.00599 18.599491,-34.006561 18.599579,-34.007309 18.596507,-34.007551 18.596389,-34.007469 18.594195,-34.007579 18.59409,-34.006682 18.593517,-34.006727 18.593168,-34.003735 18.594388,-34.003636 18.596337,-34.003643</coordinates></LinearRing></innerBoundaryIs></Polygon>
  </Placemark>
  <Placemark id="Official_Planning_Suburbs.766">
	<name>MORGANS VILLAGE</name><description>25857196</description><styleUrl>#suburbStyle</styleUrl><Polygon><outerBoundaryIs><LinearRing><coordinates>18.591404,-34.039038 18.591278,-34.039024 18.590623,-34.038211 18.589803,-34.037832 18.589571,-34.038118 18.588271,-34.038825 18.589649,-34.042899 18.590485,-34.042804 18.591598,-34.042801 18.595292,-34.043399 18.596111,-34.043438 18.597102,-34.043382 18.596581,-34.04229 18.59683,-34.042209 18.596884,-34.041784 18.596213,-34.04051 18.595044,-34.039598 18.594824,-34.039701 18.594648,-34.039443 18.594572,-34.039479 18.594118,-34.038833 18.593679,-34.038424 18.593572,-34.038475 18.593236,-34.037999 18.592314,-34.038457 18.592051,-34.038687 18.591404,-34.039038</coordinates></LinearRing></outerBoundaryIs></Polygon>
  </Placemark>
  <Placemark id="Official_Planning_Suburbs.767">
	<name>CLARA ANNA FONTEIN</name><description>25857200</description><styleUrl>#suburbStyle</styleUrl><Polygon><outerBoundaryIs><LinearRing><coordinates>18.631615,-33.826015 18.635717,-33.822778 18.636354,-33.822582 18.63417,-33.81692 18.633692,-33.816031 18.633174,-33.815346 18.63004,-33.812655 18.627034,-33.813009 18.623863,-33.814785 18.621381,-33.816864 18.621736,-33.818826 18.626687,-33.823486 18.630487,-33.8269 18.631615,-33.826015</coordinates></LinearRing></outerBoundaryIs></Polygon>
  </Placemark>
  <Placemark id="Official_Planning_Suburbs.768">
	<name>WEDDERWILL ESTATE</name><description>25857201</description><styleUrl>#suburbStyle</styleUrl><Polygon><outerBoundaryIs><LinearRing><coordinates>18.918527,-34.110902 18.919575,-34.110193 18.920351,-34.109791 18.921391,-34.10962 18.922117,-34.10937 18.922795,-34.109005 18.924396,-34.10573 18.925552,-34.105082 18.927478,-34.104327 18.929404,-34.103451 18.929734,-34.103426 18.931463,-34.102529 18.933385,-34.101721 18.933994,-34.100345 18.937404,-34.097079 18.939766,-34.096356 18.947232,-34.093459 18.950104,-34.091052 18.911846,-34.09716 18.917355,-34.105838 18.918094,-34.110808 18.918527,-34.110902</coordinates></LinearRing></outerBoundaryIs></Polygon>
  </Placemark>
  <Placemark id="Official_Planning_Suburbs.769">
	<name>HARMONY VILLAGE</name><description>55112208</description><styleUrl>#suburbStyle</styleUrl><Polygon><outerBoundaryIs><LinearRing><coordinates>18.594962,-34.036774 18.594012,-34.035347 18.589029,-34.035904 18.589015,-34.03643 18.588889,-34.036818 18.588814,-34.036739 18.5885,-34.037226 18.590623,-34.038211 18.591278,-34.039024 18.591406,-34.039039 18.592051,-34.038687 18.592314,-34.038457 18.593236,-34.037999 18.593311,-34.038095 18.593669,-34.037926 18.59561,-34.037749 18.594962,-34.036774</coordinates></LinearRing></outerBoundaryIs></Polygon>
  </Placemark>
  <Placemark id="Official_Planning_Suburbs.770">
	<name>HELDERBERG RURAL</name><description>58806848</description><styleUrl>#suburbStyle</styleUrl><Polygon><outerBoundaryIs><LinearRing><coordinates>18.965061,-34.146105 18.966057,-34.140717 18.965208,-34.140003 18.961676,-34.139611 18.943903,-34.13824 18.935896,-34.141789 18.929126,-34.147909 18.911271,-34.155713 18.904406,-34.160071 18.902922,-34.160609 18.899971,-34.161955 18.898744,-34.162208 18.897492,-34.162373 18.894304,-34.163315 18.894219,-34.163251 18.894236,-34.163345 18.89343,-34.163743 18.892311,-34.163863 18.885461,-34.165913 18.883755,-34.16652 18.881886,-34.167358 18.880305,-34.169049 18.878288,-34.169532 18.874339,-34.17164 18.872549,-34.172104 18.871547,-34.172015 18.868954,-34.172973 18.866407,-34.173497 18.864183,-34.174182 18.862743,-34.175329 18.859586,-34.176692 18.855496,-34.177671 18.850744,-34.177993 18.844256,-34.17975 18.84295,-34.179695 18.841109,-34.180363 18.840392,-34.180392 18.838405,-34.181438 18.837679,-34.180321 18.836535,-34.180501 18.831005,-34.183841 18.828896,-34.185293 18.828163,-34.187319 18.826052,-34.187995 18.825202,-34.187746 18.819635,-34.194237 18.819945,-34.194171 18.82012,-34.19393 18.82053,-34.19376 18.82067,-34.19358 18.82087,-34.19354 18.82106,-34.19375 18.82107,-34.1939 18.82082,-34.1941 18.82047,-34.19476 18.82028,-34.19482 18.8201,-34.19513 18.82015,-34.1953 18.82,-34.1954 18.819961,-34.195551 18.82041,-34.19592 18.82045,-34.19612 18.82105,-34.19661 18.82168,-34.19755 18.82252,-34.1984 18.82259,-34.19905 18.82285,-34.19926 18.82317,-34.19936 18.82307,-34.19953 18.82346,-34.2 18.82374,-34.20012 18.82439,-34.20075 18.82445,-34.20089 18.82439,-34.20112 18.82457,-34.20126 18.82487,-34.2013 18.82493,-34.20115 18.82471,-34.20098 18.82459,-34.20073 18.82473,-34.20073 18.82526,-34.20117 18.82539,-34.20087 18.82556,-34.20092 18.825755,-34.20155 18.82615,-34.20237 18.82649,-34.20246 18.82675,-34.20278 18.82799,-34.20314 18.82823,-34.20336 18.82837,-34.20374 18.82805,-34.20381 18.82807,-34.20391 18.82824,-34.20399 18.82801,-34.2042 18.82799,-34.20431 18.82817,-34.20464 18.82839,-34.20465 18.82878,-34.20511 18.82892,-34.20514 18.82978,-34.20476 18.82994,-34.20484 18.83004,-34.20527 18.82994,-34.20547 18.83017,-34.20557 18.83011,-34.20588 18.83039,-34.20618 18.8303,-34.20634 18.83039,-34.20662 18.83056,-34.20674 18.83046,-34.20726 18.8306,-34.20743 18.83111,-34.20758 18.83163,-34.20742 18.83182,-34.20752 18.83182,-34.20796 18.83171,-34.20803 18.83165,-34.20832 18.8319,-34.20831 18.8318,-34.20864 18.83192,-34.20902 18.83176,-34.20902 18.8317,-34.2092 18.83156,-34.20916 18.83149,-34.20922 18.8317,-34.20959 18.83133,-34.20939 18.83133,-34.20954 18.83158,-34.2098 18.83151,-34.20988 18.83169,-34.21025 18.83219,-34.21042 18.83231,-34.21063 18.83264,-34.21069 18.83278,-34.21112 18.83327,-34.21124 18.83366,-34.21152 18.83374,-34.2117 18.83302,-34.21246 18.83269,-34.2125 18.83259,-34.21229 18.83247,-34.21224 18.832295,-34.21254 18.832413,-34.21307 18.832322,-34.213162 18.832325,-34.21338 18.832568,-34.213552 18.832595,-34.21365 18.83225,-34.21395 18.83246,-34.21414 18.83254,-34.21453 18.8329,-34.21462 18.83261,-34.21478 18.83264,-34.21495 18.83243,-34.21511 18.83215,-34.21519 18.8323,-34.21529 18.8323,-34.21541 18.8317,-34.21543 18.83169,-34.2156 18.83143,-34.21558 18.8316,-34.21577 18.83143,-34.21579 18.83133,-34.21595 18.83111,-34.216 18.83098,-34.21587 18.83074,-34.21603 18.83071,-34.21628 18.83037,-34.21643 18.8305,-34.21682 18.83033,-34.2167 18.83026,-34.21673 18.83051,-34.21695 18.8303,-34.21704 18.83026,-34.21714 18.83068,-34.21723 18.83082,-34.21739 18.83084,-34.21763 18.83107,-34.21774 18.83118,-34.21793 18.83183,-34.21822 18.83155,-34.21822 18.8315,-34.21833 18.83174,-34.21858 18.83218,-34.2187 18.83263,-34.21913 18.83301,-34.2193 18.83344,-34.21916 18.83354,-34.2192 18.83346,-34.21937 18.83355,-34.2195 18.83376,-34.2195 18.83441,-34.21911 18.83454,-34.21921 18.83397,-34.21981 18.8339,-34.21977 18.83384,-34.21982 18.83386,-34.21995 18.83398,-34.22 18.83396,-34.22009 18.83377,-34.22023 18.83352,-34.22023 18.83369,-34.22046 18.83355,-34.22053 18.83329,-34.22045 18.83312,-34.22051 18.83315,-34.22092 18.83324,-34.22092 18.83338,-34.22069 18.83352,-34.22066 18.8336,-34.22083 18.83357,-34.22109 18.83365,-34.22113 18.83382,-34.22081 18.83396,-34.22068 18.83407,-34.22073 18.83401,-34.22105 18.83413,-34.22123 18.83411,-34.22146 18.83443,-34.22154 18.83455,-34.22166 18.83466,-34.2218 18.83464,-34.22203 18.83489,-34.22204 18.83493,-34.22215 18.83527,-34.2224 18.83549,-34.22248 18.83589,-34.22234 18.83597,-34.22295 18.83666,-34.22353 18.83708,-34.22378 18.83715,-34.22395 18.83748,-34.22389 18.83763,-34.22407 18.83795,-34.22387 18.83799,-34.22366 18.8381,-34.22365 18.83816,-34.22373 18.83802,-34.22415 18.83823,-34.22454 18.83833,-34.22448 18.83824,-34.22434 18.83833,-34.2242 18.83844,-34.2242 18.8385,-34.22438 18.83867,-34.22443 18.8389,-34.22425 18.83903,-34.22429 18.83907,-34.2244 18.83894,-34.22454 18.839,-34.22469 18.83881,-34.22491 18.83993,-34.22525 18.84035,-34.22516 18.84046,-34.2252 18.84054,-34.22562 18.84074,-34.22575 18.8408,-34.22601 18.84102,-34.22594 18.84121,-34.22601 18.84139,-34.22622 18.84124,-34.22664 18.84171,-34.22732 18.84267,-34.22809 18.84297,-34.22817 18.84302,-34.22834 18.84337,-34.22865 18.84381,-34.22888 18.84488,-34.22991 18.84515,-34.23033 18.84571,-34.23064 18.84649,-34.23125 18.84718,-34.23185 18.84821,-34.23294 18.84862,-34.23323 18.85009,-34.23505 18.85096,-34.23587 18.85178,-34.23681 18.85277,-34.2381 18.85309,-34.23886 18.85296,-34.23901 18.85317,-34.23919 18.85354,-34.24034 18.85341,-34.24107 18.85362,-34.24182 18.85313,-34.24309 18.85317,-34.2433 18.85269,-34.24382 18.85248,-34.24448 18.85269,-34.24453 18.85286,-34.24469 18.85285,-34.24499 18.8527,-34.24513 18.85277,-34.2452 18.85345,-34.24524 18.85395,-34.24548 18.85405,-34.24565 18.85453,-34.24583 18.85481,-34.24621 18.85495,-34.24698 18.85462,-34.24739 18.85471,-34.24793 18.85433,-34.24797 18.854136,-34.248143 18.853982,-34.248379 18.85395,-34.24895 18.85429,-34.24929 18.85438,-34.24952 18.85478,-34.24985 18.85506,-34.25021 18.85559,-34.25124 18.85573,-34.25153 18.8557,-34.25198 18.85577,-34.25225 18.85593,-34.25235 18.85589,-34.2528 18.85557,-34.25365 18.85526,-34.25495 18.85499,-34.25534 18.85485,-34.25577 18.85445,-34.2563 18.85443,-34.25759 18.85381,-34.25851 18.85369,-34.25917 18.85262,-34.26068 18.85251,-34.26128 18.85236,-34.26153 18.85242,-34.26214 18.85271,-34.26271 18.85256,-34.26361 18.85205,-34.26425 18.85193,-34.26429 18.85139,-34.26505 18.85103,-34.26595 18.84982,-34.26671 18.84802,-34.26801 18.84726,-34.26824 18.84705,-34.26838 18.84594,-34.26938 18.845815,-34.26959 18.850178,-34.270327 18.865434,-34.264114 18.867684,-34.257379 18.880232,-34.248185 18.87534,-34.229398 18.888177,-34.232455 18.891832,-34.234048 18.892925,-34.234282 18.900449,-34.227467 18.90041,-34.225745 18.89969,-34.2235 18.898566,-34.220779 18.899443,-34.216862 18.908365,-34.217039 18.910776,-34.213261 18.913897,-34.210874 18.920251,-34.212187 18.923362,-34.209758 18.928217,-34.206726 18.928424,-34.204904 18.930706,-34.203527 18.930265,-34.201479 18.929134,-34.201527 18.929775,-34.19764 18.930624,-34.197136 18.931048,-34.195895 18.934405,-34.196649 18.941852,-34.188892 18.954427,-34.183807 18.954264,-34.173632 18.962476,-34.177722 18.980274,-34.154992 18.963815,-34.152937 18.965061,-34.146105</coordinates></LinearRing></outerBoundaryIs></Polygon>
  </Placemark>
  <Placemark id="Official_Planning_Suburbs.771">
	<name>MILNERTON</name><description>5558467</description><styleUrl>#suburbStyle</styleUrl><Polygon><outerBoundaryIs><LinearRing><coordinates>18.54126,-33.829463 18.541695,-33.828312 18.541479,-33.82799 18.53207,-33.832278 18.531631,-33.831607 18.527477,-33.83036 18.526195,-33.833274 18.525853,-33.834405 18.520984,-33.83313 18.520157,-33.836399 18.519658,-33.837026 18.518815,-33.838512 18.518173,-33.839465 18.517422,-33.840355 18.516986,-33.840078 18.516055,-33.839734 18.514843,-33.839561 18.513942,-33.839661 18.512782,-33.840585 18.511691,-33.840112 18.511073,-33.839399 18.511169,-33.839356 18.49871,-33.838414 18.492113,-33.834747 18.491743,-33.834148 18.490489,-33.834153 18.489264,-33.831678 18.488776,-33.831695 18.48832,-33.830774 18.486731,-33.830867 18.484917,-33.830336 18.484502,-33.831739 18.484274,-33.832876 18.484254,-33.833613 18.484384,-33.834905 18.48468,-33.835895 18.487833,-33.843601 18.488026,-33.843963 18.488258,-33.843927 18.489414,-33.845407 18.494513,-33.849578 18.495199,-33.850318 18.496192,-33.851991 18.49653,-33.852877 18.497006,-33.855203 18.497223,-33.855844 18.497519,-33.856344 18.494469,-33.857527 18.492614,-33.859296 18.491574,-33.860779 18.49154,-33.861226 18.491624,-33.861543 18.491306,-33.861594 18.491352,-33.86177 18.491675,-33.861719 18.491883,-33.861898 18.491725,-33.864583 18.492356,-33.866949 18.491995,-33.866913 18.490932,-33.867194 18.490979,-33.867657 18.491539,-33.868373 18.491373,-33.868488 18.491389,-33.869091 18.492581,-33.870415 18.493313,-33.870921 18.492545,-33.871512 18.492413,-33.871416 18.49211,-33.871366 18.490241,-33.872464 18.489855,-33.872771 18.489725,-33.872663 18.490769,-33.867728 18.490716,-33.867193 18.490622,-33.867199 18.490515,-33.867005 18.490624,-33.866717 18.490127,-33.863126 18.490596,-33.862353 18.491141,-33.861806 18.491097,-33.861641 18.489309,-33.861912 18.488866,-33.861883 18.488831,-33.862958 18.489249,-33.866754 18.488852,-33.871965 18.488698,-33.87246 18.488633,-33.873299 18.488247,-33.875184 18.488143,-33.87618 18.486318,-33.881711 18.48432,-33.886638 18.482963,-33.889171 18.482235,-33.890242 18.481694,-33.891269 18.482361,-33.891382 18.48241,-33.891281 18.483309,-33.891305 18.48502,-33.890884 18.485427,-33.890703 18.485706,-33.890693 18.490934,-33.892225 18.491477,-33.892261 18.493001,-33.892134 18.493172,-33.892187 18.494944,-33.887057 18.495545,-33.883686 18.495822,-33.882988 18.496157,-33.882433 18.508671,-33.866128 18.515564,-33.856253 18.519378,-33.850265 18.521842,-33.85102 18.522815,-33.851414 18.527133,-33.852852 18.528211,-33.853474 18.528655,-33.853889 18.529587,-33.855066 18.531353,-33.855309 18.532736,-33.848236 18.533255,-33.846477 18.534629,-33.842623 18.539724,-33.82971 18.539884,-33.829532 18.540185,-33.829672 18.540655,-33.830774 18.540636,-33.83096 18.54126,-33.829463</coordinates></LinearRing></outerBoundaryIs><innerBoundaryIs><LinearRing><coordinates>18.515691,-33.84807 18.516388,-33.848986 18.515385,-33.850708 18.515481,-33.851003 18.514616,-33.851812 18.514461,-33.851696 18.513514,-33.85258 18.513378,-33.852762 18.5135,-33.852853 18.511786,-33.854455 18.513741,-33.855497 18.507394,-33.86378 18.509244,-33.864763 18.509336,-33.864745 18.508446,-33.865855 18.50179,-33.862342 18.501615,-33.862176 18.502012,-33.860788 18.501796,-33.860724 18.501957,-33.860064 18.500655,-33.859252 18.500839,-33.858485 18.502166,-33.856375 18.504107,-33.854401 18.506782,-33.852993 18.50865,-33.85026 18.51111,-33.848637 18.514474,-33.848089 18.51555,-33.848145 18.515691,-33.84807</coordinates></LinearRing></innerBoundaryIs></Polygon>
  </Placemark>
  <Placemark id="Official_Planning_Suburbs.772">
	<name>TWIN PALMS</name><description>75143137</description><styleUrl>#suburbStyle</styleUrl><Polygon><outerBoundaryIs><LinearRing><coordinates>18.842745,-34.11521 18.843133,-34.115029 18.843344,-34.114694 18.84348,-34.114615 18.842984,-34.114004 18.842752,-34.112707 18.842035,-34.112816 18.840762,-34.113232 18.839327,-34.113402 18.835255,-34.115273 18.836152,-34.116527 18.836095,-34.116796 18.836209,-34.116961 18.836198,-34.117141 18.836715,-34.117873 18.837273,-34.117585 18.837501,-34.117893 18.837825,-34.117728 18.838025,-34.11807 18.838372,-34.118069 18.839009,-34.117744 18.839688,-34.117177 18.839853,-34.117193 18.839937,-34.117058 18.841073,-34.116399 18.840977,-34.116043 18.841458,-34.115874 18.841331,-34.115625 18.842111,-34.115349 18.84214,-34.115268 18.842351,-34.115393 18.842745,-34.11521</coordinates></LinearRing></outerBoundaryIs></Polygon>
  </Placemark>
  <Placemark id="Official_Planning_Suburbs.773">
	<name>AAN DE WIJNLANDEN ESTATE</name><description>79119452</description><styleUrl>#suburbStyle</styleUrl><Polygon><outerBoundaryIs><LinearRing><coordinates>18.736517,-34.004297 18.73495,-34.005497 18.735728,-34.008686 18.739379,-34.015993 18.739383,-34.016163 18.741712,-34.020619 18.743204,-34.019587 18.741446,-34.018015 18.740885,-34.016927 18.740869,-34.016633 18.740317,-34.015105 18.740341,-34.011824 18.740487,-34.010573 18.740973,-34.008816 18.740711,-34.007754 18.740716,-34.007074 18.742264,-34.006889 18.742566,-34.005986 18.739473,-34.005133 18.739459,-34.005218 18.737425,-34.004378 18.737226,-34.004655 18.736517,-34.004297</coordinates></LinearRing></outerBoundaryIs></Polygon>
  </Placemark>
  <Placemark id="Official_Planning_Suburbs.774">
	<name>JACOBSDAL SMALLHOLDINGS</name><description>5558101</description><styleUrl>#suburbStyle</styleUrl><Polygon><outerBoundaryIs><LinearRing><coordinates>18.715028,-33.964115 18.714099,-33.962388 18.709013,-33.964549 18.707708,-33.962423 18.707701,-33.962892 18.707906,-33.962903 18.707799,-33.964385 18.707597,-33.966013 18.707133,-33.968331 18.707695,-33.969194 18.707254,-33.969432 18.707285,-33.96948 18.705975,-33.970154 18.706355,-33.971065 18.709322,-33.974888 18.709564,-33.974773 18.715176,-33.982053 18.715266,-33.982013 18.715892,-33.982969 18.717423,-33.984925 18.718619,-33.986767 18.719787,-33.986278 18.719229,-33.985694 18.719844,-33.985347 18.718779,-33.98413 18.719344,-33.983826 18.715223,-33.978378 18.714963,-33.978505 18.713973,-33.977163 18.713025,-33.97751 18.712288,-33.976512 18.708351,-33.970485 18.714731,-33.968143 18.715839,-33.966278 18.716075,-33.966061 18.715028,-33.964115</coordinates></LinearRing></outerBoundaryIs></Polygon>
  </Placemark>
  <Placemark id="Official_Planning_Suburbs.775">
	<name>FOREST VILLAGE</name><description>5558153</description><styleUrl>#suburbStyle</styleUrl><Polygon><outerBoundaryIs><LinearRing><coordinates>18.711368,-34.00787 18.710858,-34.007089 18.709159,-34.007874 18.709083,-34.007755 18.708657,-34.008051 18.700332,-34.011871 18.699084,-34.012319 18.698123,-34.012403 18.692911,-34.011928 18.692845,-34.013268 18.691599,-34.022058 18.702382,-34.027337 18.720131,-34.026653 18.725019,-34.026632 18.723158,-34.023842 18.721671,-34.023592 18.720161,-34.023144 18.707911,-34.018822 18.706437,-34.018393 18.706883,-34.017531 18.708138,-34.017929 18.708639,-34.016483 18.708903,-34.016544 18.708882,-34.016604 18.710722,-34.016954 18.710729,-34.015004 18.710446,-34.014992 18.710472,-34.01435 18.710039,-34.014273 18.710276,-34.013688 18.710258,-34.01326 18.710029,-34.01291 18.710113,-34.012688 18.713509,-34.011151 18.711368,-34.00787</coordinates></LinearRing></outerBoundaryIs></Polygon>
  </Placemark>
  <Placemark id="Official_Planning_Suburbs.776">
	<name>FAURE</name><description>87709461</description><styleUrl>#suburbStyle</styleUrl><Polygon><outerBoundaryIs><LinearRing><coordinates>18.752634,-34.030723 18.75207,-34.029683 18.751793,-34.029615 18.751023,-34.028215 18.750623,-34.027828 18.749773,-34.027445 18.749823,-34.027362 18.749516,-34.027224 18.749601,-34.027044 18.748425,-34.02637 18.746279,-34.025654 18.746218,-34.02552 18.744428,-34.024817 18.744121,-34.02438 18.742014,-34.025444 18.743736,-34.026311 18.743476,-34.026418 18.746511,-34.031075 18.747293,-34.030723 18.747376,-34.030767 18.746996,-34.031337 18.746888,-34.031801 18.746928,-34.032342 18.746764,-34.033682 18.74652,-34.033964 18.746073,-34.034222 18.745788,-34.034528 18.745559,-34.03496 18.749594,-34.036422 18.749888,-34.036328 18.750389,-34.035503 18.751459,-34.034613 18.750522,-34.033722 18.75042,-34.033796 18.750092,-34.033483 18.750206,-34.033395 18.750099,-34.033277 18.752874,-34.031165 18.752634,-34.030723</coordinates></LinearRing></outerBoundaryIs></Polygon>
  </Placemark>
  <Placemark id="Official_Planning_Suburbs.777">
	<name>HELDERBERG VILLAGE</name><description>22166988</description><styleUrl>#suburbStyle</styleUrl><Polygon><outerBoundaryIs><LinearRing><coordinates>18.820435,-34.047422 18.822024,-34.045185 18.823836,-34.042059 18.818935,-34.039699 18.813172,-34.045337 18.813254,-34.045446 18.809759,-34.047713 18.809716,-34.047641 18.808987,-34.048106 18.807078,-34.050084 18.80519,-34.05121 18.804966,-34.05127 18.812641,-34.051243 18.812635,-34.050639 18.81324,-34.049137 18.816679,-34.049849 18.817774,-34.05126 18.817872,-34.051259 18.817858,-34.051151 18.818847,-34.049787 18.818827,-34.049683 18.820435,-34.047422</coordinates></LinearRing></outerBoundaryIs></Polygon>
  </Placemark>
  <Placemark id="Official_Planning_Suburbs.778">
	<name>MONTCLAIR</name><description>92951258</description><styleUrl>#suburbStyle</styleUrl><Polygon><outerBoundaryIs><LinearRing><coordinates>18.632298,-34.018827 18.632259,-34.018501 18.617761,-34.019694 18.619772,-34.022613 18.629394,-34.021833 18.629831,-34.025552 18.629971,-34.025904 18.633024,-34.025628 18.632298,-34.018827</coordinates></LinearRing></outerBoundaryIs></Polygon>
  </Placemark>
</Folder>
<Style id="suburbStyle"><LineStyle><color>ffF39621</color><width>2</width></LineStyle><PolyStyle><color>59F39621</color></PolyStyle></Style></Document></kml>